-- Adminer 4.3.1 MySQL dump

SET NAMES utf8;
SET time_zone = '+00:00';
SET foreign_key_checks = 0;
SET sql_mode = 'NO_AUTO_VALUE_ON_ZERO';

DROP TABLE IF EXISTS `esi_activities`;
CREATE TABLE `esi_activities` (
  `id` int(10) unsigned NOT NULL AUTO_INCREMENT,
  `author_id` int(11) NOT NULL,
  `activitied_id` int(11) NOT NULL,
  `activitied_type` varchar(255) COLLATE utf8_unicode_ci NOT NULL,
  `created_at` timestamp NOT NULL DEFAULT '0000-00-00 00:00:00',
  `updated_at` timestamp NOT NULL DEFAULT '0000-00-00 00:00:00',
  `read_at` datetime DEFAULT NULL,
  `context` varchar(255) COLLATE utf8_unicode_ci NOT NULL DEFAULT '',
  PRIMARY KEY (`id`)
) ENGINE=InnoDB DEFAULT CHARSET=utf8 COLLATE=utf8_unicode_ci;

INSERT INTO `esi_activities` (`id`, `author_id`, `activitied_id`, `activitied_type`, `created_at`, `updated_at`, `read_at`, `context`) VALUES
(447,	149,	262,	'App\\Video',	'2018-01-23 14:05:12',	'2018-01-23 14:05:12',	NULL,	''),
(450,	1,	35,	'App\\LessonPlan',	'2018-01-23 14:49:47',	'2018-04-12 13:53:31',	'2018-04-12 13:53:31',	''),
(454,	1,	263,	'App\\Video',	'2018-01-24 11:57:50',	'2018-04-12 13:53:31',	'2018-04-12 13:53:31',	''),
(459,	1,	263,	'App\\Video',	'2018-01-24 12:06:33',	'2018-04-12 13:53:31',	'2018-04-12 13:53:31',	'deleted'),
(460,	1,	264,	'App\\Video',	'2018-01-24 12:16:14',	'2018-01-24 12:16:14',	NULL,	''),
(464,	1,	63,	'App\\VideoDiscussion',	'2018-01-24 12:17:24',	'2018-04-12 13:53:31',	'2018-04-12 13:53:31',	''),
(465,	1,	265,	'App\\Video',	'2018-01-24 12:24:22',	'2018-01-24 12:24:22',	NULL,	''),
(500,	1,	266,	'App\\Video',	'2018-01-24 15:08:35',	'2018-01-24 15:08:35',	NULL,	''),
(503,	149,	90,	'App\\VideoDiscussionQuestionAnswer',	'2018-01-24 15:19:37',	'2018-04-16 10:32:54',	'2018-04-16 10:32:54',	'response'),
(504,	1,	91,	'App\\VideoDiscussionQuestionAnswer',	'2018-01-24 15:23:23',	'2018-04-12 13:53:31',	'2018-04-12 13:53:31',	'response'),
(505,	150,	267,	'App\\Video',	'2018-01-24 15:28:05',	'2018-01-24 15:28:05',	NULL,	''),
(506,	150,	106,	'App\\UserShare',	'2018-01-24 15:28:24',	'2018-04-16 10:32:54',	'2018-04-16 10:32:54',	''),
(507,	150,	107,	'App\\UserShare',	'2018-01-24 15:33:15',	'2018-04-16 10:32:54',	'2018-04-16 10:32:54',	''),
(510,	1,	128,	'App\\ProgressBar',	'2018-01-24 16:14:45',	'2018-04-12 13:53:31',	'2018-04-12 13:53:31',	'updated'),
(511,	1,	131,	'App\\ProgressBar',	'2018-01-24 16:27:08',	'2018-04-11 10:45:52',	'2018-04-11 10:45:52',	'updated'),
(512,	1,	131,	'App\\ProgressBar',	'2018-01-24 16:32:47',	'2018-04-11 10:45:52',	'2018-04-11 10:45:52',	'updated'),
(513,	1,	132,	'App\\ProgressBar',	'2018-01-24 16:39:37',	'2018-04-11 10:45:52',	'2018-04-11 10:45:52',	'updated'),
(514,	1,	132,	'App\\ProgressBar',	'2018-01-24 16:41:19',	'2018-04-11 10:45:52',	'2018-04-11 10:45:52',	'updated'),
(515,	1,	86,	'App\\ProgressBarStepProgress',	'2018-01-24 16:41:47',	'2018-04-12 13:53:31',	'2018-04-12 13:53:31',	'completed'),
(516,	1,	87,	'App\\ProgressBarStepProgress',	'2018-01-24 16:42:10',	'2018-04-11 10:45:52',	'2018-04-11 10:45:52',	'completed'),
(517,	1,	88,	'App\\ProgressBarStepProgress',	'2018-01-24 16:42:33',	'2018-04-11 10:45:52',	'2018-04-11 10:45:52',	'completed'),
(518,	1,	89,	'App\\ProgressBarStepProgress',	'2018-01-24 16:42:45',	'2018-04-11 10:45:52',	'2018-04-11 10:45:52',	'completed'),
(519,	1,	90,	'App\\ProgressBarStepProgress',	'2018-01-24 16:42:58',	'2018-04-11 10:45:52',	'2018-04-11 10:45:52',	'completed'),
(520,	1,	91,	'App\\ProgressBarStepProgress',	'2018-01-24 16:43:09',	'2018-04-11 10:45:52',	'2018-04-11 10:45:52',	'completed'),
(521,	1,	92,	'App\\ProgressBarStepProgress',	'2018-01-24 16:43:29',	'2018-04-11 10:45:52',	'2018-04-11 10:45:52',	'completed'),
(522,	1,	108,	'App\\UserShare',	'2018-01-24 16:43:46',	'2018-01-24 16:43:46',	NULL,	''),
(523,	1,	268,	'App\\Video',	'2018-01-25 08:54:07',	'2018-01-25 08:54:07',	NULL,	''),
(524,	1,	269,	'App\\Video',	'2018-01-25 09:07:24',	'2018-01-25 09:07:24',	NULL,	''),
(525,	1,	270,	'App\\Video',	'2018-01-25 09:10:23',	'2018-01-25 09:10:23',	NULL,	''),
(526,	1,	271,	'App\\Video',	'2018-01-25 10:01:03',	'2018-01-25 10:01:03',	NULL,	''),
(527,	1,	272,	'App\\Video',	'2018-01-25 10:12:05',	'2018-04-11 10:45:52',	'2018-04-11 10:45:52',	''),
(528,	1,	272,	'App\\Video',	'2018-01-25 10:13:49',	'2018-04-11 10:45:52',	'2018-04-11 10:45:52',	'deleted'),
(529,	1,	273,	'App\\Video',	'2018-01-25 10:21:48',	'2018-01-25 10:21:48',	NULL,	''),
(530,	1,	134,	'App\\ProgressBar',	'2018-01-25 10:28:56',	'2018-04-11 10:45:52',	'2018-04-11 10:45:52',	'updated'),
(531,	1,	134,	'App\\ProgressBar',	'2018-01-25 10:30:27',	'2018-04-11 10:45:52',	'2018-04-11 10:45:52',	'updated'),
(532,	1,	134,	'App\\ProgressBar',	'2018-01-25 10:30:52',	'2018-04-11 10:45:52',	'2018-04-11 10:45:52',	'updated'),
(533,	1,	135,	'App\\ProgressBar',	'2018-01-25 10:42:23',	'2018-04-11 10:45:52',	'2018-04-11 10:45:52',	'updated'),
(534,	1,	135,	'App\\ProgressBar',	'2018-01-25 10:54:16',	'2018-04-11 10:45:52',	'2018-04-11 10:45:52',	'updated'),
(535,	1,	132,	'App\\ProgressBar',	'2018-01-25 10:59:25',	'2018-04-11 10:45:52',	'2018-04-11 10:45:52',	'updated'),
(536,	1,	93,	'App\\ProgressBarStepProgress',	'2018-01-25 10:59:47',	'2018-04-11 10:45:52',	'2018-04-11 10:45:52',	'completed'),
(537,	1,	274,	'App\\Video',	'2018-01-25 11:06:08',	'2018-01-25 11:06:08',	NULL,	''),
(538,	1,	135,	'App\\ProgressBar',	'2018-01-25 11:11:10',	'2018-04-11 10:45:52',	'2018-04-11 10:45:52',	'updated'),
(539,	1,	135,	'App\\ProgressBar',	'2018-01-25 11:12:07',	'2018-04-11 10:45:52',	'2018-04-11 10:45:52',	'updated'),
(540,	1,	135,	'App\\ProgressBar',	'2018-01-25 11:12:36',	'2018-04-11 10:45:52',	'2018-04-11 10:45:52',	'updated'),
(541,	1,	135,	'App\\ProgressBar',	'2018-01-25 11:13:03',	'2018-04-11 10:45:52',	'2018-04-11 10:45:52',	'updated'),
(542,	1,	135,	'App\\ProgressBar',	'2018-01-25 11:14:24',	'2018-04-11 10:45:52',	'2018-04-11 10:45:52',	'updated'),
(543,	1,	275,	'App\\Video',	'2018-01-25 11:22:35',	'2018-01-25 11:22:35',	NULL,	''),
(544,	1,	136,	'App\\ProgressBar',	'2018-01-25 11:23:01',	'2018-04-11 10:45:52',	'2018-04-11 10:45:52',	'updated'),
(545,	1,	94,	'App\\ProgressBarStepProgress',	'2018-01-25 11:23:06',	'2018-04-11 10:45:52',	'2018-04-11 10:45:52',	'completed'),
(546,	1,	276,	'App\\Video',	'2018-01-25 11:27:55',	'2018-01-25 11:27:55',	NULL,	''),
(547,	1,	277,	'App\\Video',	'2018-01-25 11:29:14',	'2018-01-25 11:29:14',	NULL,	''),
(548,	1,	278,	'App\\Video',	'2018-01-25 11:34:09',	'2018-01-25 11:34:09',	NULL,	''),
(549,	1,	279,	'App\\Video',	'2018-01-25 11:34:32',	'2018-01-25 11:34:32',	NULL,	''),
(550,	1,	135,	'App\\ProgressBar',	'2018-01-25 11:35:54',	'2018-04-11 10:45:52',	'2018-04-11 10:45:52',	'updated'),
(551,	1,	280,	'App\\Video',	'2018-01-25 11:41:04',	'2018-01-25 11:41:04',	NULL,	''),
(552,	1,	135,	'App\\ProgressBar',	'2018-01-25 11:42:27',	'2018-04-11 10:45:52',	'2018-04-11 10:45:52',	'updated'),
(553,	1,	135,	'App\\ProgressBar',	'2018-01-25 11:46:13',	'2018-04-11 10:45:52',	'2018-04-11 10:45:52',	'updated'),
(554,	1,	135,	'App\\ProgressBar',	'2018-01-25 11:46:37',	'2018-04-11 10:45:52',	'2018-04-11 10:45:52',	'updated'),
(555,	1,	95,	'App\\ProgressBarStepProgress',	'2018-01-25 11:56:33',	'2018-04-11 10:45:52',	'2018-04-11 10:45:52',	'completed'),
(556,	1,	135,	'App\\ProgressBar',	'2018-01-25 11:56:59',	'2018-04-11 10:45:52',	'2018-04-11 10:45:52',	'updated'),
(557,	1,	75,	'App\\VideoDiscussion',	'2018-01-25 12:13:59',	'2018-04-11 10:45:52',	'2018-04-11 10:45:52',	''),
(558,	1,	92,	'App\\VideoDiscussionQuestionAnswer',	'2018-01-25 12:15:46',	'2018-04-11 10:45:52',	'2018-04-11 10:45:52',	'response'),
(759,	1,	76,	'App\\VideoDiscussion',	'2018-01-25 14:46:32',	'2018-04-11 10:45:52',	'2018-04-11 10:45:52',	''),
(783,	1,	474,	'App\\ProgressBarStep',	'2018-01-25 15:10:45',	'2018-04-11 10:45:52',	'2018-04-11 10:45:52',	'due-today'),
(784,	1,	471,	'App\\ProgressBarStep',	'2018-01-25 15:10:45',	'2018-04-11 10:45:52',	'2018-04-11 10:45:52',	'due-today'),
(785,	1,	494,	'App\\ProgressBarStep',	'2018-01-25 15:13:38',	'2018-04-11 10:45:52',	'2018-04-11 10:45:52',	'due-today'),
(786,	1,	137,	'App\\ProgressBar',	'2018-01-25 15:13:40',	'2018-04-11 10:45:52',	'2018-04-11 10:45:52',	'updated'),
(787,	1,	495,	'App\\ProgressBarStep',	'2018-01-25 15:16:47',	'2018-04-12 13:53:31',	'2018-04-12 13:53:31',	'due-today'),
(788,	1,	137,	'App\\ProgressBar',	'2018-01-25 15:16:48',	'2018-04-11 10:45:52',	'2018-04-11 10:45:52',	'updated'),
(789,	1,	137,	'App\\ProgressBar',	'2018-01-25 15:18:49',	'2018-04-11 10:45:52',	'2018-04-11 10:45:52',	'updated'),
(790,	1,	496,	'App\\ProgressBarStep',	'2018-01-25 15:19:12',	'2018-04-12 13:53:31',	'2018-04-12 13:53:31',	'due-today'),
(791,	1,	137,	'App\\ProgressBar',	'2018-01-25 15:47:05',	'2018-04-11 10:45:52',	'2018-04-11 10:45:52',	'updated'),
(792,	149,	96,	'App\\ProgressBarStepProgress',	'2018-01-25 15:48:54',	'2018-04-16 10:32:54',	'2018-04-16 10:32:54',	'started'),
(793,	1,	137,	'App\\ProgressBar',	'2018-01-25 16:05:58',	'2018-04-11 10:45:52',	'2018-04-11 10:45:52',	'updated'),
(804,	149,	107,	'App\\ProgressBarStepProgress',	'2018-01-25 16:13:46',	'2018-04-16 10:32:54',	'2018-04-16 10:32:54',	'started'),
(805,	1,	77,	'App\\VideoDiscussion',	'2018-01-25 16:15:20',	'2018-04-11 10:45:52',	'2018-04-11 10:45:52',	''),
(806,	1,	93,	'App\\VideoDiscussionQuestionAnswer',	'2018-01-25 16:15:30',	'2018-04-11 10:45:52',	'2018-04-11 10:45:52',	'response'),
(807,	1,	93,	'App\\VideoDiscussionQuestionAnswer',	'2018-01-25 16:15:39',	'2018-04-11 10:45:52',	'2018-04-11 10:45:52',	'comment'),
(808,	1,	93,	'App\\VideoDiscussionQuestionAnswer',	'2018-01-25 16:15:51',	'2018-04-11 10:45:52',	'2018-04-11 10:45:52',	'comment'),
(809,	1,	94,	'App\\VideoDiscussionQuestionAnswer',	'2018-01-25 16:17:01',	'2018-04-11 10:45:52',	'2018-04-11 10:45:52',	'response'),
(810,	1,	94,	'App\\VideoDiscussionQuestionAnswer',	'2018-01-25 16:17:10',	'2018-04-11 10:45:52',	'2018-04-11 10:45:52',	'comment'),
(811,	1,	94,	'App\\VideoDiscussionQuestionAnswer',	'2018-01-25 16:17:18',	'2018-04-11 10:45:52',	'2018-04-11 10:45:52',	'comment'),
(812,	1,	499,	'App\\ProgressBarStep',	'2018-01-29 10:47:36',	'2018-04-11 10:45:52',	'2018-04-11 10:45:52',	'due-today'),
(813,	1,	138,	'App\\ProgressBar',	'2018-01-29 10:47:39',	'2018-04-12 13:53:31',	'2018-04-12 13:53:31',	'updated'),
(814,	1,	500,	'App\\ProgressBarStep',	'2018-01-29 10:48:10',	'2018-04-11 10:45:52',	'2018-04-11 10:45:52',	'due-today'),
(815,	1,	138,	'App\\ProgressBar',	'2018-01-29 10:48:16',	'2018-04-12 13:53:31',	'2018-04-12 13:53:31',	'updated'),
(816,	1,	501,	'App\\ProgressBarStep',	'2018-01-29 10:52:43',	'2018-04-11 10:45:52',	'2018-04-11 10:45:52',	'due-today'),
(817,	1,	502,	'App\\ProgressBarStep',	'2018-01-29 10:52:51',	'2018-04-11 10:45:52',	'2018-04-11 10:45:52',	'due-today'),
(818,	1,	503,	'App\\ProgressBarStep',	'2018-01-29 10:54:16',	'2018-04-11 10:45:52',	'2018-04-11 10:45:52',	'due-today'),
(819,	1,	504,	'App\\ProgressBarStep',	'2018-01-29 10:55:15',	'2018-04-11 10:45:52',	'2018-04-11 10:45:52',	'due-today'),
(820,	1,	506,	'App\\ProgressBarStep',	'2018-01-29 10:57:20',	'2018-04-11 10:45:52',	'2018-04-11 10:45:52',	'due-today'),
(821,	1,	507,	'App\\ProgressBarStep',	'2018-01-29 11:01:21',	'2018-04-11 10:45:52',	'2018-04-11 10:45:52',	'due-today'),
(822,	1,	508,	'App\\ProgressBarStep',	'2018-01-29 11:02:59',	'2018-04-11 10:45:52',	'2018-04-11 10:45:52',	'due-today'),
(823,	1,	509,	'App\\ProgressBarStep',	'2018-01-29 11:03:23',	'2018-04-11 10:45:52',	'2018-04-11 10:45:52',	'due-today'),
(824,	1,	510,	'App\\ProgressBarStep',	'2018-01-29 11:04:56',	'2018-04-11 10:45:52',	'2018-04-11 10:45:52',	'due-today'),
(825,	1,	514,	'App\\ProgressBarStep',	'2018-01-29 11:08:12',	'2018-04-11 10:45:52',	'2018-04-11 10:45:52',	'due-today'),
(826,	1,	516,	'App\\ProgressBarStep',	'2018-01-29 11:10:42',	'2018-04-11 10:45:52',	'2018-04-11 10:45:52',	'due-today'),
(827,	1,	138,	'App\\ProgressBar',	'2018-01-29 11:19:00',	'2018-04-12 13:53:31',	'2018-04-12 13:53:31',	'updated'),
(828,	1,	524,	'App\\ProgressBarStep',	'2018-01-29 11:19:26',	'2018-04-11 10:45:52',	'2018-04-11 10:45:52',	'due-today'),
(829,	1,	138,	'App\\ProgressBar',	'2018-01-29 11:19:27',	'2018-04-12 13:53:31',	'2018-04-12 13:53:31',	'updated'),
(830,	1,	138,	'App\\ProgressBar',	'2018-01-29 11:19:29',	'2018-04-12 13:53:31',	'2018-04-12 13:53:31',	'updated'),
(831,	1,	525,	'App\\ProgressBarStep',	'2018-01-29 11:19:48',	'2018-04-11 10:45:52',	'2018-04-11 10:45:52',	'due-today'),
(832,	1,	138,	'App\\ProgressBar',	'2018-01-29 11:19:52',	'2018-04-12 13:53:31',	'2018-04-12 13:53:31',	'updated'),
(833,	1,	526,	'App\\ProgressBarStep',	'2018-01-29 11:26:34',	'2018-04-11 10:45:52',	'2018-04-11 10:45:52',	'due-today'),
(834,	1,	527,	'App\\ProgressBarStep',	'2018-01-29 11:29:53',	'2018-04-11 10:45:52',	'2018-04-11 10:45:52',	'due-today'),
(835,	1,	528,	'App\\ProgressBarStep',	'2018-01-29 11:35:58',	'2018-04-11 10:45:52',	'2018-04-11 10:45:52',	'due-today'),
(836,	1,	529,	'App\\ProgressBarStep',	'2018-01-29 11:36:20',	'2018-04-11 10:45:52',	'2018-04-11 10:45:52',	'due-today'),
(837,	1,	532,	'App\\ProgressBarStep',	'2018-01-29 11:39:48',	'2018-04-11 10:45:52',	'2018-04-11 10:45:52',	'due-today'),
(838,	1,	533,	'App\\ProgressBarStep',	'2018-01-29 11:40:07',	'2018-04-11 10:45:52',	'2018-04-11 10:45:52',	'due-today'),
(839,	1,	535,	'App\\ProgressBarStep',	'2018-01-29 11:40:58',	'2018-04-11 10:45:52',	'2018-04-11 10:45:52',	'due-today'),
(840,	1,	138,	'App\\ProgressBar',	'2018-01-29 11:41:19',	'2018-04-12 13:53:31',	'2018-04-12 13:53:31',	'updated'),
(841,	1,	138,	'App\\ProgressBar',	'2018-01-29 11:42:20',	'2018-04-12 13:53:31',	'2018-04-12 13:53:31',	'updated'),
(842,	1,	536,	'App\\ProgressBarStep',	'2018-01-29 11:42:36',	'2018-04-11 10:45:52',	'2018-04-11 10:45:52',	'due-today'),
(843,	1,	138,	'App\\ProgressBar',	'2018-01-29 11:42:36',	'2018-04-12 13:53:31',	'2018-04-12 13:53:31',	'updated'),
(844,	1,	537,	'App\\ProgressBarStep',	'2018-01-29 11:43:38',	'2018-04-11 10:45:52',	'2018-04-11 10:45:52',	'due-today'),
(845,	1,	538,	'App\\ProgressBarStep',	'2018-01-29 11:43:54',	'2018-04-11 10:45:52',	'2018-04-11 10:45:52',	'due-today'),
(846,	1,	543,	'App\\ProgressBarStep',	'2018-01-29 11:49:15',	'2018-04-11 10:45:52',	'2018-04-11 10:45:52',	'due-today'),
(847,	1,	544,	'App\\ProgressBarStep',	'2018-01-29 11:49:31',	'2018-04-11 10:45:52',	'2018-04-11 10:45:52',	'due-today'),
(848,	1,	554,	'App\\ProgressBarStep',	'2018-01-29 11:54:37',	'2018-04-11 10:45:52',	'2018-04-11 10:45:52',	'due-today'),
(849,	1,	138,	'App\\ProgressBar',	'2018-01-29 11:54:39',	'2018-04-12 13:53:31',	'2018-04-12 13:53:31',	'updated'),
(850,	1,	555,	'App\\ProgressBarStep',	'2018-01-29 11:55:45',	'2018-04-11 10:45:52',	'2018-04-11 10:45:52',	'due-today'),
(851,	1,	556,	'App\\ProgressBarStep',	'2018-01-29 11:56:08',	'2018-04-11 10:45:52',	'2018-04-11 10:45:52',	'due-today'),
(852,	1,	558,	'App\\ProgressBarStep',	'2018-01-29 11:56:42',	'2018-04-11 10:45:52',	'2018-04-11 10:45:52',	'due-today'),
(853,	1,	560,	'App\\ProgressBarStep',	'2018-01-29 11:59:21',	'2018-04-11 10:45:52',	'2018-04-11 10:45:52',	'due-today'),
(854,	1,	561,	'App\\ProgressBarStep',	'2018-01-29 11:59:35',	'2018-04-11 10:45:52',	'2018-04-11 10:45:52',	'due-today'),
(855,	1,	138,	'App\\ProgressBar',	'2018-01-29 11:59:46',	'2018-04-12 13:53:31',	'2018-04-12 13:53:31',	'updated'),
(856,	1,	562,	'App\\ProgressBarStep',	'2018-01-29 12:00:15',	'2018-04-11 10:45:52',	'2018-04-11 10:45:52',	'due-today'),
(857,	1,	563,	'App\\ProgressBarStep',	'2018-01-29 12:00:54',	'2018-04-11 10:45:52',	'2018-04-11 10:45:52',	'due-today'),
(858,	1,	564,	'App\\ProgressBarStep',	'2018-01-29 12:01:03',	'2018-04-11 10:45:52',	'2018-04-11 10:45:52',	'due-today'),
(859,	1,	566,	'App\\ProgressBarStep',	'2018-01-29 12:03:51',	'2018-04-11 10:45:52',	'2018-04-11 10:45:52',	'due-today'),
(860,	1,	568,	'App\\ProgressBarStep',	'2018-01-29 12:13:45',	'2018-04-11 10:45:52',	'2018-04-11 10:45:52',	'due-today'),
(861,	1,	570,	'App\\ProgressBarStep',	'2018-01-29 12:14:24',	'2018-04-11 10:45:52',	'2018-04-11 10:45:52',	'due-today'),
(862,	1,	572,	'App\\ProgressBarStep',	'2018-01-29 12:18:44',	'2018-04-11 10:45:52',	'2018-04-11 10:45:52',	'due-today'),
(863,	1,	573,	'App\\ProgressBarStep',	'2018-01-29 12:18:53',	'2018-04-11 10:45:52',	'2018-04-11 10:45:52',	'due-today'),
(864,	1,	575,	'App\\ProgressBarStep',	'2018-01-29 12:21:55',	'2018-04-11 10:45:52',	'2018-04-11 10:45:52',	'due-today'),
(865,	1,	576,	'App\\ProgressBarStep',	'2018-01-29 12:22:57',	'2018-04-11 10:45:52',	'2018-04-11 10:45:52',	'due-today'),
(866,	1,	138,	'App\\ProgressBar',	'2018-01-29 12:24:42',	'2018-04-12 13:53:31',	'2018-04-12 13:53:31',	'updated'),
(867,	1,	578,	'App\\ProgressBarStep',	'2018-01-29 12:24:56',	'2018-04-11 10:45:52',	'2018-04-11 10:45:52',	'due-today'),
(868,	1,	580,	'App\\ProgressBarStep',	'2018-01-29 12:25:53',	'2018-04-11 10:45:52',	'2018-04-11 10:45:52',	'due-today'),
(869,	1,	582,	'App\\ProgressBarStep',	'2018-01-29 12:30:54',	'2018-04-11 10:45:52',	'2018-04-11 10:45:52',	'due-today'),
(870,	1,	583,	'App\\ProgressBarStep',	'2018-01-29 12:31:04',	'2018-04-11 10:45:52',	'2018-04-11 10:45:52',	'due-today'),
(871,	1,	138,	'App\\ProgressBar',	'2018-01-29 12:31:04',	'2018-04-12 13:53:31',	'2018-04-12 13:53:31',	'updated'),
(872,	1,	584,	'App\\ProgressBarStep',	'2018-01-29 13:45:10',	'2018-04-11 10:45:52',	'2018-04-11 10:45:52',	'due-today'),
(873,	1,	138,	'App\\ProgressBar',	'2018-01-29 13:45:10',	'2018-04-12 13:53:31',	'2018-04-12 13:53:31',	'updated'),
(874,	1,	585,	'App\\ProgressBarStep',	'2018-01-29 13:45:53',	'2018-04-11 10:45:52',	'2018-04-11 10:45:52',	'due-today'),
(875,	1,	139,	'App\\ProgressBar',	'2018-01-29 13:45:53',	'2018-04-11 10:45:52',	'2018-04-11 10:45:52',	'updated'),
(876,	1,	586,	'App\\ProgressBarStep',	'2018-01-29 13:50:36',	'2018-04-11 10:45:52',	'2018-04-11 10:45:52',	'due-today'),
(877,	1,	139,	'App\\ProgressBar',	'2018-01-29 13:50:40',	'2018-04-11 10:45:52',	'2018-04-11 10:45:52',	'updated'),
(878,	1,	108,	'App\\ProgressBarStepProgress',	'2018-01-29 13:50:45',	'2018-04-11 10:45:52',	'2018-04-11 10:45:52',	'completed'),
(879,	1,	109,	'App\\ProgressBarStepProgress',	'2018-01-29 13:50:49',	'2018-04-11 10:45:52',	'2018-04-11 10:45:52',	'completed'),
(880,	1,	281,	'App\\Video',	'2018-01-29 15:05:43',	'2018-01-29 15:05:43',	NULL,	''),
(881,	1,	78,	'App\\VideoDiscussion',	'2018-01-30 10:35:22',	'2018-04-11 10:45:52',	'2018-04-11 10:45:52',	''),
(882,	1,	95,	'App\\VideoDiscussionQuestionAnswer',	'2018-01-30 10:35:39',	'2018-04-11 10:45:52',	'2018-04-11 10:45:52',	'response'),
(883,	1,	96,	'App\\VideoDiscussionQuestionAnswer',	'2018-01-30 10:35:39',	'2018-04-11 10:45:52',	'2018-04-11 10:45:52',	'response'),
(884,	1,	97,	'App\\VideoDiscussionQuestionAnswer',	'2018-01-30 10:35:39',	'2018-04-11 10:45:52',	'2018-04-11 10:45:52',	'response'),
(885,	1,	109,	'App\\UserShare',	'2018-01-30 10:40:17',	'2018-04-11 10:45:52',	'2018-04-11 10:45:52',	''),
(886,	1,	140,	'App\\ProgressBar',	'2018-01-30 12:37:05',	'2018-04-11 10:45:52',	'2018-04-11 10:45:52',	'updated'),
(887,	1,	140,	'App\\ProgressBar',	'2018-01-30 12:37:34',	'2018-04-11 10:45:52',	'2018-04-11 10:45:52',	'updated'),
(888,	1,	140,	'App\\ProgressBar',	'2018-01-30 12:37:44',	'2018-04-11 10:45:52',	'2018-04-11 10:45:52',	'updated'),
(889,	1,	140,	'App\\ProgressBar',	'2018-01-30 12:42:38',	'2018-04-11 10:45:52',	'2018-04-11 10:45:52',	'updated'),
(890,	1,	140,	'App\\ProgressBar',	'2018-01-30 12:50:05',	'2018-04-11 10:45:52',	'2018-04-11 10:45:52',	'updated'),
(891,	1,	110,	'App\\ProgressBarStepProgress',	'2018-01-30 12:52:06',	'2018-04-11 10:45:52',	'2018-04-11 10:45:52',	'completed'),
(892,	1,	111,	'App\\ProgressBarStepProgress',	'2018-01-30 12:52:20',	'2018-04-11 10:45:52',	'2018-04-11 10:45:52',	'completed'),
(893,	1,	112,	'App\\ProgressBarStepProgress',	'2018-01-30 13:09:15',	'2018-04-11 10:45:52',	'2018-04-11 10:45:52',	'completed'),
(894,	1,	140,	'App\\ProgressBar',	'2018-01-30 14:23:51',	'2018-04-11 10:45:52',	'2018-04-11 10:45:52',	'updated'),
(895,	1,	141,	'App\\ProgressBar',	'2018-01-30 15:02:27',	'2018-04-11 10:45:52',	'2018-04-11 10:45:52',	'updated'),
(896,	1,	141,	'App\\ProgressBar',	'2018-01-30 15:06:20',	'2018-04-11 10:45:52',	'2018-04-11 10:45:52',	'updated'),
(897,	1,	113,	'App\\ProgressBarStepProgress',	'2018-01-30 15:06:29',	'2018-04-11 10:45:52',	'2018-04-11 10:45:52',	'completed'),
(898,	1,	114,	'App\\ProgressBarStepProgress',	'2018-01-30 15:06:33',	'2018-04-11 10:45:52',	'2018-04-11 10:45:52',	'started'),
(899,	1,	115,	'App\\ProgressBarStepProgress',	'2018-01-30 15:08:45',	'2018-04-11 10:45:52',	'2018-04-11 10:45:52',	'completed'),
(900,	1,	143,	'App\\ProgressBar',	'2018-01-30 15:18:27',	'2018-04-11 10:45:52',	'2018-04-11 10:45:52',	'updated'),
(901,	1,	143,	'App\\ProgressBar',	'2018-01-30 15:20:17',	'2018-04-11 10:45:52',	'2018-04-11 10:45:52',	'updated'),
(902,	1,	143,	'App\\ProgressBar',	'2018-01-30 15:21:16',	'2018-04-11 10:45:52',	'2018-04-11 10:45:52',	'updated'),
(903,	1,	143,	'App\\ProgressBar',	'2018-01-30 15:21:57',	'2018-04-11 10:45:52',	'2018-04-11 10:45:52',	'updated'),
(904,	1,	116,	'App\\ProgressBarStepProgress',	'2018-01-30 15:22:04',	'2018-04-11 10:45:52',	'2018-04-11 10:45:52',	'completed'),
(905,	1,	143,	'App\\ProgressBar',	'2018-01-30 15:22:20',	'2018-04-11 10:45:52',	'2018-04-11 10:45:52',	'updated'),
(906,	1,	143,	'App\\ProgressBar',	'2018-01-30 15:25:08',	'2018-04-11 10:45:52',	'2018-04-11 10:45:52',	'updated'),
(907,	1,	117,	'App\\ProgressBarStepProgress',	'2018-01-30 15:26:57',	'2018-04-11 10:45:52',	'2018-04-11 10:45:52',	'completed'),
(908,	1,	143,	'App\\ProgressBar',	'2018-01-30 15:30:56',	'2018-04-11 10:45:52',	'2018-04-11 10:45:52',	'updated'),
(909,	1,	118,	'App\\ProgressBarStepProgress',	'2018-01-31 07:28:44',	'2018-04-11 10:45:52',	'2018-04-11 10:45:52',	'started'),
(910,	1,	119,	'App\\ProgressBarStepProgress',	'2018-01-31 07:30:59',	'2018-04-11 10:45:52',	'2018-04-11 10:45:52',	'started'),
(911,	1,	120,	'App\\ProgressBarStepProgress',	'2018-01-31 07:32:12',	'2018-04-11 10:45:52',	'2018-04-11 10:45:52',	'started'),
(912,	1,	143,	'App\\ProgressBar',	'2018-01-31 07:33:17',	'2018-04-11 10:45:52',	'2018-04-11 10:45:52',	'updated'),
(913,	1,	121,	'App\\ProgressBarStepProgress',	'2018-01-31 07:33:40',	'2018-04-11 10:45:52',	'2018-04-11 10:45:52',	'started'),
(914,	1,	122,	'App\\ProgressBarStepProgress',	'2018-01-31 07:57:19',	'2018-04-11 10:45:52',	'2018-04-11 10:45:52',	'completed'),
(915,	1,	282,	'App\\Video',	'2018-01-31 08:53:15',	'2018-01-31 08:53:15',	NULL,	''),
(916,	1,	283,	'App\\Video',	'2018-01-31 11:28:01',	'2018-01-31 11:28:01',	NULL,	''),
(917,	1,	79,	'App\\VideoDiscussion',	'2018-01-31 11:29:25',	'2018-04-11 10:45:52',	'2018-04-11 10:45:52',	''),
(918,	1,	98,	'App\\VideoDiscussionQuestionAnswer',	'2018-01-31 11:29:39',	'2018-04-11 10:45:52',	'2018-04-11 10:45:52',	'response'),
(919,	1,	98,	'App\\VideoDiscussionQuestionAnswer',	'2018-01-31 11:30:14',	'2018-04-11 10:45:52',	'2018-04-11 10:45:52',	'comment'),
(920,	1,	99,	'App\\VideoDiscussionQuestionAnswer',	'2018-01-31 11:30:51',	'2018-04-11 10:45:52',	'2018-04-11 10:45:52',	'response'),
(921,	1,	99,	'App\\VideoDiscussionQuestionAnswer',	'2018-01-31 11:31:09',	'2018-04-11 10:45:52',	'2018-04-11 10:45:52',	'comment'),
(922,	1,	98,	'App\\VideoDiscussionQuestionAnswer',	'2018-01-31 11:41:11',	'2018-04-11 10:45:52',	'2018-04-11 10:45:52',	'comment'),
(923,	1,	100,	'App\\VideoDiscussionQuestionAnswer',	'2018-01-31 11:41:56',	'2018-04-11 10:45:52',	'2018-04-11 10:45:52',	'response'),
(924,	1,	80,	'App\\VideoDiscussion',	'2018-01-31 11:42:39',	'2018-04-11 10:45:52',	'2018-04-11 10:45:52',	''),
(925,	1,	101,	'App\\VideoDiscussionQuestionAnswer',	'2018-01-31 11:43:50',	'2018-04-11 10:45:52',	'2018-04-11 10:45:52',	'response'),
(926,	1,	101,	'App\\VideoDiscussionQuestionAnswer',	'2018-01-31 11:44:11',	'2018-04-11 10:45:52',	'2018-04-11 10:45:52',	'comment'),
(927,	1,	284,	'App\\Video',	'2018-01-31 11:50:33',	'2018-04-11 10:45:52',	'2018-04-11 10:45:52',	''),
(928,	1,	285,	'App\\Video',	'2018-01-31 12:03:48',	'2018-04-11 10:45:52',	'2018-04-11 10:45:52',	''),
(929,	1,	285,	'App\\Video',	'2018-01-31 12:10:59',	'2018-04-11 10:45:52',	'2018-04-11 10:45:52',	'deleted'),
(930,	1,	81,	'App\\VideoDiscussion',	'2018-01-31 12:17:04',	'2018-04-11 10:45:52',	'2018-04-11 10:45:52',	''),
(931,	1,	102,	'App\\VideoDiscussionQuestionAnswer',	'2018-01-31 12:18:31',	'2018-04-11 10:45:52',	'2018-04-11 10:45:52',	'response'),
(932,	1,	103,	'App\\VideoDiscussionQuestionAnswer',	'2018-01-31 12:18:55',	'2018-04-11 10:45:52',	'2018-04-11 10:45:52',	'response'),
(933,	1,	82,	'App\\VideoDiscussion',	'2018-01-31 13:37:36',	'2018-04-11 10:45:52',	'2018-04-11 10:45:52',	''),
(934,	1,	83,	'App\\VideoDiscussion',	'2018-01-31 13:37:37',	'2018-04-11 10:45:52',	'2018-04-11 10:45:52',	''),
(935,	1,	84,	'App\\VideoDiscussion',	'2018-01-31 13:37:37',	'2018-04-11 10:45:52',	'2018-04-11 10:45:52',	''),
(936,	1,	85,	'App\\VideoDiscussion',	'2018-01-31 13:37:38',	'2018-04-11 10:45:52',	'2018-04-11 10:45:52',	''),
(937,	1,	86,	'App\\VideoDiscussion',	'2018-01-31 13:37:38',	'2018-04-11 10:45:52',	'2018-04-11 10:45:52',	''),
(938,	1,	87,	'App\\VideoDiscussion',	'2018-01-31 13:37:52',	'2018-04-11 10:45:52',	'2018-04-11 10:45:52',	''),
(939,	1,	88,	'App\\VideoDiscussion',	'2018-01-31 13:37:59',	'2018-04-11 10:45:52',	'2018-04-11 10:45:52',	''),
(940,	1,	89,	'App\\VideoDiscussion',	'2018-01-31 13:38:10',	'2018-04-11 10:45:52',	'2018-04-11 10:45:52',	''),
(941,	1,	148,	'App\\ProgressBar',	'2018-01-31 13:41:38',	'2018-04-11 10:45:52',	'2018-04-11 10:45:52',	'updated'),
(942,	1,	149,	'App\\ProgressBar',	'2018-01-31 13:41:41',	'2018-04-11 10:45:52',	'2018-04-11 10:45:52',	'updated'),
(943,	1,	150,	'App\\ProgressBar',	'2018-01-31 13:41:44',	'2018-04-11 10:45:52',	'2018-04-11 10:45:52',	'updated'),
(944,	1,	144,	'App\\ProgressBar',	'2018-01-31 13:41:51',	'2018-04-11 10:45:52',	'2018-04-11 10:45:52',	'updated'),
(945,	1,	119,	'App\\Message',	'2018-01-31 14:03:53',	'2018-04-11 10:45:52',	'2018-04-11 10:45:52',	''),
(946,	1,	284,	'App\\Video',	'2018-01-31 15:07:00',	'2018-04-11 10:45:52',	'2018-04-11 10:45:52',	'deleted'),
(947,	1,	90,	'App\\VideoDiscussion',	'2018-01-31 15:42:34',	'2018-04-11 10:45:52',	'2018-04-11 10:45:52',	''),
(948,	1,	110,	'App\\UserShare',	'2018-02-01 08:02:09',	'2018-04-11 10:45:52',	'2018-04-11 10:45:52',	''),
(949,	1,	111,	'App\\UserShare',	'2018-02-01 08:02:23',	'2018-02-01 08:02:23',	NULL,	''),
(950,	1,	112,	'App\\UserShare',	'2018-02-01 08:02:23',	'2018-02-01 08:02:23',	NULL,	''),
(951,	154,	286,	'App\\Video',	'2018-02-01 08:20:35',	'2018-02-01 08:20:35',	NULL,	''),
(952,	154,	287,	'App\\Video',	'2018-02-01 08:22:13',	'2018-02-01 08:22:13',	NULL,	''),
(953,	154,	286,	'App\\Video',	'2018-02-01 08:23:13',	'2018-02-01 08:23:13',	NULL,	'deleted'),
(954,	159,	120,	'App\\Message',	'2018-02-01 08:24:24',	'2018-02-01 08:24:24',	NULL,	''),
(955,	154,	288,	'App\\Video',	'2018-02-01 08:30:20',	'2018-02-01 08:30:20',	NULL,	''),
(956,	154,	288,	'App\\Video',	'2018-02-01 08:32:40',	'2018-02-01 08:32:40',	NULL,	'deleted'),
(957,	159,	104,	'App\\VideoDiscussionQuestionAnswer',	'2018-02-01 08:45:30',	'2018-04-16 10:32:54',	'2018-04-16 10:32:54',	'response'),
(958,	159,	105,	'App\\VideoDiscussionQuestionAnswer',	'2018-02-01 08:45:59',	'2018-04-16 10:32:54',	'2018-04-16 10:32:54',	'response'),
(959,	159,	104,	'App\\VideoDiscussionQuestionAnswer',	'2018-02-01 08:46:21',	'2018-04-16 10:32:54',	'2018-04-16 10:32:54',	'comment'),
(960,	159,	104,	'App\\VideoDiscussionQuestionAnswer',	'2018-02-01 08:49:41',	'2018-04-16 10:32:54',	'2018-04-16 10:32:54',	'comment'),
(961,	159,	105,	'App\\VideoDiscussionQuestionAnswer',	'2018-02-01 08:55:08',	'2018-04-16 10:32:54',	'2018-04-16 10:32:54',	'comment'),
(962,	159,	105,	'App\\VideoDiscussionQuestionAnswer',	'2018-02-01 08:57:06',	'2018-04-16 10:32:54',	'2018-04-16 10:32:54',	'comment'),
(963,	159,	106,	'App\\VideoDiscussionQuestionAnswer',	'2018-02-01 08:58:28',	'2018-04-16 10:32:54',	'2018-04-16 10:32:54',	'response'),
(964,	159,	91,	'App\\VideoDiscussion',	'2018-02-01 08:59:34',	'2018-04-16 10:32:54',	'2018-04-16 10:32:54',	''),
(965,	159,	107,	'App\\VideoDiscussionQuestionAnswer',	'2018-02-01 09:04:43',	'2018-04-16 10:55:44',	'2018-04-16 10:55:44',	'response'),
(966,	159,	104,	'App\\VideoDiscussionQuestionAnswer',	'2018-02-01 09:04:58',	'2018-04-16 10:32:54',	'2018-04-16 10:32:54',	'comment'),
(967,	159,	106,	'App\\VideoDiscussionQuestionAnswer',	'2018-02-01 09:05:05',	'2018-04-16 10:32:54',	'2018-04-16 10:32:54',	'comment'),
(968,	159,	106,	'App\\VideoDiscussionQuestionAnswer',	'2018-02-01 09:05:43',	'2018-04-16 10:32:54',	'2018-04-16 10:32:54',	'comment'),
(969,	159,	108,	'App\\VideoDiscussionQuestionAnswer',	'2018-02-01 09:05:46',	'2018-04-16 10:32:54',	'2018-04-16 10:32:54',	'response'),
(970,	159,	109,	'App\\VideoDiscussionQuestionAnswer',	'2018-02-01 09:05:46',	'2018-04-16 10:32:54',	'2018-04-16 10:32:54',	'response'),
(971,	159,	92,	'App\\VideoDiscussion',	'2018-02-01 09:10:11',	'2018-04-16 10:32:54',	'2018-04-16 10:32:54',	''),
(972,	159,	108,	'App\\VideoDiscussionQuestionAnswer',	'2018-02-01 09:10:15',	'2018-04-16 10:32:54',	'2018-04-16 10:32:54',	'comment'),
(973,	159,	93,	'App\\VideoDiscussion',	'2018-02-01 09:14:55',	'2018-04-16 10:32:54',	'2018-04-16 10:32:54',	''),
(974,	159,	110,	'App\\VideoDiscussionQuestionAnswer',	'2018-02-01 09:15:21',	'2018-04-16 10:32:54',	'2018-04-16 10:32:54',	'response'),
(975,	159,	108,	'App\\VideoDiscussionQuestionAnswer',	'2018-02-01 09:15:36',	'2018-04-16 10:32:54',	'2018-04-16 10:32:54',	'comment'),
(976,	159,	108,	'App\\VideoDiscussionQuestionAnswer',	'2018-02-01 09:16:28',	'2018-04-16 10:32:54',	'2018-04-16 10:32:54',	'comment'),
(978,	154,	114,	'App\\UserShare',	'2018-02-01 09:47:32',	'2018-02-01 09:47:32',	NULL,	''),
(979,	154,	115,	'App\\UserShare',	'2018-02-01 09:47:32',	'2018-02-01 09:47:32',	NULL,	''),
(980,	154,	289,	'App\\Video',	'2018-02-01 09:50:55',	'2018-02-01 09:50:55',	NULL,	''),
(981,	154,	289,	'App\\Video',	'2018-02-01 09:55:29',	'2018-02-01 09:55:29',	NULL,	'deleted'),
(982,	154,	290,	'App\\Video',	'2018-02-01 09:56:26',	'2018-02-01 09:56:26',	NULL,	''),
(983,	154,	289,	'App\\Video',	'2018-02-01 09:57:19',	'2018-02-01 09:57:19',	NULL,	'deleted'),
(984,	154,	291,	'App\\Video',	'2018-02-01 09:57:45',	'2018-02-01 09:57:45',	NULL,	''),
(985,	154,	291,	'App\\Video',	'2018-02-01 09:58:11',	'2018-02-01 09:58:11',	NULL,	'deleted'),
(986,	154,	292,	'App\\Video',	'2018-02-01 09:58:39',	'2018-02-01 09:58:39',	NULL,	''),
(987,	154,	293,	'App\\Video',	'2018-02-01 10:50:31',	'2018-04-16 10:32:54',	'2018-04-16 10:32:54',	''),
(988,	1,	111,	'App\\VideoDiscussionQuestionAnswer',	'2018-02-01 11:10:58',	'2018-04-11 10:45:52',	'2018-04-11 10:45:52',	'response'),
(989,	1,	112,	'App\\VideoDiscussionQuestionAnswer',	'2018-02-01 11:11:02',	'2018-04-11 10:45:52',	'2018-04-11 10:45:52',	'response'),
(990,	1,	113,	'App\\VideoDiscussionQuestionAnswer',	'2018-02-01 11:11:03',	'2018-04-11 10:45:52',	'2018-04-11 10:45:52',	'response'),
(992,	154,	117,	'App\\UserShare',	'2018-02-01 11:22:08',	'2018-02-01 11:22:08',	NULL,	''),
(994,	154,	119,	'App\\UserShare',	'2018-02-01 12:20:09',	'2018-02-01 12:20:09',	NULL,	''),
(995,	1,	294,	'App\\Video',	'2018-02-01 12:23:50',	'2018-02-01 12:23:50',	NULL,	''),
(996,	1,	94,	'App\\VideoDiscussion',	'2018-02-01 13:37:09',	'2018-04-11 10:45:52',	'2018-04-11 10:45:52',	''),
(997,	1,	114,	'App\\VideoDiscussionQuestionAnswer',	'2018-02-01 13:39:56',	'2018-04-11 10:45:52',	'2018-04-11 10:45:52',	'response'),
(998,	1,	114,	'App\\VideoDiscussionQuestionAnswer',	'2018-02-01 13:40:43',	'2018-04-11 10:45:52',	'2018-04-11 10:45:52',	'comment'),
(999,	1,	115,	'App\\VideoDiscussionQuestionAnswer',	'2018-02-01 13:41:13',	'2018-04-11 10:45:52',	'2018-04-11 10:45:52',	'response'),
(1000,	154,	295,	'App\\Video',	'2018-02-01 14:01:59',	'2018-02-01 14:01:59',	NULL,	''),
(1001,	154,	296,	'App\\Video',	'2018-02-01 14:01:59',	'2018-02-01 14:01:59',	NULL,	''),
(1002,	154,	296,	'App\\Video',	'2018-02-01 14:02:22',	'2018-02-01 14:02:22',	NULL,	'deleted'),
(1003,	154,	297,	'App\\Video',	'2018-02-01 14:08:18',	'2018-02-01 14:08:18',	NULL,	''),
(1004,	154,	298,	'App\\Video',	'2018-02-01 14:13:33',	'2018-02-01 14:13:33',	NULL,	''),
(1005,	154,	297,	'App\\Video',	'2018-02-01 14:17:32',	'2018-02-01 14:17:32',	NULL,	'deleted'),
(1006,	154,	116,	'App\\VideoDiscussionQuestionAnswer',	'2018-02-01 14:19:49',	'2018-04-16 10:37:22',	'2018-04-16 10:37:22',	'response'),
(1007,	1,	299,	'App\\Video',	'2018-02-01 14:25:07',	'2018-02-01 14:25:07',	NULL,	''),
(1008,	154,	300,	'App\\Video',	'2018-02-01 14:26:26',	'2018-02-01 14:26:26',	NULL,	''),
(1009,	154,	301,	'App\\Video',	'2018-02-01 14:29:36',	'2018-02-01 14:29:36',	NULL,	''),
(1010,	154,	301,	'App\\Video',	'2018-02-01 14:30:00',	'2018-02-01 14:30:00',	NULL,	'deleted'),
(1011,	154,	302,	'App\\Video',	'2018-02-01 14:30:44',	'2018-02-01 14:30:44',	NULL,	''),
(1012,	154,	120,	'App\\UserShare',	'2018-02-01 14:37:39',	'2018-04-16 10:32:54',	'2018-04-16 10:32:54',	''),
(1013,	154,	303,	'App\\Video',	'2018-02-01 15:09:32',	'2018-02-01 15:09:32',	NULL,	''),
(1014,	154,	121,	'App\\UserShare',	'2018-02-01 15:16:07',	'2018-02-01 15:16:07',	NULL,	''),
(1015,	154,	304,	'App\\Video',	'2018-02-02 08:22:33',	'2018-02-02 08:22:33',	NULL,	''),
(1016,	159,	107,	'App\\VideoDiscussionQuestionAnswer',	'2018-02-02 08:25:27',	'2018-04-16 10:55:44',	'2018-04-16 10:55:44',	'comment'),
(1017,	1,	58,	'App\\VideoDiscussionQuestionAnswer',	'2018-02-02 08:32:17',	'2018-04-16 10:55:44',	'2018-04-16 10:55:44',	'comment'),
(1018,	154,	117,	'App\\VideoDiscussionQuestionAnswer',	'2018-02-02 08:33:25',	'2018-04-16 10:32:54',	'2018-04-16 10:32:54',	'response'),
(1019,	154,	118,	'App\\VideoDiscussionQuestionAnswer',	'2018-02-02 08:33:49',	'2018-04-16 10:32:54',	'2018-04-16 10:32:54',	'response'),
(1020,	154,	304,	'App\\Video',	'2018-02-02 08:38:11',	'2018-02-02 08:38:11',	NULL,	'deleted'),
(1021,	154,	305,	'App\\Video',	'2018-02-02 08:42:15',	'2018-02-02 08:42:15',	NULL,	''),
(1022,	1,	123,	'App\\ProgressBarStepProgress',	'2018-02-02 08:42:16',	'2018-04-11 10:45:52',	'2018-04-11 10:45:52',	'started'),
(1023,	154,	306,	'App\\Video',	'2018-02-02 08:44:22',	'2018-02-02 08:44:22',	NULL,	''),
(1024,	1,	124,	'App\\ProgressBarStepProgress',	'2018-02-02 08:44:32',	'2018-04-11 10:45:52',	'2018-04-11 10:45:52',	'started'),
(1025,	1,	152,	'App\\ProgressBar',	'2018-02-02 08:44:37',	'2018-04-11 10:45:52',	'2018-04-11 10:45:52',	'updated'),
(1026,	1,	125,	'App\\ProgressBarStepProgress',	'2018-02-02 08:44:45',	'2018-04-11 10:45:52',	'2018-04-11 10:45:52',	'started'),
(1027,	154,	121,	'App\\Message',	'2018-02-02 08:51:39',	'2018-02-02 08:51:39',	NULL,	''),
(1028,	154,	59,	'App\\VideoDiscussionQuestionAnswer',	'2018-02-02 08:57:19',	'2018-04-16 10:37:22',	'2018-04-16 10:37:22',	'comment'),
(1029,	154,	119,	'App\\VideoDiscussionQuestionAnswer',	'2018-02-02 08:57:43',	'2018-04-16 10:37:22',	'2018-04-16 10:37:22',	'response'),
(1030,	154,	122,	'App\\UserShare',	'2018-02-02 08:58:18',	'2018-04-16 10:32:54',	'2018-04-16 10:32:54',	''),
(1031,	154,	119,	'App\\VideoDiscussionQuestionAnswer',	'2018-02-02 08:58:23',	'2018-04-16 10:37:22',	'2018-04-16 10:37:22',	'comment'),
(1032,	154,	307,	'App\\Video',	'2018-02-02 08:58:31',	'2018-02-02 08:58:31',	NULL,	''),
(1033,	154,	123,	'App\\UserShare',	'2018-02-02 08:58:54',	'2018-02-02 08:58:54',	NULL,	''),
(1034,	154,	120,	'App\\VideoDiscussionQuestionAnswer',	'2018-02-02 08:59:11',	'2018-04-16 10:37:22',	'2018-04-16 10:37:22',	'response'),
(1035,	154,	307,	'App\\Video',	'2018-02-02 08:59:50',	'2018-02-02 08:59:50',	NULL,	'deleted'),
(1036,	154,	124,	'App\\UserShare',	'2018-02-02 09:00:59',	'2018-02-02 09:00:59',	NULL,	''),
(1037,	154,	308,	'App\\Video',	'2018-02-02 09:01:03',	'2018-02-02 09:01:03',	NULL,	''),
(1038,	154,	125,	'App\\UserShare',	'2018-02-02 09:01:14',	'2018-02-02 09:01:14',	NULL,	''),
(1039,	154,	308,	'App\\Video',	'2018-02-02 09:01:33',	'2018-02-02 09:01:33',	NULL,	'deleted'),
(1040,	154,	306,	'App\\Video',	'2018-02-02 09:03:26',	'2018-02-02 09:03:26',	NULL,	'deleted'),
(1041,	154,	121,	'App\\VideoDiscussionQuestionAnswer',	'2018-02-02 09:05:39',	'2018-04-16 10:37:22',	'2018-04-16 10:37:22',	'response'),
(1042,	154,	309,	'App\\Video',	'2018-02-02 09:06:45',	'2018-02-02 09:06:45',	NULL,	''),
(1043,	154,	126,	'App\\UserShare',	'2018-02-02 09:07:02',	'2018-02-02 09:07:02',	NULL,	''),
(1044,	154,	127,	'App\\UserShare',	'2018-02-02 09:07:24',	'2018-02-02 09:07:24',	NULL,	''),
(1045,	154,	122,	'App\\VideoDiscussionQuestionAnswer',	'2018-02-02 09:10:35',	'2018-04-16 10:37:22',	'2018-04-16 10:37:22',	'response'),
(1046,	154,	156,	'App\\ProgressBar',	'2018-02-02 09:13:55',	'2018-02-02 09:13:55',	NULL,	'updated'),
(1047,	154,	156,	'App\\ProgressBar',	'2018-02-02 09:14:05',	'2018-02-02 09:14:05',	NULL,	'updated'),
(1048,	154,	123,	'App\\VideoDiscussionQuestionAnswer',	'2018-02-02 09:14:48',	'2018-04-16 10:32:54',	'2018-04-16 10:32:54',	'response'),
(1049,	154,	122,	'App\\Message',	'2018-02-02 09:17:03',	'2018-02-02 09:17:03',	NULL,	''),
(1050,	154,	310,	'App\\Video',	'2018-02-02 09:21:06',	'2018-02-02 09:21:06',	NULL,	''),
(1051,	154,	128,	'App\\UserShare',	'2018-02-02 09:21:19',	'2018-02-02 09:21:19',	NULL,	''),
(1052,	154,	124,	'App\\VideoDiscussionQuestionAnswer',	'2018-02-02 09:43:37',	'2018-04-16 10:32:54',	'2018-04-16 10:32:54',	'response'),
(1053,	154,	125,	'App\\VideoDiscussionQuestionAnswer',	'2018-02-02 09:43:37',	'2018-04-16 10:32:54',	'2018-04-16 10:32:54',	'response'),
(1054,	154,	126,	'App\\VideoDiscussionQuestionAnswer',	'2018-02-02 09:43:37',	'2018-04-16 10:32:54',	'2018-04-16 10:32:54',	'response'),
(1055,	154,	127,	'App\\VideoDiscussionQuestionAnswer',	'2018-02-02 09:43:37',	'2018-04-16 10:32:54',	'2018-04-16 10:32:54',	'response'),
(1056,	154,	310,	'App\\Video',	'2018-02-02 09:47:48',	'2018-02-02 09:47:48',	NULL,	'deleted'),
(1057,	154,	309,	'App\\Video',	'2018-02-02 09:47:59',	'2018-02-02 09:47:59',	NULL,	'deleted'),
(1058,	154,	293,	'App\\Video',	'2018-02-02 09:48:11',	'2018-04-16 10:32:54',	'2018-04-16 10:32:54',	'deleted'),
(1059,	154,	287,	'App\\Video',	'2018-02-02 09:48:25',	'2018-02-02 09:48:25',	NULL,	'deleted'),
(1060,	154,	311,	'App\\Video',	'2018-02-02 09:48:49',	'2018-02-02 09:48:49',	NULL,	''),
(1061,	154,	312,	'App\\Video',	'2018-02-02 12:50:01',	'2018-02-02 12:50:01',	NULL,	''),
(1062,	154,	312,	'App\\Video',	'2018-02-02 12:50:19',	'2018-02-02 12:50:19',	NULL,	'deleted'),
(1063,	154,	313,	'App\\Video',	'2018-02-02 13:04:50',	'2018-02-02 13:04:50',	NULL,	''),
(1064,	154,	313,	'App\\Video',	'2018-02-02 13:07:46',	'2018-02-02 13:07:46',	NULL,	'deleted'),
(1065,	154,	129,	'App\\UserShare',	'2018-02-02 13:37:55',	'2018-04-16 10:32:54',	'2018-04-16 10:32:54',	''),
(1066,	154,	130,	'App\\UserShare',	'2018-02-02 13:37:55',	'2018-02-02 13:37:55',	NULL,	''),
(1067,	154,	131,	'App\\UserShare',	'2018-02-02 13:37:55',	'2018-02-02 13:37:55',	NULL,	''),
(1068,	154,	128,	'App\\VideoDiscussionQuestionAnswer',	'2018-02-02 13:52:18',	'2018-04-16 10:37:22',	'2018-04-16 10:37:22',	'response'),
(1069,	159,	123,	'App\\Message',	'2018-02-02 14:04:23',	'2018-02-02 14:04:23',	NULL,	''),
(1070,	154,	314,	'App\\Video',	'2018-02-02 14:10:06',	'2018-02-02 14:10:06',	NULL,	''),
(1071,	159,	95,	'App\\VideoDiscussion',	'2018-02-02 14:40:58',	'2018-04-16 10:55:44',	'2018-04-16 10:55:44',	''),
(1072,	159,	129,	'App\\VideoDiscussionQuestionAnswer',	'2018-02-02 14:41:25',	'2018-04-16 10:55:44',	'2018-04-16 10:55:44',	'response'),
(1073,	154,	315,	'App\\Video',	'2018-02-02 14:43:17',	'2018-02-02 14:43:17',	NULL,	''),
(1074,	154,	132,	'App\\UserShare',	'2018-02-02 14:54:31',	'2018-04-16 10:32:54',	'2018-04-16 10:32:54',	''),
(1075,	154,	133,	'App\\UserShare',	'2018-02-02 14:54:31',	'2018-02-02 14:54:31',	NULL,	''),
(1076,	154,	134,	'App\\UserShare',	'2018-02-02 14:54:31',	'2018-02-02 14:54:31',	NULL,	''),
(1077,	154,	316,	'App\\Video',	'2018-02-05 09:52:16',	'2018-02-05 09:52:16',	NULL,	''),
(1078,	154,	317,	'App\\Video',	'2018-02-05 13:14:23',	'2018-02-05 13:14:23',	NULL,	''),
(1079,	154,	318,	'App\\Video',	'2018-02-05 13:17:26',	'2018-02-05 13:17:26',	NULL,	''),
(1080,	154,	319,	'App\\Video',	'2018-02-05 13:27:09',	'2018-02-05 13:27:09',	NULL,	''),
(1081,	154,	320,	'App\\Video',	'2018-02-05 13:39:43',	'2018-02-05 13:39:43',	NULL,	''),
(1082,	154,	321,	'App\\Video',	'2018-02-05 13:44:51',	'2018-02-05 13:44:51',	NULL,	''),
(1083,	154,	322,	'App\\Video',	'2018-02-05 13:52:05',	'2018-02-05 13:52:05',	NULL,	''),
(1084,	1,	323,	'App\\Video',	'2018-02-05 14:10:01',	'2018-02-05 14:10:01',	NULL,	''),
(1085,	1,	124,	'App\\Message',	'2018-02-05 14:19:49',	'2018-04-11 10:45:52',	'2018-04-11 10:45:52',	''),
(1086,	1,	125,	'App\\Message',	'2018-02-05 14:23:24',	'2018-04-16 10:55:44',	'2018-04-16 10:55:44',	''),
(1087,	1,	126,	'App\\Message',	'2018-02-05 14:37:17',	'2018-04-11 10:45:52',	'2018-04-11 10:45:52',	''),
(1088,	1,	127,	'App\\Message',	'2018-02-05 14:39:52',	'2018-04-11 10:45:52',	'2018-04-11 10:45:52',	''),
(1089,	1,	128,	'App\\Message',	'2018-02-05 14:48:08',	'2018-04-11 10:45:52',	'2018-04-11 10:45:52',	''),
(1090,	1,	129,	'App\\Message',	'2018-02-05 14:54:57',	'2018-04-16 10:55:44',	'2018-04-16 10:55:44',	''),
(1091,	1,	130,	'App\\Message',	'2018-02-05 14:58:39',	'2018-04-16 10:55:44',	'2018-04-16 10:55:44',	''),
(1092,	1,	131,	'App\\Message',	'2018-02-12 14:28:09',	'2018-04-11 10:45:52',	'2018-04-11 10:45:52',	''),
(1093,	1,	132,	'App\\Message',	'2018-02-13 10:59:49',	'2018-04-11 10:45:52',	'2018-04-11 10:45:52',	''),
(1094,	1,	96,	'App\\VideoDiscussion',	'2018-02-13 11:00:33',	'2018-04-11 10:45:52',	'2018-04-11 10:45:52',	''),
(1095,	1,	130,	'App\\VideoDiscussionQuestionAnswer',	'2018-02-13 11:00:40',	'2018-04-11 10:45:52',	'2018-04-11 10:45:52',	'response'),
(1096,	1,	160,	'App\\ProgressBar',	'2018-02-14 14:37:09',	'2018-04-11 10:45:52',	'2018-04-11 10:45:52',	'updated'),
(1097,	1,	126,	'App\\ProgressBarStepProgress',	'2018-02-14 14:40:22',	'2018-04-11 10:45:52',	'2018-04-11 10:45:52',	'completed'),
(1098,	1,	127,	'App\\ProgressBarStepProgress',	'2018-02-14 14:40:26',	'2018-04-11 10:45:52',	'2018-04-11 10:45:52',	'completed'),
(1099,	1,	160,	'App\\ProgressBar',	'2018-02-14 14:41:46',	'2018-04-11 10:45:52',	'2018-04-11 10:45:52',	'updated'),
(1100,	1,	128,	'App\\ProgressBarStepProgress',	'2018-02-14 14:41:54',	'2018-04-11 10:45:52',	'2018-04-11 10:45:52',	'completed'),
(1101,	1,	130,	'App\\VideoDiscussionQuestionAnswer',	'2018-02-14 15:02:09',	'2018-04-11 10:45:52',	'2018-04-11 10:45:52',	'comment'),
(1102,	154,	161,	'App\\ProgressBar',	'2018-02-14 15:34:18',	'2018-04-16 10:32:54',	'2018-04-16 10:32:54',	'updated'),
(1103,	154,	161,	'App\\ProgressBar',	'2018-02-14 15:36:18',	'2018-04-16 10:32:54',	'2018-04-16 10:32:54',	'updated'),
(1104,	154,	161,	'App\\ProgressBar',	'2018-02-14 15:42:54',	'2018-04-16 10:32:54',	'2018-04-16 10:32:54',	'updated'),
(1105,	154,	161,	'App\\ProgressBar',	'2018-02-14 15:43:25',	'2018-04-16 10:32:54',	'2018-04-16 10:32:54',	'updated'),
(1106,	154,	161,	'App\\ProgressBar',	'2018-02-14 15:43:40',	'2018-04-16 10:32:54',	'2018-04-16 10:32:54',	'updated'),
(1107,	154,	161,	'App\\ProgressBar',	'2018-02-14 15:44:01',	'2018-04-16 10:32:54',	'2018-04-16 10:32:54',	'updated'),
(1108,	1,	324,	'App\\Video',	'2018-02-15 09:05:13',	'2018-02-15 09:05:13',	NULL,	''),
(1109,	1,	97,	'App\\VideoDiscussion',	'2018-02-22 10:58:09',	'2018-04-11 10:45:52',	'2018-04-11 10:45:52',	''),
(1110,	1,	131,	'App\\VideoDiscussionQuestionAnswer',	'2018-02-22 10:58:47',	'2018-04-11 10:45:52',	'2018-04-11 10:45:52',	'response'),
(1111,	1,	132,	'App\\VideoDiscussionQuestionAnswer',	'2018-02-22 10:58:47',	'2018-04-11 10:45:52',	'2018-04-11 10:45:52',	'response'),
(1112,	1,	133,	'App\\VideoDiscussionQuestionAnswer',	'2018-02-22 10:58:47',	'2018-04-11 10:45:52',	'2018-04-11 10:45:52',	'response'),
(1113,	1,	131,	'App\\VideoDiscussionQuestionAnswer',	'2018-02-22 10:59:23',	'2018-04-11 10:45:52',	'2018-04-11 10:45:52',	'comment'),
(1114,	1,	135,	'App\\UserShare',	'2018-02-22 11:29:25',	'2018-04-11 10:45:52',	'2018-04-11 10:45:52',	''),
(1115,	1,	136,	'App\\UserShare',	'2018-02-22 11:29:25',	'2018-04-16 10:55:44',	'2018-04-16 10:55:44',	''),
(1116,	1,	129,	'App\\ProgressBarStepProgress',	'2018-02-26 11:45:55',	'2018-04-11 10:45:52',	'2018-04-11 10:45:52',	'started'),
(1117,	1,	133,	'App\\Message',	'2018-02-26 12:33:20',	'2018-04-11 10:45:52',	'2018-04-11 10:45:52',	''),
(1118,	1,	134,	'App\\Message',	'2018-02-26 12:42:02',	'2018-04-11 10:45:52',	'2018-04-11 10:45:52',	''),
(1119,	1,	98,	'App\\VideoDiscussion',	'2018-02-26 13:09:42',	'2018-04-16 10:55:44',	'2018-04-16 10:55:44',	''),
(1120,	1,	130,	'App\\ProgressBarStepProgress',	'2018-02-26 13:32:45',	'2018-04-11 10:45:52',	'2018-04-11 10:45:52',	'completed'),
(1121,	1,	162,	'App\\ProgressBar',	'2018-02-26 13:52:08',	'2018-04-11 10:45:52',	'2018-04-11 10:45:52',	'updated'),
(1122,	1,	162,	'App\\ProgressBar',	'2018-02-26 13:52:56',	'2018-04-11 10:45:52',	'2018-04-11 10:45:52',	'updated'),
(1123,	1,	162,	'App\\ProgressBar',	'2018-02-26 13:54:56',	'2018-04-11 10:45:52',	'2018-04-11 10:45:52',	'updated'),
(1124,	1,	162,	'App\\ProgressBar',	'2018-02-26 14:05:23',	'2018-04-11 10:45:52',	'2018-04-11 10:45:52',	'updated'),
(1125,	1,	99,	'App\\VideoDiscussion',	'2018-02-27 09:33:53',	'2018-04-11 10:45:52',	'2018-04-11 10:45:52',	''),
(1126,	1,	163,	'App\\ProgressBar',	'2018-02-27 16:45:54',	'2018-04-11 10:45:52',	'2018-04-11 10:45:52',	'updated'),
(1127,	1,	164,	'App\\ProgressBar',	'2018-02-28 13:40:26',	'2018-04-11 10:45:52',	'2018-04-11 10:45:52',	'updated'),
(1128,	1,	164,	'App\\ProgressBar',	'2018-02-28 13:40:38',	'2018-04-11 10:45:52',	'2018-04-11 10:45:52',	'updated'),
(1129,	154,	325,	'App\\Video',	'2018-03-01 15:17:51',	'2018-03-01 15:17:51',	NULL,	''),
(1130,	154,	135,	'App\\Message',	'2018-03-01 15:22:58',	'2018-03-01 15:22:58',	NULL,	''),
(1131,	155,	326,	'App\\Video',	'2018-03-01 15:40:26',	'2018-03-01 15:40:26',	NULL,	''),
(1132,	155,	326,	'App\\Video',	'2018-03-01 15:46:13',	'2018-03-01 15:46:13',	NULL,	'deleted'),
(1133,	155,	327,	'App\\Video',	'2018-03-01 15:46:44',	'2018-03-01 15:46:44',	NULL,	''),
(1134,	155,	327,	'App\\Video',	'2018-03-01 15:47:51',	'2018-03-01 15:47:51',	NULL,	'deleted'),
(1135,	1,	165,	'App\\ProgressBar',	'2018-03-01 15:49:10',	'2018-04-11 10:45:52',	'2018-04-11 10:45:52',	'updated'),
(1136,	1,	165,	'App\\ProgressBar',	'2018-03-01 15:49:29',	'2018-04-11 10:45:52',	'2018-04-11 10:45:52',	'updated'),
(1137,	1,	131,	'App\\ProgressBarStepProgress',	'2018-03-01 16:00:10',	'2018-04-11 10:45:52',	'2018-04-11 10:45:52',	'completed'),
(1138,	1,	165,	'App\\ProgressBar',	'2018-03-01 16:00:19',	'2018-04-11 10:45:52',	'2018-04-11 10:45:52',	'updated'),
(1139,	1,	136,	'App\\Message',	'2018-03-01 16:01:06',	'2018-04-11 10:45:52',	'2018-04-11 10:45:52',	''),
(1140,	155,	328,	'App\\Video',	'2018-03-01 16:17:56',	'2018-03-01 16:17:56',	NULL,	''),
(1141,	155,	137,	'App\\UserShare',	'2018-03-01 16:30:53',	'2018-03-01 16:30:53',	NULL,	''),
(1142,	155,	100,	'App\\VideoDiscussion',	'2018-03-01 16:48:45',	'2018-03-01 16:48:45',	NULL,	''),
(1143,	155,	134,	'App\\VideoDiscussionQuestionAnswer',	'2018-03-01 16:52:00',	'2018-03-01 16:52:00',	NULL,	'response'),
(1144,	155,	134,	'App\\VideoDiscussionQuestionAnswer',	'2018-03-01 16:54:35',	'2018-03-01 16:54:35',	NULL,	'comment'),
(1145,	155,	135,	'App\\VideoDiscussionQuestionAnswer',	'2018-03-02 10:47:39',	'2018-03-02 10:47:39',	NULL,	'response'),
(1146,	155,	134,	'App\\VideoDiscussionQuestionAnswer',	'2018-03-02 10:47:56',	'2018-03-02 10:47:56',	NULL,	'comment'),
(1147,	154,	136,	'App\\VideoDiscussionQuestionAnswer',	'2018-03-02 11:09:45',	'2018-04-16 10:32:54',	'2018-04-16 10:32:54',	'response'),
(1148,	154,	325,	'App\\Video',	'2018-03-02 11:30:21',	'2018-03-02 11:30:21',	NULL,	'deleted'),
(1149,	1,	329,	'App\\Video',	'2018-03-05 10:04:34',	'2018-03-05 10:04:34',	NULL,	''),
(1150,	1,	101,	'App\\VideoDiscussion',	'2018-03-05 11:07:06',	'2018-04-11 10:45:52',	'2018-04-11 10:45:52',	''),
(1151,	155,	330,	'App\\Video',	'2018-03-05 11:12:14',	'2018-03-05 11:12:14',	NULL,	''),
(1152,	155,	102,	'App\\VideoDiscussion',	'2018-03-05 11:16:06',	'2018-03-05 11:16:06',	NULL,	''),
(1153,	1,	166,	'App\\ProgressBar',	'2018-03-05 11:34:34',	'2018-04-12 13:53:31',	'2018-04-12 13:53:31',	'updated'),
(1154,	1,	167,	'App\\ProgressBar',	'2018-03-05 12:03:19',	'2018-03-05 12:03:19',	NULL,	'updated'),
(1155,	1,	137,	'App\\Message',	'2018-03-05 12:38:20',	'2018-03-05 12:38:20',	NULL,	''),
(1156,	1,	138,	'App\\Message',	'2018-03-05 12:40:04',	'2018-04-12 13:53:31',	'2018-04-12 13:53:31',	''),
(1157,	1,	139,	'App\\Message',	'2018-03-05 13:14:07',	'2018-04-11 10:45:52',	'2018-04-11 10:45:52',	''),
(1158,	1,	140,	'App\\Message',	'2018-03-05 13:14:42',	'2018-04-11 10:45:52',	'2018-04-11 10:45:52',	''),
(1159,	1,	141,	'App\\Message',	'2018-03-05 13:19:32',	'2018-04-11 10:45:52',	'2018-04-11 10:45:52',	''),
(1160,	1,	142,	'App\\Message',	'2018-03-05 13:46:46',	'2018-04-11 10:45:52',	'2018-04-11 10:45:52',	''),
(1161,	1,	143,	'App\\Message',	'2018-03-05 14:50:59',	'2018-04-11 10:45:52',	'2018-04-11 10:45:52',	''),
(1162,	1,	144,	'App\\Message',	'2018-03-05 15:24:24',	'2018-04-11 10:45:52',	'2018-04-11 10:45:52',	''),
(1163,	1,	103,	'App\\VideoDiscussion',	'2018-03-06 15:40:47',	'2018-04-11 10:45:52',	'2018-04-11 10:45:52',	''),
(1164,	1,	104,	'App\\VideoDiscussion',	'2018-03-08 10:46:33',	'2018-04-11 10:45:52',	'2018-04-11 10:45:52',	''),
(1165,	1,	167,	'App\\ProgressBar',	'2018-03-08 12:33:49',	'2018-03-08 12:33:49',	NULL,	'updated'),
(1166,	1,	105,	'App\\VideoDiscussion',	'2018-03-08 12:37:23',	'2018-04-11 10:45:52',	'2018-04-11 10:45:52',	''),
(1167,	1,	106,	'App\\VideoDiscussion',	'2018-03-08 12:38:27',	'2018-04-11 10:45:52',	'2018-04-11 10:45:52',	''),
(1168,	1,	137,	'App\\VideoDiscussionQuestionAnswer',	'2018-03-08 12:38:39',	'2018-04-11 10:45:52',	'2018-04-11 10:45:52',	'response'),
(1169,	1,	138,	'App\\VideoDiscussionQuestionAnswer',	'2018-03-08 12:38:39',	'2018-04-11 10:45:52',	'2018-04-11 10:45:52',	'response'),
(1170,	1,	107,	'App\\VideoDiscussion',	'2018-03-08 12:39:39',	'2018-04-11 10:45:52',	'2018-04-11 10:45:52',	''),
(1171,	1,	168,	'App\\ProgressBar',	'2018-03-08 14:59:16',	'2018-04-11 10:45:52',	'2018-04-11 10:45:52',	'updated'),
(1172,	1,	132,	'App\\ProgressBarStepProgress',	'2018-03-08 15:00:34',	'2018-04-11 10:45:52',	'2018-04-11 10:45:52',	'completed'),
(1173,	1,	133,	'App\\ProgressBarStepProgress',	'2018-03-08 15:00:38',	'2018-04-11 10:45:52',	'2018-04-11 10:45:52',	'completed'),
(1174,	1,	331,	'App\\Video',	'2018-03-08 20:06:34',	'2018-03-08 20:06:34',	NULL,	''),
(1175,	1,	108,	'App\\VideoDiscussion',	'2018-03-08 20:07:18',	'2018-04-11 10:45:52',	'2018-04-11 10:45:52',	''),
(1176,	1,	139,	'App\\VideoDiscussionQuestionAnswer',	'2018-03-08 20:15:06',	'2018-04-11 10:45:52',	'2018-04-11 10:45:52',	'response'),
(1177,	1,	140,	'App\\VideoDiscussionQuestionAnswer',	'2018-03-08 20:15:06',	'2018-04-11 10:45:52',	'2018-04-11 10:45:52',	'response'),
(1178,	1,	139,	'App\\VideoDiscussionQuestionAnswer',	'2018-03-08 20:15:38',	'2018-04-11 10:45:52',	'2018-04-11 10:45:52',	'comment'),
(1179,	1,	164,	'App\\ProgressBar',	'2018-03-08 20:23:50',	'2018-04-11 10:45:52',	'2018-04-11 10:45:52',	'updated'),
(1180,	1,	164,	'App\\ProgressBar',	'2018-03-08 20:24:50',	'2018-04-11 10:45:52',	'2018-04-11 10:45:52',	'updated'),
(1181,	1,	164,	'App\\ProgressBar',	'2018-03-08 20:25:13',	'2018-04-11 10:45:52',	'2018-04-11 10:45:52',	'updated'),
(1182,	1,	164,	'App\\ProgressBar',	'2018-03-08 20:26:01',	'2018-04-11 10:45:52',	'2018-04-11 10:45:52',	'updated'),
(1183,	1,	109,	'App\\VideoDiscussion',	'2018-03-12 13:46:17',	'2018-04-11 10:45:52',	'2018-04-11 10:45:52',	''),
(1184,	1,	155,	'App\\VideoDiscussionQuestionAnswer',	'2018-03-12 14:40:42',	'2018-04-11 10:45:52',	'2018-04-11 10:45:52',	'response'),
(1185,	1,	156,	'App\\VideoDiscussionQuestionAnswer',	'2018-03-12 14:40:42',	'2018-04-11 10:45:52',	'2018-04-11 10:45:52',	'response'),
(1186,	1,	159,	'App\\VideoDiscussionQuestionAnswer',	'2018-03-12 14:41:35',	'2018-04-11 10:45:52',	'2018-04-11 10:45:52',	'response'),
(1187,	1,	160,	'App\\VideoDiscussionQuestionAnswer',	'2018-03-12 14:41:35',	'2018-04-11 10:45:52',	'2018-04-11 10:45:52',	'response'),
(1188,	1,	168,	'App\\ProgressBar',	'2018-03-12 15:07:08',	'2018-04-11 10:45:52',	'2018-04-11 10:45:52',	'updated'),
(1189,	1,	332,	'App\\Video',	'2018-03-13 10:07:30',	'2018-03-13 10:07:30',	NULL,	''),
(1190,	1,	110,	'App\\VideoDiscussion',	'2018-03-13 10:07:49',	'2018-04-11 10:45:52',	'2018-04-11 10:45:52',	''),
(1191,	1,	161,	'App\\VideoDiscussionQuestionAnswer',	'2018-03-13 10:08:07',	'2018-04-11 10:45:52',	'2018-04-11 10:45:52',	'response'),
(1192,	1,	162,	'App\\VideoDiscussionQuestionAnswer',	'2018-03-13 10:08:07',	'2018-04-11 10:45:52',	'2018-04-11 10:45:52',	'response'),
(1193,	1,	163,	'App\\VideoDiscussionQuestionAnswer',	'2018-03-13 10:08:07',	'2018-04-11 10:45:52',	'2018-04-11 10:45:52',	'response'),
(1194,	1,	164,	'App\\VideoDiscussionQuestionAnswer',	'2018-03-13 10:45:45',	'2018-04-11 10:45:52',	'2018-04-11 10:45:52',	'response'),
(1195,	1,	165,	'App\\VideoDiscussionQuestionAnswer',	'2018-03-13 10:45:45',	'2018-04-11 10:45:52',	'2018-04-11 10:45:52',	'response'),
(1196,	1,	164,	'App\\VideoDiscussionQuestionAnswer',	'2018-03-13 10:46:13',	'2018-04-11 10:45:52',	'2018-04-11 10:45:52',	'comment'),
(1197,	1,	164,	'App\\VideoDiscussionQuestionAnswer',	'2018-03-13 10:46:25',	'2018-04-11 10:45:52',	'2018-04-11 10:45:52',	'comment'),
(1198,	1,	165,	'App\\VideoDiscussionQuestionAnswer',	'2018-03-13 10:46:37',	'2018-04-11 10:45:52',	'2018-04-11 10:45:52',	'comment'),
(1199,	1,	165,	'App\\VideoDiscussionQuestionAnswer',	'2018-03-13 10:56:03',	'2018-04-11 10:45:52',	'2018-04-11 10:45:52',	'comment'),
(1200,	1,	166,	'App\\VideoDiscussionQuestionAnswer',	'2018-03-13 11:29:43',	'2018-04-11 10:45:52',	'2018-04-11 10:45:52',	'response'),
(1201,	1,	167,	'App\\VideoDiscussionQuestionAnswer',	'2018-03-13 11:29:43',	'2018-04-11 10:45:52',	'2018-04-11 10:45:52',	'response'),
(1202,	1,	167,	'App\\VideoDiscussionQuestionAnswer',	'2018-03-13 11:30:25',	'2018-04-11 10:45:52',	'2018-04-11 10:45:52',	'comment'),
(1203,	1,	168,	'App\\VideoDiscussionQuestionAnswer',	'2018-03-13 11:33:44',	'2018-04-11 10:45:52',	'2018-04-11 10:45:52',	'response'),
(1204,	1,	169,	'App\\VideoDiscussionQuestionAnswer',	'2018-03-13 11:33:44',	'2018-04-11 10:45:52',	'2018-04-11 10:45:52',	'response'),
(1205,	1,	170,	'App\\VideoDiscussionQuestionAnswer',	'2018-03-13 11:38:03',	'2018-04-11 10:45:52',	'2018-04-11 10:45:52',	'response'),
(1206,	1,	171,	'App\\VideoDiscussionQuestionAnswer',	'2018-03-13 11:38:03',	'2018-04-11 10:45:52',	'2018-04-11 10:45:52',	'response'),
(1207,	1,	168,	'App\\ProgressBar',	'2018-03-14 09:55:55',	'2018-04-11 10:45:52',	'2018-04-11 10:45:52',	'updated'),
(1208,	1,	168,	'App\\ProgressBar',	'2018-03-14 09:58:06',	'2018-04-11 10:45:52',	'2018-04-11 10:45:52',	'updated'),
(1209,	1,	168,	'App\\ProgressBar',	'2018-03-14 09:58:22',	'2018-04-11 10:45:52',	'2018-04-11 10:45:52',	'updated'),
(1210,	1,	111,	'App\\VideoDiscussion',	'2018-03-14 13:46:55',	'2018-04-11 10:45:52',	'2018-04-11 10:45:52',	''),
(1211,	1,	174,	'App\\VideoDiscussionQuestionAnswer',	'2018-03-14 13:48:07',	'2018-04-11 10:45:52',	'2018-04-11 10:45:52',	'response'),
(1212,	1,	175,	'App\\VideoDiscussionQuestionAnswer',	'2018-03-14 13:48:07',	'2018-04-11 10:45:52',	'2018-04-11 10:45:52',	'response'),
(1213,	1,	176,	'App\\VideoDiscussionQuestionAnswer',	'2018-03-14 13:48:07',	'2018-04-11 10:45:52',	'2018-04-11 10:45:52',	'response'),
(1214,	1,	177,	'App\\VideoDiscussionQuestionAnswer',	'2018-03-14 13:48:07',	'2018-04-11 10:45:52',	'2018-04-11 10:45:52',	'response'),
(1215,	1,	178,	'App\\VideoDiscussionQuestionAnswer',	'2018-03-14 13:48:07',	'2018-04-11 10:45:52',	'2018-04-11 10:45:52',	'response'),
(1216,	1,	179,	'App\\VideoDiscussionQuestionAnswer',	'2018-03-14 13:48:07',	'2018-04-11 10:45:52',	'2018-04-11 10:45:52',	'response'),
(1217,	154,	180,	'App\\VideoDiscussionQuestionAnswer',	'2018-03-14 13:49:22',	'2018-04-16 10:32:54',	'2018-04-16 10:32:54',	'response'),
(1218,	154,	181,	'App\\VideoDiscussionQuestionAnswer',	'2018-03-14 13:49:22',	'2018-04-16 10:32:54',	'2018-04-16 10:32:54',	'response'),
(1219,	154,	182,	'App\\VideoDiscussionQuestionAnswer',	'2018-03-14 13:49:22',	'2018-04-16 10:32:54',	'2018-04-16 10:32:54',	'response'),
(1220,	154,	183,	'App\\VideoDiscussionQuestionAnswer',	'2018-03-14 13:49:22',	'2018-04-16 10:32:54',	'2018-04-16 10:32:54',	'response'),
(1221,	154,	184,	'App\\VideoDiscussionQuestionAnswer',	'2018-03-14 13:49:22',	'2018-04-16 10:32:54',	'2018-04-16 10:32:54',	'response'),
(1222,	154,	185,	'App\\VideoDiscussionQuestionAnswer',	'2018-03-14 13:49:22',	'2018-04-16 10:32:54',	'2018-04-16 10:32:54',	'response'),
(1223,	154,	180,	'App\\VideoDiscussionQuestionAnswer',	'2018-03-14 13:49:58',	'2018-04-16 10:32:54',	'2018-04-16 10:32:54',	'comment'),
(1224,	154,	180,	'App\\VideoDiscussionQuestionAnswer',	'2018-03-14 13:50:40',	'2018-04-16 10:32:54',	'2018-04-16 10:32:54',	'comment'),
(1225,	154,	182,	'App\\VideoDiscussionQuestionAnswer',	'2018-03-14 13:51:03',	'2018-04-16 10:32:54',	'2018-04-16 10:32:54',	'comment'),
(1226,	154,	180,	'App\\VideoDiscussionQuestionAnswer',	'2018-03-14 13:52:57',	'2018-04-16 10:32:54',	'2018-04-16 10:32:54',	'comment'),
(1227,	154,	184,	'App\\VideoDiscussionQuestionAnswer',	'2018-03-14 13:53:29',	'2018-04-16 10:32:54',	'2018-04-16 10:32:54',	'comment'),
(1228,	154,	184,	'App\\VideoDiscussionQuestionAnswer',	'2018-03-14 13:53:54',	'2018-04-16 10:32:54',	'2018-04-16 10:32:54',	'comment'),
(1229,	1,	114,	'App\\VideoDiscussion',	'2018-03-15 09:42:47',	'2018-04-11 10:45:52',	'2018-04-11 10:45:52',	''),
(1230,	1,	115,	'App\\VideoDiscussion',	'2018-03-15 09:47:45',	'2018-04-11 10:45:52',	'2018-04-11 10:45:52',	''),
(1231,	1,	116,	'App\\VideoDiscussion',	'2018-03-15 10:28:09',	'2018-04-11 10:45:52',	'2018-04-11 10:45:52',	''),
(1232,	1,	117,	'App\\VideoDiscussion',	'2018-03-15 10:28:42',	'2018-04-11 10:45:52',	'2018-04-11 10:45:52',	''),
(1233,	1,	134,	'App\\ProgressBarStepProgress',	'2018-03-15 20:19:05',	'2018-04-11 10:45:52',	'2018-04-11 10:45:52',	'completed'),
(1234,	1,	135,	'App\\ProgressBarStepProgress',	'2018-03-16 07:38:46',	'2018-04-11 10:45:52',	'2018-04-11 10:45:52',	'started'),
(1235,	1,	136,	'App\\ProgressBarStepProgress',	'2018-03-16 08:23:41',	'2018-04-11 10:45:52',	'2018-04-11 10:45:52',	'started'),
(1236,	1,	137,	'App\\ProgressBarStepProgress',	'2018-03-16 08:37:23',	'2018-04-11 10:45:52',	'2018-04-11 10:45:52',	'completed'),
(1237,	1,	138,	'App\\ProgressBarStepProgress',	'2018-03-16 08:47:15',	'2018-04-11 10:45:52',	'2018-04-11 10:45:52',	'started'),
(1238,	1,	333,	'App\\Video',	'2018-03-19 10:56:08',	'2018-03-19 10:56:08',	NULL,	''),
(1239,	1,	118,	'App\\VideoDiscussion',	'2018-03-19 10:59:41',	'2018-04-11 10:45:52',	'2018-04-11 10:45:52',	''),
(1240,	1,	119,	'App\\VideoDiscussion',	'2018-03-19 11:01:36',	'2018-04-11 10:45:52',	'2018-04-11 10:45:52',	''),
(1241,	1,	186,	'App\\VideoDiscussionQuestionAnswer',	'2018-03-19 11:01:45',	'2018-04-11 10:45:52',	'2018-04-11 10:45:52',	'response'),
(1242,	1,	187,	'App\\VideoDiscussionQuestionAnswer',	'2018-03-19 11:01:56',	'2018-04-11 10:45:52',	'2018-04-11 10:45:52',	'response'),
(1243,	1,	334,	'App\\Video',	'2018-03-19 11:31:22',	'2018-03-19 11:31:22',	NULL,	''),
(1244,	1,	187,	'App\\VideoDiscussionQuestionAnswer',	'2018-03-19 11:46:35',	'2018-04-11 10:45:52',	'2018-04-11 10:45:52',	'comment'),
(1245,	1,	191,	'App\\VideoDiscussionQuestionAnswer',	'2018-03-19 11:46:46',	'2018-04-11 10:45:52',	'2018-04-11 10:45:52',	'response'),
(1246,	1,	335,	'App\\Video',	'2018-03-19 11:50:29',	'2018-03-19 11:50:29',	NULL,	''),
(1247,	155,	336,	'App\\Video',	'2018-03-19 11:51:29',	'2018-03-19 11:51:29',	NULL,	''),
(1248,	1,	120,	'App\\VideoDiscussion',	'2018-03-19 11:53:05',	'2018-04-11 10:45:52',	'2018-04-11 10:45:52',	''),
(1249,	1,	138,	'App\\UserShare',	'2018-03-19 11:54:55',	'2018-04-16 10:37:22',	'2018-04-16 10:37:22',	''),
(1250,	155,	195,	'App\\VideoDiscussionQuestionAnswer',	'2018-03-19 11:56:33',	'2018-04-16 10:32:54',	'2018-04-16 10:32:54',	'response'),
(1251,	155,	196,	'App\\VideoDiscussionQuestionAnswer',	'2018-03-19 11:56:33',	'2018-04-16 10:32:54',	'2018-04-16 10:32:54',	'response'),
(1252,	155,	197,	'App\\VideoDiscussionQuestionAnswer',	'2018-03-19 11:56:33',	'2018-04-16 10:32:54',	'2018-04-16 10:32:54',	'response'),
(1253,	1,	201,	'App\\VideoDiscussionQuestionAnswer',	'2018-03-19 11:58:32',	'2018-04-16 10:37:22',	'2018-04-16 10:37:22',	'response'),
(1254,	1,	202,	'App\\VideoDiscussionQuestionAnswer',	'2018-03-19 11:58:32',	'2018-04-16 10:37:22',	'2018-04-16 10:37:22',	'response'),
(1255,	1,	203,	'App\\VideoDiscussionQuestionAnswer',	'2018-03-19 11:58:32',	'2018-04-16 10:37:22',	'2018-04-16 10:37:22',	'response'),
(1256,	1,	139,	'App\\UserShare',	'2018-03-19 11:59:06',	'2018-04-16 10:55:44',	'2018-04-16 10:55:44',	''),
(1257,	154,	207,	'App\\VideoDiscussionQuestionAnswer',	'2018-03-19 12:02:21',	'2018-04-16 10:37:22',	'2018-04-16 10:37:22',	'response'),
(1258,	154,	208,	'App\\VideoDiscussionQuestionAnswer',	'2018-03-19 12:02:21',	'2018-04-16 10:37:22',	'2018-04-16 10:37:22',	'response'),
(1259,	154,	209,	'App\\VideoDiscussionQuestionAnswer',	'2018-03-19 12:02:21',	'2018-04-16 10:37:22',	'2018-04-16 10:37:22',	'response'),
(1260,	155,	121,	'App\\VideoDiscussion',	'2018-03-19 12:06:19',	'2018-03-19 12:06:19',	NULL,	''),
(1261,	155,	140,	'App\\UserShare',	'2018-03-19 12:06:43',	'2018-04-16 10:55:44',	'2018-04-16 10:55:44',	''),
(1262,	154,	211,	'App\\VideoDiscussionQuestionAnswer',	'2018-03-19 12:07:10',	'2018-04-16 10:37:22',	'2018-04-16 10:37:22',	'response'),
(1263,	155,	213,	'App\\VideoDiscussionQuestionAnswer',	'2018-03-19 12:07:36',	'2018-04-16 10:55:44',	'2018-04-16 10:55:44',	'response'),
(1264,	1,	337,	'App\\Video',	'2018-03-19 12:10:12',	'2018-03-19 12:10:12',	NULL,	''),
(1265,	1,	141,	'App\\UserShare',	'2018-03-19 12:10:27',	'2018-04-16 10:55:44',	'2018-04-16 10:55:44',	''),
(1266,	1,	142,	'App\\UserShare',	'2018-03-19 12:10:27',	'2018-04-16 10:37:22',	'2018-04-16 10:37:22',	''),
(1267,	154,	338,	'App\\Video',	'2018-03-19 12:10:41',	'2018-03-19 12:10:41',	NULL,	''),
(1268,	1,	122,	'App\\VideoDiscussion',	'2018-03-19 12:11:39',	'2018-04-16 10:55:44',	'2018-04-16 10:55:44',	''),
(1274,	1,	339,	'App\\Video',	'2018-03-20 08:46:55',	'2018-03-20 08:46:55',	NULL,	''),
(1275,	1,	340,	'App\\Video',	'2018-03-20 08:51:54',	'2018-03-20 08:51:54',	NULL,	''),
(1276,	1,	123,	'App\\VideoDiscussion',	'2018-03-20 09:01:14',	'2018-04-11 10:45:52',	'2018-04-11 10:45:52',	''),
(1277,	1,	124,	'App\\VideoDiscussion',	'2018-03-20 09:02:48',	'2018-04-11 10:45:52',	'2018-04-11 10:45:52',	''),
(1278,	1,	125,	'App\\VideoDiscussion',	'2018-03-20 09:05:35',	'2018-04-11 10:45:52',	'2018-04-11 10:45:52',	''),
(1279,	1,	173,	'App\\ProgressBar',	'2018-03-20 09:21:07',	'2018-04-11 10:45:52',	'2018-04-11 10:45:52',	'updated'),
(1280,	1,	173,	'App\\ProgressBar',	'2018-03-20 09:21:37',	'2018-04-11 10:45:52',	'2018-04-11 10:45:52',	'updated'),
(1281,	1,	173,	'App\\ProgressBar',	'2018-03-20 09:21:55',	'2018-04-11 10:45:52',	'2018-04-11 10:45:52',	'updated'),
(1282,	1,	173,	'App\\ProgressBar',	'2018-03-20 09:22:32',	'2018-04-11 10:45:52',	'2018-04-11 10:45:52',	'updated'),
(1283,	1,	173,	'App\\ProgressBar',	'2018-03-20 09:22:42',	'2018-04-11 10:45:52',	'2018-04-11 10:45:52',	'updated'),
(1284,	1,	173,	'App\\ProgressBar',	'2018-03-20 09:25:36',	'2018-04-11 10:45:52',	'2018-04-11 10:45:52',	'updated'),
(1285,	1,	139,	'App\\ProgressBarStepProgress',	'2018-03-20 09:25:43',	'2018-04-11 10:45:52',	'2018-04-11 10:45:52',	'completed'),
(1286,	1,	140,	'App\\ProgressBarStepProgress',	'2018-03-20 09:25:46',	'2018-04-11 10:45:52',	'2018-04-11 10:45:52',	'completed'),
(1287,	1,	141,	'App\\ProgressBarStepProgress',	'2018-03-20 09:25:50',	'2018-04-11 10:45:52',	'2018-04-11 10:45:52',	'completed'),
(1288,	1,	142,	'App\\ProgressBarStepProgress',	'2018-03-20 09:25:56',	'2018-04-11 10:45:52',	'2018-04-11 10:45:52',	'started'),
(1289,	1,	173,	'App\\ProgressBar',	'2018-03-20 09:26:31',	'2018-04-11 10:45:52',	'2018-04-11 10:45:52',	'updated'),
(1290,	1,	143,	'App\\ProgressBarStepProgress',	'2018-03-20 09:26:36',	'2018-04-11 10:45:52',	'2018-04-11 10:45:52',	'completed'),
(1291,	1,	174,	'App\\ProgressBar',	'2018-03-20 09:28:53',	'2018-04-11 10:45:52',	'2018-04-11 10:45:52',	'updated'),
(1292,	1,	144,	'App\\ProgressBarStepProgress',	'2018-03-20 09:29:03',	'2018-04-11 10:45:52',	'2018-04-11 10:45:52',	'started'),
(1293,	1,	145,	'App\\ProgressBarStepProgress',	'2018-03-20 09:30:03',	'2018-04-11 10:45:52',	'2018-04-11 10:45:52',	'completed'),
(1294,	1,	175,	'App\\ProgressBar',	'2018-03-20 09:39:00',	'2018-04-11 10:45:52',	'2018-04-11 10:45:52',	'updated'),
(1295,	1,	146,	'App\\ProgressBarStepProgress',	'2018-03-20 09:39:08',	'2018-04-11 10:45:52',	'2018-04-11 10:45:52',	'started'),
(1296,	1,	147,	'App\\ProgressBarStepProgress',	'2018-03-20 09:39:18',	'2018-04-11 10:45:52',	'2018-04-11 10:45:52',	'completed'),
(1297,	1,	175,	'App\\ProgressBar',	'2018-03-20 09:39:42',	'2018-04-11 10:45:52',	'2018-04-11 10:45:52',	'updated'),
(1298,	1,	148,	'App\\ProgressBarStepProgress',	'2018-03-20 09:39:47',	'2018-04-11 10:45:52',	'2018-04-11 10:45:52',	'started'),
(1299,	1,	175,	'App\\ProgressBar',	'2018-03-20 09:39:58',	'2018-04-11 10:45:52',	'2018-04-11 10:45:52',	'updated'),
(1300,	1,	175,	'App\\ProgressBar',	'2018-03-20 09:40:09',	'2018-04-11 10:45:52',	'2018-04-11 10:45:52',	'updated'),
(1301,	1,	149,	'App\\ProgressBarStepProgress',	'2018-03-20 09:40:13',	'2018-04-11 10:45:52',	'2018-04-11 10:45:52',	'completed'),
(1302,	1,	175,	'App\\ProgressBar',	'2018-03-20 09:40:40',	'2018-04-11 10:45:52',	'2018-04-11 10:45:52',	'updated'),
(1303,	1,	150,	'App\\ProgressBarStepProgress',	'2018-03-20 09:40:46',	'2018-04-11 10:45:52',	'2018-04-11 10:45:52',	'started'),
(1304,	1,	175,	'App\\ProgressBar',	'2018-03-20 09:40:58',	'2018-04-11 10:45:52',	'2018-04-11 10:45:52',	'updated'),
(1305,	1,	151,	'App\\ProgressBarStepProgress',	'2018-03-20 09:41:02',	'2018-04-11 10:45:52',	'2018-04-11 10:45:52',	'started'),
(1306,	1,	175,	'App\\ProgressBar',	'2018-03-20 09:41:28',	'2018-04-11 10:45:52',	'2018-04-11 10:45:52',	'updated'),
(1307,	1,	152,	'App\\ProgressBarStepProgress',	'2018-03-20 09:41:33',	'2018-04-11 10:45:52',	'2018-04-11 10:45:52',	'started'),
(1308,	1,	175,	'App\\ProgressBar',	'2018-03-20 09:41:42',	'2018-04-11 10:45:52',	'2018-04-11 10:45:52',	'updated'),
(1309,	1,	153,	'App\\ProgressBarStepProgress',	'2018-03-20 09:41:52',	'2018-04-11 10:45:52',	'2018-04-11 10:45:52',	'started'),
(1310,	1,	175,	'App\\ProgressBar',	'2018-03-20 09:42:03',	'2018-04-11 10:45:52',	'2018-04-11 10:45:52',	'updated'),
(1311,	1,	154,	'App\\ProgressBarStepProgress',	'2018-03-20 09:42:08',	'2018-04-11 10:45:52',	'2018-04-11 10:45:52',	'started'),
(1312,	1,	175,	'App\\ProgressBar',	'2018-03-20 09:42:18',	'2018-04-11 10:45:52',	'2018-04-11 10:45:52',	'updated'),
(1313,	1,	155,	'App\\ProgressBarStepProgress',	'2018-03-20 09:42:22',	'2018-04-11 10:45:52',	'2018-04-11 10:45:52',	'started'),
(1314,	1,	175,	'App\\ProgressBar',	'2018-03-20 09:42:48',	'2018-04-11 10:45:52',	'2018-04-11 10:45:52',	'updated'),
(1315,	1,	156,	'App\\ProgressBarStepProgress',	'2018-03-20 09:42:52',	'2018-04-11 10:45:52',	'2018-04-11 10:45:52',	'started'),
(1316,	1,	175,	'App\\ProgressBar',	'2018-03-20 09:46:29',	'2018-04-11 10:45:52',	'2018-04-11 10:45:52',	'updated'),
(1317,	1,	157,	'App\\ProgressBarStepProgress',	'2018-03-20 09:46:34',	'2018-04-11 10:45:52',	'2018-04-11 10:45:52',	'started'),
(1318,	1,	175,	'App\\ProgressBar',	'2018-03-20 09:46:59',	'2018-04-11 10:45:52',	'2018-04-11 10:45:52',	'updated'),
(1319,	1,	158,	'App\\ProgressBarStepProgress',	'2018-03-20 09:47:03',	'2018-04-11 10:45:52',	'2018-04-11 10:45:52',	'started'),
(1320,	1,	175,	'App\\ProgressBar',	'2018-03-20 09:47:18',	'2018-04-11 10:45:52',	'2018-04-11 10:45:52',	'updated'),
(1321,	1,	159,	'App\\ProgressBarStepProgress',	'2018-03-20 09:47:22',	'2018-04-11 10:45:52',	'2018-04-11 10:45:52',	'started'),
(1322,	1,	175,	'App\\ProgressBar',	'2018-03-20 09:54:40',	'2018-04-11 10:45:52',	'2018-04-11 10:45:52',	'updated'),
(1323,	1,	160,	'App\\ProgressBarStepProgress',	'2018-03-20 09:54:51',	'2018-04-11 10:45:52',	'2018-04-11 10:45:52',	'started'),
(1324,	1,	341,	'App\\Video',	'2018-03-20 10:39:09',	'2018-03-20 10:39:09',	NULL,	''),
(1325,	1,	126,	'App\\VideoDiscussion',	'2018-03-20 10:53:14',	'2018-04-11 10:45:52',	'2018-04-11 10:45:52',	''),
(1326,	1,	127,	'App\\VideoDiscussion',	'2018-03-20 10:53:54',	'2018-04-11 10:45:52',	'2018-04-11 10:45:52',	''),
(1327,	1,	129,	'App\\VideoDiscussion',	'2018-03-20 11:00:04',	'2018-04-16 10:55:44',	'2018-04-16 10:55:44',	''),
(1328,	1,	342,	'App\\Video',	'2018-03-20 12:03:17',	'2018-03-20 12:03:17',	NULL,	''),
(1329,	1,	343,	'App\\Video',	'2018-03-20 12:04:18',	'2018-03-20 12:04:18',	NULL,	''),
(1330,	1,	130,	'App\\VideoDiscussion',	'2018-03-20 12:28:16',	'2018-04-16 10:55:44',	'2018-04-16 10:55:44',	''),
(1331,	1,	131,	'App\\VideoDiscussion',	'2018-03-20 12:31:38',	'2018-04-16 10:37:22',	'2018-04-16 10:37:22',	''),
(1332,	1,	143,	'App\\UserShare',	'2018-03-20 12:31:52',	'2018-04-16 10:37:22',	'2018-04-16 10:37:22',	''),
(1333,	1,	132,	'App\\VideoDiscussion',	'2018-03-20 12:45:16',	'2018-04-16 10:55:44',	'2018-04-16 10:55:44',	''),
(1334,	154,	226,	'App\\VideoDiscussionQuestionAnswer',	'2018-03-20 12:52:07',	'2018-04-16 10:37:22',	'2018-04-16 10:37:22',	'response'),
(1335,	1,	133,	'App\\VideoDiscussion',	'2018-03-20 12:54:53',	'2018-04-16 10:37:22',	'2018-04-16 10:37:22',	''),
(1336,	1,	134,	'App\\VideoDiscussion',	'2018-03-20 12:59:16',	'2018-04-16 10:37:22',	'2018-04-16 10:37:22',	''),
(1337,	1,	135,	'App\\VideoDiscussion',	'2018-03-20 13:00:43',	'2018-04-16 10:37:22',	'2018-04-16 10:37:22',	''),
(1338,	1,	137,	'App\\VideoDiscussion',	'2018-03-20 13:02:45',	'2018-04-16 10:37:22',	'2018-04-16 10:37:22',	''),
(1339,	1,	138,	'App\\VideoDiscussion',	'2018-03-20 13:08:24',	'2018-04-16 10:37:22',	'2018-04-16 10:37:22',	''),
(1340,	1,	139,	'App\\VideoDiscussion',	'2018-03-20 13:10:39',	'2018-04-16 10:37:22',	'2018-04-16 10:37:22',	''),
(1341,	1,	140,	'App\\VideoDiscussion',	'2018-03-20 13:11:20',	'2018-04-16 10:55:44',	'2018-04-16 10:55:44',	''),
(1342,	1,	141,	'App\\VideoDiscussion',	'2018-03-20 13:12:07',	'2018-04-16 10:37:22',	'2018-04-16 10:37:22',	''),
(1343,	1,	142,	'App\\VideoDiscussion',	'2018-03-20 13:14:18',	'2018-04-16 10:55:44',	'2018-04-16 10:55:44',	''),
(1344,	1,	344,	'App\\Video',	'2018-03-20 13:46:14',	'2018-03-20 13:46:14',	NULL,	''),
(1345,	1,	144,	'App\\UserShare',	'2018-03-20 13:47:03',	'2018-04-12 13:53:31',	'2018-04-12 13:53:31',	''),
(1346,	1,	227,	'App\\VideoDiscussionQuestionAnswer',	'2018-03-20 15:07:38',	'2018-04-12 13:53:31',	'2018-04-12 13:53:31',	'response'),
(1347,	155,	345,	'App\\Video',	'2018-03-22 10:07:07',	'2018-03-22 10:07:07',	NULL,	''),
(1348,	155,	346,	'App\\Video',	'2018-03-22 10:09:03',	'2018-03-22 10:09:03',	NULL,	''),
(1349,	155,	347,	'App\\Video',	'2018-03-22 10:10:23',	'2018-03-22 10:10:23',	NULL,	''),
(1350,	155,	171,	'App\\ProgressBar',	'2018-03-22 10:52:36',	'2018-04-16 10:32:54',	'2018-04-16 10:32:54',	'updated'),
(1351,	155,	171,	'App\\ProgressBar',	'2018-03-22 10:52:54',	'2018-04-16 10:32:54',	'2018-04-16 10:32:54',	'updated'),
(1352,	155,	171,	'App\\ProgressBar',	'2018-03-22 10:55:37',	'2018-04-16 10:32:54',	'2018-04-16 10:32:54',	'updated'),
(1353,	155,	171,	'App\\ProgressBar',	'2018-03-22 11:02:27',	'2018-04-16 10:32:54',	'2018-04-16 10:32:54',	'updated'),
(1354,	155,	171,	'App\\ProgressBar',	'2018-03-22 11:09:25',	'2018-04-16 10:32:54',	'2018-04-16 10:32:54',	'updated'),
(1355,	155,	171,	'App\\ProgressBar',	'2018-03-22 11:12:40',	'2018-04-16 10:32:54',	'2018-04-16 10:32:54',	'updated'),
(1356,	1,	176,	'App\\ProgressBar',	'2018-03-22 11:13:51',	'2018-04-11 10:45:52',	'2018-04-11 10:45:52',	'updated'),
(1357,	1,	176,	'App\\ProgressBar',	'2018-03-22 11:32:38',	'2018-04-11 10:45:52',	'2018-04-11 10:45:52',	'updated'),
(1358,	1,	176,	'App\\ProgressBar',	'2018-03-22 11:32:50',	'2018-04-11 10:45:52',	'2018-04-11 10:45:52',	'updated'),
(1359,	155,	348,	'App\\Video',	'2018-03-23 11:36:26',	'2018-03-23 11:36:26',	NULL,	''),
(1360,	154,	349,	'App\\Video',	'2018-03-23 11:46:17',	'2018-03-23 11:46:17',	NULL,	''),
(1361,	154,	145,	'App\\UserShare',	'2018-03-23 11:46:30',	'2018-04-16 10:32:54',	'2018-04-16 10:32:54',	''),
(1362,	155,	171,	'App\\ProgressBar',	'2018-03-23 13:24:53',	'2018-04-16 10:32:54',	'2018-04-16 10:32:54',	'updated'),
(1363,	155,	177,	'App\\ProgressBar',	'2018-03-23 13:25:19',	'2018-04-16 10:32:54',	'2018-04-16 10:32:54',	'updated'),
(1364,	1,	178,	'App\\ProgressBar',	'2018-03-23 13:26:36',	'2018-04-11 10:45:52',	'2018-04-11 10:45:52',	'updated'),
(1365,	1,	161,	'App\\ProgressBarStepProgress',	'2018-03-23 13:26:41',	'2018-04-11 10:45:52',	'2018-04-11 10:45:52',	'started'),
(1366,	1,	162,	'App\\ProgressBarStepProgress',	'2018-03-23 13:26:53',	'2018-04-11 10:45:52',	'2018-04-11 10:45:52',	'started'),
(1367,	1,	178,	'App\\ProgressBar',	'2018-03-23 13:27:12',	'2018-04-11 10:45:52',	'2018-04-11 10:45:52',	'updated'),
(1368,	1,	163,	'App\\ProgressBarStepProgress',	'2018-03-23 13:27:18',	'2018-04-11 10:45:52',	'2018-04-11 10:45:52',	'completed'),
(1369,	1,	179,	'App\\ProgressBar',	'2018-03-23 13:31:33',	'2018-04-11 10:45:52',	'2018-04-11 10:45:52',	'updated'),
(1370,	1,	179,	'App\\ProgressBar',	'2018-03-23 13:31:43',	'2018-04-11 10:45:52',	'2018-04-11 10:45:52',	'updated'),
(1371,	1,	179,	'App\\ProgressBar',	'2018-03-23 13:32:11',	'2018-04-11 10:45:52',	'2018-04-11 10:45:52',	'updated'),
(1372,	1,	179,	'App\\ProgressBar',	'2018-03-23 13:32:18',	'2018-04-11 10:45:52',	'2018-04-11 10:45:52',	'updated'),
(1373,	1,	179,	'App\\ProgressBar',	'2018-03-23 13:32:59',	'2018-04-11 10:45:52',	'2018-04-11 10:45:52',	'updated'),
(1374,	1,	179,	'App\\ProgressBar',	'2018-03-23 13:33:10',	'2018-04-11 10:45:52',	'2018-04-11 10:45:52',	'updated'),
(1375,	1,	180,	'App\\ProgressBar',	'2018-03-23 13:35:19',	'2018-04-11 10:45:52',	'2018-04-11 10:45:52',	'updated'),
(1376,	1,	180,	'App\\ProgressBar',	'2018-03-23 13:35:32',	'2018-04-11 10:45:52',	'2018-04-11 10:45:52',	'updated'),
(1377,	1,	164,	'App\\ProgressBarStepProgress',	'2018-03-23 13:38:42',	'2018-04-11 10:45:52',	'2018-04-11 10:45:52',	'started'),
(1378,	1,	165,	'App\\ProgressBarStepProgress',	'2018-03-23 13:39:27',	'2018-04-11 10:45:52',	'2018-04-11 10:45:52',	'completed'),
(1379,	1,	166,	'App\\ProgressBarStepProgress',	'2018-03-23 14:02:11',	'2018-04-11 10:45:52',	'2018-04-11 10:45:52',	'started'),
(1380,	1,	228,	'App\\VideoDiscussionQuestionAnswer',	'2018-03-26 09:43:13',	'2018-04-12 13:53:31',	'2018-04-12 13:53:31',	'response'),
(1381,	1,	229,	'App\\VideoDiscussionQuestionAnswer',	'2018-03-26 09:43:13',	'2018-04-12 13:53:31',	'2018-04-12 13:53:31',	'response'),
(1382,	1,	230,	'App\\VideoDiscussionQuestionAnswer',	'2018-03-26 09:43:13',	'2018-04-12 13:53:31',	'2018-04-12 13:53:31',	'response'),
(1383,	1,	231,	'App\\VideoDiscussionQuestionAnswer',	'2018-03-26 09:43:13',	'2018-04-12 13:53:31',	'2018-04-12 13:53:31',	'response'),
(1384,	1,	350,	'App\\Video',	'2018-03-26 10:56:27',	'2018-03-26 10:56:27',	NULL,	''),
(1385,	1,	351,	'App\\Video',	'2018-03-26 11:01:14',	'2018-03-26 11:01:14',	NULL,	''),
(1386,	1,	180,	'App\\ProgressBar',	'2018-03-26 14:57:15',	'2018-04-11 10:45:52',	'2018-04-11 10:45:52',	'updated'),
(1387,	1,	180,	'App\\ProgressBar',	'2018-03-26 14:57:57',	'2018-04-11 10:45:52',	'2018-04-11 10:45:52',	'updated'),
(1388,	1,	180,	'App\\ProgressBar',	'2018-03-26 14:59:12',	'2018-04-11 10:45:52',	'2018-04-11 10:45:52',	'updated'),
(1389,	1,	180,	'App\\ProgressBar',	'2018-03-26 15:27:52',	'2018-04-11 10:45:52',	'2018-04-11 10:45:52',	'updated'),
(1390,	79,	232,	'App\\VideoDiscussionQuestionAnswer',	'2018-03-26 15:55:42',	'2018-03-26 15:55:42',	NULL,	'response'),
(1391,	1,	182,	'App\\ProgressBar',	'2018-03-27 11:21:38',	'2018-04-11 10:45:52',	'2018-04-11 10:45:52',	'updated'),
(1392,	1,	167,	'App\\ProgressBarStepProgress',	'2018-03-27 11:21:44',	'2018-04-11 10:45:52',	'2018-04-11 10:45:52',	'started'),
(1393,	1,	168,	'App\\ProgressBarStepProgress',	'2018-03-27 11:22:35',	'2018-04-11 10:45:52',	'2018-04-11 10:45:52',	'started'),
(1394,	1,	169,	'App\\ProgressBarStepProgress',	'2018-03-27 11:22:41',	'2018-04-11 10:45:52',	'2018-04-11 10:45:52',	'started'),
(1395,	1,	352,	'App\\Video',	'2018-03-27 11:29:54',	'2018-03-27 11:29:54',	NULL,	''),
(1396,	1,	146,	'App\\UserShare',	'2018-03-27 11:30:21',	'2018-04-16 10:37:22',	'2018-04-16 10:37:22',	''),
(1397,	1,	147,	'App\\UserShare',	'2018-03-27 11:30:21',	'2018-04-16 10:55:44',	'2018-04-16 10:55:44',	''),
(1398,	1,	148,	'App\\UserShare',	'2018-03-27 11:30:21',	'2018-03-27 11:30:21',	NULL,	''),
(1399,	1,	353,	'App\\Video',	'2018-03-27 12:12:31',	'2018-04-16 10:55:44',	'2018-04-16 10:55:44',	''),
(1400,	1,	149,	'App\\UserShare',	'2018-03-27 12:12:47',	'2018-04-16 10:37:22',	'2018-04-16 10:37:22',	''),
(1401,	155,	233,	'App\\VideoDiscussionQuestionAnswer',	'2018-03-27 12:14:50',	'2018-04-16 10:32:54',	'2018-04-16 10:32:54',	'response'),
(1402,	1,	150,	'App\\UserShare',	'2018-03-27 12:17:08',	'2018-04-16 10:55:44',	'2018-04-16 10:55:44',	''),
(1403,	1,	353,	'App\\Video',	'2018-03-27 12:18:19',	'2018-04-16 10:55:44',	'2018-04-16 10:55:44',	'deleted'),
(1404,	1,	354,	'App\\Video',	'2018-03-27 12:19:10',	'2018-03-27 12:19:10',	NULL,	''),
(1405,	1,	151,	'App\\UserShare',	'2018-03-27 12:19:36',	'2018-04-16 10:55:44',	'2018-04-16 10:55:44',	''),
(1406,	1,	152,	'App\\UserShare',	'2018-03-27 12:23:49',	'2018-04-16 10:37:22',	'2018-04-16 10:37:22',	''),
(1407,	1,	355,	'App\\Video',	'2018-03-27 12:27:56',	'2018-03-27 12:27:56',	NULL,	''),
(1408,	1,	153,	'App\\UserShare',	'2018-03-27 12:28:10',	'2018-04-16 10:37:22',	'2018-04-16 10:37:22',	''),
(1409,	1,	154,	'App\\UserShare',	'2018-03-27 12:31:12',	'2018-04-16 10:55:44',	'2018-04-16 10:55:44',	''),
(1410,	1,	356,	'App\\Video',	'2018-03-27 12:43:26',	'2018-03-27 12:43:26',	NULL,	''),
(1411,	1,	155,	'App\\UserShare',	'2018-03-27 12:43:36',	'2018-04-16 10:55:44',	'2018-04-16 10:55:44',	''),
(1412,	1,	156,	'App\\UserShare',	'2018-03-27 12:44:13',	'2018-04-16 10:37:22',	'2018-04-16 10:37:22',	''),
(1413,	1,	357,	'App\\Video',	'2018-03-27 12:45:06',	'2018-03-27 12:45:06',	NULL,	''),
(1414,	1,	157,	'App\\UserShare',	'2018-03-27 12:45:16',	'2018-04-16 10:55:44',	'2018-04-16 10:55:44',	''),
(1415,	154,	234,	'App\\VideoDiscussionQuestionAnswer',	'2018-03-27 12:46:18',	'2018-04-16 10:32:54',	'2018-04-16 10:32:54',	'response'),
(1416,	1,	158,	'App\\UserShare',	'2018-03-27 12:47:24',	'2018-04-16 10:37:22',	'2018-04-16 10:37:22',	''),
(1417,	1,	159,	'App\\UserShare',	'2018-03-27 13:40:16',	'2018-04-16 10:37:22',	'2018-04-16 10:37:22',	''),
(1418,	1,	183,	'App\\ProgressBar',	'2018-03-28 10:16:39',	'2018-04-16 10:55:44',	'2018-04-16 10:55:44',	'updated'),
(1419,	1,	183,	'App\\ProgressBar',	'2018-03-28 10:20:18',	'2018-04-16 10:55:44',	'2018-04-16 10:55:44',	'updated'),
(1420,	1,	183,	'App\\ProgressBar',	'2018-03-28 10:21:20',	'2018-04-16 10:55:44',	'2018-04-16 10:55:44',	'updated'),
(1421,	1,	183,	'App\\ProgressBar',	'2018-03-28 10:21:52',	'2018-04-16 10:55:44',	'2018-04-16 10:55:44',	'updated'),
(1422,	154,	170,	'App\\ProgressBarStepProgress',	'2018-03-28 10:42:38',	'2018-04-16 10:32:54',	'2018-04-16 10:32:54',	'completed'),
(1423,	154,	171,	'App\\ProgressBarStepProgress',	'2018-03-28 10:42:46',	'2018-04-16 10:32:54',	'2018-04-16 10:32:54',	'completed'),
(1424,	154,	172,	'App\\ProgressBarStepProgress',	'2018-03-28 10:42:49',	'2018-04-16 10:32:54',	'2018-04-16 10:32:54',	'completed'),
(1425,	1,	184,	'App\\ProgressBar',	'2018-03-28 10:48:30',	'2018-04-16 10:55:44',	'2018-04-16 10:55:44',	'updated'),
(1426,	1,	173,	'App\\ProgressBarStepProgress',	'2018-03-28 10:51:28',	'2018-04-16 10:55:44',	'2018-04-16 10:55:44',	'completed'),
(1427,	154,	174,	'App\\ProgressBarStepProgress',	'2018-03-28 10:51:37',	'2018-04-16 10:32:54',	'2018-04-16 10:32:54',	'completed'),
(1428,	1,	175,	'App\\ProgressBarStepProgress',	'2018-03-28 10:51:54',	'2018-04-16 10:55:44',	'2018-04-16 10:55:44',	'completed'),
(1429,	1,	176,	'App\\ProgressBarStepProgress',	'2018-04-03 13:52:33',	'2018-04-11 10:45:52',	'2018-04-11 10:45:52',	'completed'),
(1430,	1,	177,	'App\\ProgressBarStepProgress',	'2018-04-05 08:55:14',	'2018-04-11 10:45:52',	'2018-04-11 10:45:52',	'completed'),
(1431,	1,	178,	'App\\ProgressBarStepProgress',	'2018-04-05 09:52:30',	'2018-04-11 10:45:52',	'2018-04-11 10:45:52',	'completed'),
(1432,	155,	358,	'App\\Video',	'2018-04-09 09:14:20',	'2018-04-09 09:14:20',	NULL,	''),
(1433,	1,	235,	'App\\VideoDiscussionQuestionAnswer',	'2018-04-09 09:57:58',	'2018-04-11 10:45:52',	'2018-04-11 10:45:52',	'response'),
(1434,	155,	186,	'App\\ProgressBar',	'2018-04-09 10:08:03',	'2018-04-16 10:32:54',	'2018-04-16 10:32:54',	'updated'),
(1435,	155,	186,	'App\\ProgressBar',	'2018-04-09 10:27:52',	'2018-04-16 10:32:54',	'2018-04-16 10:32:54',	'updated'),
(1436,	155,	186,	'App\\ProgressBar',	'2018-04-09 10:28:09',	'2018-04-16 10:32:54',	'2018-04-16 10:32:54',	'updated'),
(1437,	155,	186,	'App\\ProgressBar',	'2018-04-09 10:28:50',	'2018-04-16 10:32:54',	'2018-04-16 10:32:54',	'updated'),
(1438,	1,	184,	'App\\ProgressBar',	'2018-04-09 10:34:40',	'2018-04-16 10:55:44',	'2018-04-16 10:55:44',	'updated'),
(1439,	1,	191,	'App\\ProgressBar',	'2018-04-09 10:44:51',	'2018-04-11 10:45:52',	'2018-04-11 10:45:52',	'updated'),
(1440,	155,	192,	'App\\ProgressBar',	'2018-04-09 10:48:52',	'2018-04-16 10:32:54',	'2018-04-16 10:32:54',	'updated'),
(1441,	155,	192,	'App\\ProgressBar',	'2018-04-09 10:54:50',	'2018-04-16 10:32:54',	'2018-04-16 10:32:54',	'updated'),
(1442,	1,	191,	'App\\ProgressBar',	'2018-04-09 10:55:09',	'2018-04-11 10:45:52',	'2018-04-11 10:45:52',	'updated'),
(1443,	155,	194,	'App\\ProgressBar',	'2018-04-10 07:16:43',	'2018-04-10 07:16:43',	NULL,	'updated'),
(1444,	155,	194,	'App\\ProgressBar',	'2018-04-10 07:19:18',	'2018-04-10 07:19:18',	NULL,	'updated'),
(1445,	155,	194,	'App\\ProgressBar',	'2018-04-10 07:24:55',	'2018-04-10 07:24:55',	NULL,	'updated'),
(1446,	155,	194,	'App\\ProgressBar',	'2018-04-10 07:25:25',	'2018-04-10 07:25:25',	NULL,	'updated'),
(1447,	155,	359,	'App\\Video',	'2018-04-10 07:30:30',	'2018-04-10 07:30:30',	NULL,	''),
(1448,	154,	193,	'App\\ProgressBar',	'2018-04-10 07:37:47',	'2018-04-16 10:32:54',	'2018-04-16 10:32:54',	'updated'),
(1449,	154,	195,	'App\\ProgressBar',	'2018-04-10 07:45:44',	'2018-04-16 10:32:54',	'2018-04-16 10:32:54',	'updated'),
(1450,	154,	195,	'App\\ProgressBar',	'2018-04-10 07:47:48',	'2018-04-16 10:32:54',	'2018-04-16 10:32:54',	'updated'),
(1451,	154,	195,	'App\\ProgressBar',	'2018-04-10 08:12:27',	'2018-04-16 10:32:54',	'2018-04-16 10:32:54',	'updated'),
(1452,	155,	360,	'App\\Video',	'2018-04-10 09:59:16',	'2018-04-10 09:59:16',	NULL,	''),
(1453,	154,	361,	'App\\Video',	'2018-04-10 09:59:59',	'2018-04-10 09:59:59',	NULL,	''),
(1454,	154,	237,	'App\\VideoDiscussionQuestionAnswer',	'2018-04-10 10:20:50',	'2018-04-16 10:32:54',	'2018-04-16 10:32:54',	'response'),
(1455,	155,	238,	'App\\VideoDiscussionQuestionAnswer',	'2018-04-10 10:24:37',	'2018-04-16 10:32:54',	'2018-04-16 10:32:54',	'response'),
(1456,	1,	239,	'App\\VideoDiscussionQuestionAnswer',	'2018-04-10 10:27:34',	'2018-04-11 10:45:52',	'2018-04-11 10:45:52',	'response'),
(1457,	1,	240,	'App\\VideoDiscussionQuestionAnswer',	'2018-04-10 10:31:53',	'2018-04-11 10:45:52',	'2018-04-11 10:45:52',	'response'),
(1458,	1,	241,	'App\\VideoDiscussionQuestionAnswer',	'2018-04-10 10:32:04',	'2018-04-11 10:45:52',	'2018-04-11 10:45:52',	'response'),
(1459,	1,	242,	'App\\VideoDiscussionQuestionAnswer',	'2018-04-10 10:32:49',	'2018-04-11 10:45:52',	'2018-04-11 10:45:52',	'response'),
(1460,	1,	243,	'App\\VideoDiscussionQuestionAnswer',	'2018-04-10 10:33:52',	'2018-04-11 10:45:52',	'2018-04-11 10:45:52',	'response'),
(1461,	1,	174,	'App\\VideoDiscussionQuestionAnswer',	'2018-04-10 10:39:46',	'2018-04-11 10:45:52',	'2018-04-11 10:45:52',	'comment'),
(1462,	1,	246,	'App\\VideoDiscussionQuestionAnswer',	'2018-04-10 11:01:20',	'2018-04-11 10:45:52',	'2018-04-11 10:45:52',	'response'),
(1463,	1,	174,	'App\\VideoDiscussionQuestionAnswer',	'2018-04-10 11:01:58',	'2018-04-11 10:45:52',	'2018-04-11 10:45:52',	'comment'),
(1464,	1,	174,	'App\\VideoDiscussionQuestionAnswer',	'2018-04-10 11:02:18',	'2018-04-11 10:45:52',	'2018-04-11 10:45:52',	'comment'),
(1465,	1,	174,	'App\\VideoDiscussionQuestionAnswer',	'2018-04-10 11:03:55',	'2018-04-11 10:45:52',	'2018-04-11 10:45:52',	'comment'),
(1466,	1,	174,	'App\\VideoDiscussionQuestionAnswer',	'2018-04-10 11:06:54',	'2018-04-11 10:45:52',	'2018-04-11 10:45:52',	'comment'),
(1467,	154,	182,	'App\\VideoDiscussionQuestionAnswer',	'2018-04-10 11:08:13',	'2018-04-16 10:32:54',	'2018-04-16 10:32:54',	'comment'),
(1468,	154,	184,	'App\\VideoDiscussionQuestionAnswer',	'2018-04-10 11:12:08',	'2018-04-16 10:32:54',	'2018-04-16 10:32:54',	'comment'),
(1469,	1,	197,	'App\\ProgressBar',	'2018-04-10 11:41:23',	'2018-04-11 10:45:52',	'2018-04-11 10:45:52',	'updated'),
(1470,	1,	197,	'App\\ProgressBar',	'2018-04-10 11:41:45',	'2018-04-11 10:45:52',	'2018-04-11 10:45:52',	'updated'),
(1471,	1,	197,	'App\\ProgressBar',	'2018-04-10 11:44:56',	'2018-04-11 10:45:52',	'2018-04-11 10:45:52',	'updated'),
(1472,	1,	197,	'App\\ProgressBar',	'2018-04-10 12:13:22',	'2018-04-11 10:45:52',	'2018-04-11 10:45:52',	'updated'),
(1473,	1,	199,	'App\\ProgressBar',	'2018-04-10 15:24:30',	'2018-04-10 15:24:30',	NULL,	'updated'),
(1474,	1,	179,	'App\\ProgressBarStepProgress',	'2018-04-10 15:24:36',	'2018-04-10 15:24:36',	NULL,	'started'),
(1475,	1,	36,	'App\\LessonPlan',	'2018-04-10 15:26:39',	'2018-04-11 10:45:52',	'2018-04-11 10:45:52',	''),
(1476,	155,	200,	'App\\ProgressBar',	'2018-04-11 08:39:45',	'2018-04-16 10:32:54',	'2018-04-16 10:32:54',	'updated'),
(1477,	155,	249,	'App\\VideoDiscussionQuestionAnswer',	'2018-04-11 08:52:29',	'2018-04-11 08:52:29',	NULL,	'response'),
(1478,	155,	251,	'App\\VideoDiscussionQuestionAnswer',	'2018-04-11 08:53:44',	'2018-04-11 08:53:44',	NULL,	'response'),
(1479,	155,	252,	'App\\VideoDiscussionQuestionAnswer',	'2018-04-11 09:14:45',	'2018-04-11 09:14:45',	NULL,	'response'),
(1480,	155,	200,	'App\\ProgressBar',	'2018-04-11 09:50:30',	'2018-04-16 10:32:54',	'2018-04-16 10:32:54',	'updated'),
(1481,	155,	200,	'App\\ProgressBar',	'2018-04-11 09:52:41',	'2018-04-16 10:32:54',	'2018-04-16 10:32:54',	'updated'),
(1482,	154,	253,	'App\\VideoDiscussionQuestionAnswer',	'2018-04-11 10:25:30',	'2018-04-11 10:25:30',	NULL,	'response'),
(1483,	155,	255,	'App\\VideoDiscussionQuestionAnswer',	'2018-04-11 10:31:17',	'2018-04-11 10:31:17',	NULL,	'response'),
(1484,	155,	200,	'App\\ProgressBar',	'2018-04-11 11:07:31',	'2018-04-16 10:32:54',	'2018-04-16 10:32:54',	'updated'),
(1485,	1,	202,	'App\\ProgressBar',	'2018-04-11 11:24:05',	'2018-04-12 13:53:31',	'2018-04-12 13:53:31',	'updated'),
(1486,	1,	202,	'App\\ProgressBar',	'2018-04-11 11:24:16',	'2018-04-12 13:53:31',	'2018-04-12 13:53:31',	'updated'),
(1487,	1,	203,	'App\\ProgressBar',	'2018-04-11 11:26:57',	'2018-04-12 13:53:31',	'2018-04-12 13:53:31',	'updated'),
(1488,	1,	202,	'App\\ProgressBar',	'2018-04-11 11:28:15',	'2018-04-12 13:53:31',	'2018-04-12 13:53:31',	'updated'),
(1489,	1,	203,	'App\\ProgressBar',	'2018-04-11 11:29:14',	'2018-04-12 13:53:31',	'2018-04-12 13:53:31',	'updated'),
(1490,	1,	203,	'App\\ProgressBar',	'2018-04-11 11:31:02',	'2018-04-12 13:53:31',	'2018-04-12 13:53:31',	'updated'),
(1491,	1,	203,	'App\\ProgressBar',	'2018-04-11 11:31:37',	'2018-04-12 13:53:31',	'2018-04-12 13:53:31',	'updated'),
(1492,	1,	203,	'App\\ProgressBar',	'2018-04-11 11:31:45',	'2018-04-12 13:53:31',	'2018-04-12 13:53:31',	'updated'),
(1493,	1,	203,	'App\\ProgressBar',	'2018-04-11 11:31:58',	'2018-04-12 13:53:31',	'2018-04-12 13:53:31',	'updated'),
(1494,	1,	203,	'App\\ProgressBar',	'2018-04-11 11:32:16',	'2018-04-12 13:53:31',	'2018-04-12 13:53:31',	'updated'),
(1495,	1,	203,	'App\\ProgressBar',	'2018-04-11 11:32:47',	'2018-04-12 13:53:31',	'2018-04-12 13:53:31',	'updated'),
(1496,	1,	203,	'App\\ProgressBar',	'2018-04-11 11:33:12',	'2018-04-12 13:53:31',	'2018-04-12 13:53:31',	'updated'),
(1497,	1,	203,	'App\\ProgressBar',	'2018-04-11 11:48:58',	'2018-04-12 13:53:31',	'2018-04-12 13:53:31',	'updated'),
(1498,	155,	207,	'App\\ProgressBar',	'2018-04-11 11:51:13',	'2018-04-16 10:32:54',	'2018-04-16 10:32:54',	'updated'),
(1499,	1,	203,	'App\\ProgressBar',	'2018-04-11 11:54:34',	'2018-04-12 13:53:31',	'2018-04-12 13:53:31',	'updated'),
(1500,	155,	207,	'App\\ProgressBar',	'2018-04-11 11:55:06',	'2018-04-16 10:32:54',	'2018-04-16 10:32:54',	'updated'),
(1501,	1,	203,	'App\\ProgressBar',	'2018-04-11 11:55:41',	'2018-04-12 13:53:31',	'2018-04-12 13:53:31',	'updated'),
(1502,	1,	203,	'App\\ProgressBar',	'2018-04-11 11:56:13',	'2018-04-12 13:53:31',	'2018-04-12 13:53:31',	'updated'),
(1503,	155,	207,	'App\\ProgressBar',	'2018-04-11 11:57:11',	'2018-04-16 10:32:54',	'2018-04-16 10:32:54',	'updated'),
(1504,	1,	203,	'App\\ProgressBar',	'2018-04-11 11:58:09',	'2018-04-12 13:53:31',	'2018-04-12 13:53:31',	'updated'),
(1505,	1,	203,	'App\\ProgressBar',	'2018-04-11 12:00:18',	'2018-04-12 13:53:31',	'2018-04-12 13:53:31',	'updated'),
(1506,	1,	203,	'App\\ProgressBar',	'2018-04-11 12:00:30',	'2018-04-12 13:53:31',	'2018-04-12 13:53:31',	'updated'),
(1507,	1,	203,	'App\\ProgressBar',	'2018-04-11 12:01:18',	'2018-04-12 13:53:31',	'2018-04-12 13:53:31',	'updated'),
(1508,	1,	203,	'App\\ProgressBar',	'2018-04-11 12:04:09',	'2018-04-12 13:53:31',	'2018-04-12 13:53:31',	'updated'),
(1509,	1,	203,	'App\\ProgressBar',	'2018-04-11 12:05:22',	'2018-04-12 13:53:31',	'2018-04-12 13:53:31',	'updated'),
(1510,	1,	203,	'App\\ProgressBar',	'2018-04-11 12:07:17',	'2018-04-12 13:53:31',	'2018-04-12 13:53:31',	'updated'),
(1511,	155,	208,	'App\\ProgressBar',	'2018-04-11 12:11:01',	'2018-04-16 10:32:54',	'2018-04-16 10:32:54',	'updated'),
(1512,	1,	180,	'App\\ProgressBarStepProgress',	'2018-04-11 12:15:34',	'2018-04-16 10:37:22',	'2018-04-16 10:37:22',	'started'),
(1513,	1,	203,	'App\\ProgressBar',	'2018-04-11 12:16:45',	'2018-04-12 13:53:31',	'2018-04-12 13:53:31',	'updated'),
(1514,	1,	203,	'App\\ProgressBar',	'2018-04-11 12:17:47',	'2018-04-12 13:53:31',	'2018-04-12 13:53:31',	'updated'),
(1515,	1,	203,	'App\\ProgressBar',	'2018-04-11 12:18:47',	'2018-04-12 13:53:31',	'2018-04-12 13:53:31',	'updated'),
(1516,	1,	203,	'App\\ProgressBar',	'2018-04-11 12:19:26',	'2018-04-12 13:53:31',	'2018-04-12 13:53:31',	'updated'),
(1517,	1,	203,	'App\\ProgressBar',	'2018-04-11 12:24:01',	'2018-04-12 13:53:31',	'2018-04-12 13:53:31',	'updated'),
(1518,	1,	203,	'App\\ProgressBar',	'2018-04-11 12:25:15',	'2018-04-12 13:53:31',	'2018-04-12 13:53:31',	'updated'),
(1519,	1,	203,	'App\\ProgressBar',	'2018-04-11 12:25:46',	'2018-04-12 13:53:31',	'2018-04-12 13:53:31',	'updated'),
(1520,	1,	203,	'App\\ProgressBar',	'2018-04-11 12:26:50',	'2018-04-12 13:53:31',	'2018-04-12 13:53:31',	'updated'),
(1521,	1,	203,	'App\\ProgressBar',	'2018-04-11 12:27:32',	'2018-04-12 13:53:31',	'2018-04-12 13:53:31',	'updated'),
(1522,	1,	203,	'App\\ProgressBar',	'2018-04-11 12:27:59',	'2018-04-12 13:53:31',	'2018-04-12 13:53:31',	'updated'),
(1523,	1,	203,	'App\\ProgressBar',	'2018-04-11 12:28:39',	'2018-04-12 13:53:31',	'2018-04-12 13:53:31',	'updated'),
(1524,	1,	203,	'App\\ProgressBar',	'2018-04-11 12:34:03',	'2018-04-12 13:53:31',	'2018-04-12 13:53:31',	'updated'),
(1525,	1,	203,	'App\\ProgressBar',	'2018-04-11 12:35:23',	'2018-04-12 13:53:31',	'2018-04-12 13:53:31',	'updated'),
(1526,	1,	203,	'App\\ProgressBar',	'2018-04-11 12:35:41',	'2018-04-12 13:53:31',	'2018-04-12 13:53:31',	'updated'),
(1527,	1,	203,	'App\\ProgressBar',	'2018-04-11 12:35:53',	'2018-04-12 13:53:31',	'2018-04-12 13:53:31',	'updated'),
(1528,	1,	203,	'App\\ProgressBar',	'2018-04-11 12:36:19',	'2018-04-12 13:53:31',	'2018-04-12 13:53:31',	'updated'),
(1529,	1,	203,	'App\\ProgressBar',	'2018-04-11 12:37:11',	'2018-04-12 13:53:31',	'2018-04-12 13:53:31',	'updated'),
(1530,	1,	203,	'App\\ProgressBar',	'2018-04-11 12:37:30',	'2018-04-12 13:53:31',	'2018-04-12 13:53:31',	'updated'),
(1531,	155,	208,	'App\\ProgressBar',	'2018-04-11 13:01:57',	'2018-04-16 10:32:54',	'2018-04-16 10:32:54',	'updated'),
(1532,	1,	203,	'App\\ProgressBar',	'2018-04-11 13:50:52',	'2018-04-12 13:53:31',	'2018-04-12 13:53:31',	'updated'),
(1533,	155,	209,	'App\\ProgressBar',	'2018-04-12 10:31:27',	'2018-04-16 10:55:44',	'2018-04-16 10:55:44',	'updated'),
(1534,	155,	209,	'App\\ProgressBar',	'2018-04-12 10:31:52',	'2018-04-16 10:55:44',	'2018-04-16 10:55:44',	'updated'),
(1535,	155,	209,	'App\\ProgressBar',	'2018-04-12 10:32:02',	'2018-04-16 10:55:44',	'2018-04-16 10:55:44',	'updated'),
(1536,	155,	209,	'App\\ProgressBar',	'2018-04-12 10:36:29',	'2018-04-16 10:55:44',	'2018-04-16 10:55:44',	'updated'),
(1537,	155,	209,	'App\\ProgressBar',	'2018-04-12 10:39:56',	'2018-04-16 10:55:44',	'2018-04-16 10:55:44',	'updated'),
(1538,	155,	209,	'App\\ProgressBar',	'2018-04-12 10:40:02',	'2018-04-16 10:55:44',	'2018-04-16 10:55:44',	'updated'),
(1539,	155,	209,	'App\\ProgressBar',	'2018-04-12 10:41:39',	'2018-04-16 10:55:44',	'2018-04-16 10:55:44',	'updated'),
(1540,	155,	209,	'App\\ProgressBar',	'2018-04-12 10:42:16',	'2018-04-16 10:55:44',	'2018-04-16 10:55:44',	'updated'),
(1541,	155,	209,	'App\\ProgressBar',	'2018-04-12 10:42:48',	'2018-04-16 10:55:44',	'2018-04-16 10:55:44',	'updated'),
(1542,	155,	209,	'App\\ProgressBar',	'2018-04-12 10:43:17',	'2018-04-16 10:55:44',	'2018-04-16 10:55:44',	'updated'),
(1543,	155,	209,	'App\\ProgressBar',	'2018-04-12 10:43:45',	'2018-04-16 10:55:44',	'2018-04-16 10:55:44',	'updated'),
(1544,	155,	209,	'App\\ProgressBar',	'2018-04-12 10:45:48',	'2018-04-16 10:55:44',	'2018-04-16 10:55:44',	'updated'),
(1545,	155,	209,	'App\\ProgressBar',	'2018-04-12 10:46:30',	'2018-04-16 10:55:44',	'2018-04-16 10:55:44',	'updated'),
(1546,	155,	209,	'App\\ProgressBar',	'2018-04-12 10:47:10',	'2018-04-16 10:55:44',	'2018-04-16 10:55:44',	'updated'),
(1547,	155,	209,	'App\\ProgressBar',	'2018-04-12 10:47:38',	'2018-04-16 10:55:44',	'2018-04-16 10:55:44',	'updated'),
(1548,	155,	209,	'App\\ProgressBar',	'2018-04-12 10:47:58',	'2018-04-16 10:55:44',	'2018-04-16 10:55:44',	'updated'),
(1549,	155,	209,	'App\\ProgressBar',	'2018-04-12 10:48:18',	'2018-04-16 10:55:44',	'2018-04-16 10:55:44',	'updated'),
(1550,	155,	209,	'App\\ProgressBar',	'2018-04-12 10:48:33',	'2018-04-16 10:55:44',	'2018-04-16 10:55:44',	'updated'),
(1551,	155,	209,	'App\\ProgressBar',	'2018-04-12 10:49:49',	'2018-04-16 10:55:44',	'2018-04-16 10:55:44',	'updated'),
(1552,	155,	209,	'App\\ProgressBar',	'2018-04-12 10:49:57',	'2018-04-16 10:55:44',	'2018-04-16 10:55:44',	'updated'),
(1553,	155,	209,	'App\\ProgressBar',	'2018-04-12 10:51:25',	'2018-04-16 10:55:44',	'2018-04-16 10:55:44',	'updated'),
(1554,	155,	209,	'App\\ProgressBar',	'2018-04-12 10:51:53',	'2018-04-16 10:55:44',	'2018-04-16 10:55:44',	'updated'),
(1555,	155,	209,	'App\\ProgressBar',	'2018-04-12 10:52:05',	'2018-04-16 10:55:44',	'2018-04-16 10:55:44',	'updated'),
(1556,	155,	209,	'App\\ProgressBar',	'2018-04-12 10:53:20',	'2018-04-16 10:55:44',	'2018-04-16 10:55:44',	'updated'),
(1557,	155,	209,	'App\\ProgressBar',	'2018-04-12 10:53:54',	'2018-04-16 10:55:44',	'2018-04-16 10:55:44',	'updated'),
(1558,	155,	209,	'App\\ProgressBar',	'2018-04-12 10:54:40',	'2018-04-16 10:55:44',	'2018-04-16 10:55:44',	'updated'),
(1559,	155,	209,	'App\\ProgressBar',	'2018-04-12 11:19:08',	'2018-04-16 10:55:44',	'2018-04-16 10:55:44',	'updated'),
(1560,	155,	209,	'App\\ProgressBar',	'2018-04-12 11:21:31',	'2018-04-16 10:55:44',	'2018-04-16 10:55:44',	'updated'),
(1561,	155,	209,	'App\\ProgressBar',	'2018-04-12 11:21:55',	'2018-04-16 10:55:44',	'2018-04-16 10:55:44',	'updated'),
(1562,	155,	209,	'App\\ProgressBar',	'2018-04-12 11:24:23',	'2018-04-16 10:55:44',	'2018-04-16 10:55:44',	'updated'),
(1563,	155,	209,	'App\\ProgressBar',	'2018-04-12 11:24:55',	'2018-04-16 10:55:44',	'2018-04-16 10:55:44',	'updated'),
(1564,	155,	209,	'App\\ProgressBar',	'2018-04-12 11:25:10',	'2018-04-16 10:55:44',	'2018-04-16 10:55:44',	'updated'),
(1565,	155,	209,	'App\\ProgressBar',	'2018-04-12 11:25:25',	'2018-04-16 10:55:44',	'2018-04-16 10:55:44',	'updated'),
(1566,	155,	209,	'App\\ProgressBar',	'2018-04-12 11:26:35',	'2018-04-16 10:55:44',	'2018-04-16 10:55:44',	'updated'),
(1567,	155,	209,	'App\\ProgressBar',	'2018-04-12 11:28:23',	'2018-04-16 10:55:44',	'2018-04-16 10:55:44',	'updated'),
(1568,	155,	209,	'App\\ProgressBar',	'2018-04-12 11:28:52',	'2018-04-16 10:55:44',	'2018-04-16 10:55:44',	'updated'),
(1569,	155,	209,	'App\\ProgressBar',	'2018-04-12 11:33:45',	'2018-04-16 10:55:44',	'2018-04-16 10:55:44',	'updated'),
(1570,	155,	209,	'App\\ProgressBar',	'2018-04-12 11:34:19',	'2018-04-16 10:55:44',	'2018-04-16 10:55:44',	'updated'),
(1571,	155,	209,	'App\\ProgressBar',	'2018-04-12 11:35:15',	'2018-04-16 10:55:44',	'2018-04-16 10:55:44',	'updated'),
(1572,	155,	209,	'App\\ProgressBar',	'2018-04-12 11:36:59',	'2018-04-16 10:55:44',	'2018-04-16 10:55:44',	'updated'),
(1573,	155,	209,	'App\\ProgressBar',	'2018-04-12 11:39:12',	'2018-04-16 10:55:44',	'2018-04-16 10:55:44',	'updated'),
(1574,	155,	209,	'App\\ProgressBar',	'2018-04-12 11:40:53',	'2018-04-16 10:55:44',	'2018-04-16 10:55:44',	'updated'),
(1575,	155,	209,	'App\\ProgressBar',	'2018-04-12 11:46:06',	'2018-04-16 10:55:44',	'2018-04-16 10:55:44',	'updated'),
(1576,	155,	209,	'App\\ProgressBar',	'2018-04-12 11:46:19',	'2018-04-16 10:55:44',	'2018-04-16 10:55:44',	'updated'),
(1577,	155,	209,	'App\\ProgressBar',	'2018-04-12 11:47:33',	'2018-04-16 10:55:44',	'2018-04-16 10:55:44',	'updated'),
(1578,	155,	209,	'App\\ProgressBar',	'2018-04-12 11:49:25',	'2018-04-16 10:55:44',	'2018-04-16 10:55:44',	'updated'),
(1579,	155,	209,	'App\\ProgressBar',	'2018-04-12 11:49:35',	'2018-04-16 10:55:44',	'2018-04-16 10:55:44',	'updated'),
(1580,	155,	209,	'App\\ProgressBar',	'2018-04-12 11:49:49',	'2018-04-16 10:55:44',	'2018-04-16 10:55:44',	'updated'),
(1581,	155,	209,	'App\\ProgressBar',	'2018-04-12 11:50:06',	'2018-04-16 10:55:44',	'2018-04-16 10:55:44',	'updated'),
(1582,	155,	209,	'App\\ProgressBar',	'2018-04-12 11:50:26',	'2018-04-16 10:55:44',	'2018-04-16 10:55:44',	'updated'),
(1583,	155,	209,	'App\\ProgressBar',	'2018-04-12 11:51:25',	'2018-04-16 10:55:44',	'2018-04-16 10:55:44',	'updated'),
(1584,	155,	209,	'App\\ProgressBar',	'2018-04-12 11:51:43',	'2018-04-16 10:55:44',	'2018-04-16 10:55:44',	'updated'),
(1585,	155,	209,	'App\\ProgressBar',	'2018-04-12 11:52:18',	'2018-04-16 10:55:44',	'2018-04-16 10:55:44',	'updated'),
(1586,	155,	209,	'App\\ProgressBar',	'2018-04-12 11:54:19',	'2018-04-16 10:55:44',	'2018-04-16 10:55:44',	'updated'),
(1587,	155,	209,	'App\\ProgressBar',	'2018-04-12 12:02:53',	'2018-04-16 10:55:44',	'2018-04-16 10:55:44',	'updated'),
(1588,	155,	209,	'App\\ProgressBar',	'2018-04-12 12:03:32',	'2018-04-16 10:55:44',	'2018-04-16 10:55:44',	'updated'),
(1589,	155,	209,	'App\\ProgressBar',	'2018-04-12 12:06:21',	'2018-04-16 10:55:44',	'2018-04-16 10:55:44',	'updated'),
(1590,	155,	209,	'App\\ProgressBar',	'2018-04-12 12:06:52',	'2018-04-16 10:55:44',	'2018-04-16 10:55:44',	'updated'),
(1591,	155,	209,	'App\\ProgressBar',	'2018-04-12 12:12:58',	'2018-04-16 10:55:44',	'2018-04-16 10:55:44',	'updated'),
(1592,	1,	181,	'App\\ProgressBarStepProgress',	'2018-04-12 12:17:40',	'2018-04-16 10:37:22',	'2018-04-16 10:37:22',	'started'),
(1593,	1,	182,	'App\\ProgressBarStepProgress',	'2018-04-12 12:18:44',	'2018-04-16 10:37:22',	'2018-04-16 10:37:22',	'completed'),
(1594,	1,	183,	'App\\ProgressBarStepProgress',	'2018-04-12 12:19:11',	'2018-04-16 10:37:22',	'2018-04-16 10:37:22',	'started'),
(1595,	1,	184,	'App\\ProgressBarStepProgress',	'2018-04-12 12:19:28',	'2018-04-16 10:37:22',	'2018-04-16 10:37:22',	'completed'),
(1596,	155,	208,	'App\\ProgressBar',	'2018-04-12 12:19:49',	'2018-04-16 10:32:54',	'2018-04-16 10:32:54',	'updated'),
(1597,	1,	185,	'App\\ProgressBarStepProgress',	'2018-04-12 12:20:53',	'2018-04-16 10:37:22',	'2018-04-16 10:37:22',	'started'),
(1598,	1,	186,	'App\\ProgressBarStepProgress',	'2018-04-12 12:29:57',	'2018-04-16 10:37:22',	'2018-04-16 10:37:22',	'completed'),
(1599,	155,	208,	'App\\ProgressBar',	'2018-04-12 12:30:22',	'2018-04-16 10:32:54',	'2018-04-16 10:32:54',	'updated'),
(1600,	1,	187,	'App\\ProgressBarStepProgress',	'2018-04-12 12:30:31',	'2018-04-16 10:37:22',	'2018-04-16 10:37:22',	'started'),
(1601,	1,	188,	'App\\ProgressBarStepProgress',	'2018-04-12 12:31:04',	'2018-04-16 10:37:22',	'2018-04-16 10:37:22',	'completed'),
(1602,	155,	208,	'App\\ProgressBar',	'2018-04-12 12:31:27',	'2018-04-16 10:32:54',	'2018-04-16 10:32:54',	'updated'),
(1603,	1,	189,	'App\\ProgressBarStepProgress',	'2018-04-12 12:31:42',	'2018-04-16 10:37:22',	'2018-04-16 10:37:22',	'started'),
(1604,	1,	190,	'App\\ProgressBarStepProgress',	'2018-04-12 12:32:20',	'2018-04-16 10:37:22',	'2018-04-16 10:37:22',	'started'),
(1605,	1,	191,	'App\\ProgressBarStepProgress',	'2018-04-12 12:32:28',	'2018-04-16 10:37:22',	'2018-04-16 10:37:22',	'completed'),
(1606,	155,	208,	'App\\ProgressBar',	'2018-04-12 12:45:58',	'2018-04-16 10:32:54',	'2018-04-16 10:32:54',	'updated'),
(1607,	1,	192,	'App\\ProgressBarStepProgress',	'2018-04-12 12:46:06',	'2018-04-16 10:37:22',	'2018-04-16 10:37:22',	'started'),
(1608,	1,	193,	'App\\ProgressBarStepProgress',	'2018-04-12 12:46:51',	'2018-04-16 10:37:22',	'2018-04-16 10:37:22',	'started'),
(1609,	1,	194,	'App\\ProgressBarStepProgress',	'2018-04-12 12:46:59',	'2018-04-16 10:37:22',	'2018-04-16 10:37:22',	'completed'),
(1610,	155,	208,	'App\\ProgressBar',	'2018-04-12 12:47:29',	'2018-04-16 10:32:54',	'2018-04-16 10:32:54',	'updated'),
(1611,	1,	195,	'App\\ProgressBarStepProgress',	'2018-04-12 12:47:44',	'2018-04-16 10:37:22',	'2018-04-16 10:37:22',	'started'),
(1612,	1,	196,	'App\\ProgressBarStepProgress',	'2018-04-12 12:48:00',	'2018-04-16 10:37:22',	'2018-04-16 10:37:22',	'completed'),
(1613,	155,	208,	'App\\ProgressBar',	'2018-04-12 12:48:25',	'2018-04-16 10:32:54',	'2018-04-16 10:32:54',	'updated'),
(1614,	1,	197,	'App\\ProgressBarStepProgress',	'2018-04-12 12:48:35',	'2018-04-16 10:37:22',	'2018-04-16 10:37:22',	'started'),
(1615,	155,	209,	'App\\ProgressBar',	'2018-04-12 13:25:15',	'2018-04-16 10:55:44',	'2018-04-16 10:55:44',	'updated'),
(1616,	155,	209,	'App\\ProgressBar',	'2018-04-12 13:27:09',	'2018-04-16 10:55:44',	'2018-04-16 10:55:44',	'updated'),
(1617,	155,	209,	'App\\ProgressBar',	'2018-04-12 13:27:33',	'2018-04-16 10:55:44',	'2018-04-16 10:55:44',	'updated'),
(1618,	155,	209,	'App\\ProgressBar',	'2018-04-12 13:28:01',	'2018-04-16 10:55:44',	'2018-04-16 10:55:44',	'updated'),
(1619,	155,	209,	'App\\ProgressBar',	'2018-04-12 13:30:41',	'2018-04-16 10:55:44',	'2018-04-16 10:55:44',	'updated'),
(1620,	155,	209,	'App\\ProgressBar',	'2018-04-12 13:31:46',	'2018-04-16 10:55:44',	'2018-04-16 10:55:44',	'updated'),
(1621,	155,	209,	'App\\ProgressBar',	'2018-04-12 13:39:25',	'2018-04-16 10:55:44',	'2018-04-16 10:55:44',	'updated'),
(1622,	1,	160,	'App\\UserShare',	'2018-04-12 13:43:15',	'2018-04-12 13:53:31',	'2018-04-12 13:53:31',	''),
(1623,	1,	161,	'App\\UserShare',	'2018-04-12 13:45:13',	'2018-04-12 13:53:31',	'2018-04-12 13:53:31',	''),
(1624,	1,	161,	'App\\UserShare',	'2018-04-12 13:45:14',	'2018-04-12 13:53:31',	'2018-04-12 13:53:31',	''),
(1625,	1,	162,	'App\\UserShare',	'2018-04-12 13:48:32',	'2018-04-12 13:53:31',	'2018-04-12 13:53:31',	''),
(1626,	1,	162,	'App\\UserShare',	'2018-04-12 13:48:33',	'2018-04-12 13:53:31',	'2018-04-12 13:53:31',	''),
(1627,	155,	209,	'App\\ProgressBar',	'2018-04-12 13:56:23',	'2018-04-16 10:55:44',	'2018-04-16 10:55:44',	'updated'),
(1628,	1,	163,	'App\\UserShare',	'2018-04-12 13:57:25',	'2018-04-12 13:57:25',	NULL,	''),
(1629,	1,	163,	'App\\UserShare',	'2018-04-12 13:57:25',	'2018-04-12 13:57:25',	NULL,	''),
(1630,	1,	198,	'App\\ProgressBarStepProgress',	'2018-04-13 10:13:56',	'2018-04-16 10:37:22',	'2018-04-16 10:37:22',	'started'),
(1631,	1,	199,	'App\\ProgressBarStepProgress',	'2018-04-13 10:14:50',	'2018-04-16 10:37:22',	'2018-04-16 10:37:22',	'completed'),
(1632,	155,	208,	'App\\ProgressBar',	'2018-04-13 10:15:56',	'2018-04-16 10:32:54',	'2018-04-16 10:32:54',	'updated'),
(1633,	1,	200,	'App\\ProgressBarStepProgress',	'2018-04-13 10:16:37',	'2018-04-16 10:37:22',	'2018-04-16 10:37:22',	'started'),
(1634,	1,	201,	'App\\ProgressBarStepProgress',	'2018-04-13 10:16:49',	'2018-04-16 10:37:22',	'2018-04-16 10:37:22',	'completed'),
(1635,	1,	202,	'App\\ProgressBarStepProgress',	'2018-04-13 10:17:53',	'2018-04-16 10:37:22',	'2018-04-16 10:37:22',	'started'),
(1636,	1,	203,	'App\\ProgressBarStepProgress',	'2018-04-13 12:53:34',	'2018-04-16 10:37:22',	'2018-04-16 10:37:22',	'started'),
(1637,	1,	204,	'App\\ProgressBarStepProgress',	'2018-04-13 12:54:00',	'2018-04-16 10:37:22',	'2018-04-16 10:37:22',	'started'),
(1638,	1,	205,	'App\\ProgressBarStepProgress',	'2018-04-13 12:54:16',	'2018-04-16 10:37:22',	'2018-04-16 10:37:22',	'completed'),
(1639,	1,	206,	'App\\ProgressBarStepProgress',	'2018-04-13 12:54:47',	'2018-04-16 10:37:22',	'2018-04-16 10:37:22',	'started'),
(1640,	1,	207,	'App\\ProgressBarStepProgress',	'2018-04-13 13:01:53',	'2018-04-16 10:37:22',	'2018-04-16 10:37:22',	'started'),
(1641,	1,	208,	'App\\ProgressBarStepProgress',	'2018-04-13 13:02:01',	'2018-04-16 10:37:22',	'2018-04-16 10:37:22',	'completed'),
(1642,	1,	209,	'App\\ProgressBarStepProgress',	'2018-04-13 13:02:37',	'2018-04-16 10:37:22',	'2018-04-16 10:37:22',	'started'),
(1643,	1,	210,	'App\\ProgressBarStepProgress',	'2018-04-13 13:04:00',	'2018-04-16 10:37:22',	'2018-04-16 10:37:22',	'completed'),
(1644,	1,	211,	'App\\ProgressBarStepProgress',	'2018-04-13 13:09:00',	'2018-04-16 10:37:22',	'2018-04-16 10:37:22',	'started'),
(1645,	1,	210,	'App\\ProgressBar',	'2018-04-16 10:12:31',	'2018-04-16 10:37:22',	'2018-04-16 10:37:22',	'updated'),
(1646,	1,	210,	'App\\ProgressBar',	'2018-04-16 10:12:37',	'2018-04-16 10:37:22',	'2018-04-16 10:37:22',	'updated'),
(1647,	155,	211,	'App\\ProgressBar',	'2018-04-16 10:25:13',	'2018-04-16 10:32:54',	'2018-04-16 10:32:54',	'updated'),
(1648,	155,	215,	'App\\ProgressBar',	'2018-04-16 10:46:59',	'2018-04-16 10:55:44',	'2018-04-16 10:55:44',	'updated'),
(1649,	155,	215,	'App\\ProgressBar',	'2018-04-16 10:47:48',	'2018-04-16 10:55:44',	'2018-04-16 10:55:44',	'updated'),
(1650,	155,	215,	'App\\ProgressBar',	'2018-04-16 10:48:16',	'2018-04-16 10:55:44',	'2018-04-16 10:55:44',	'updated');

DROP TABLE IF EXISTS `esi_annotations`;
CREATE TABLE `esi_annotations` (
  `id` int(10) unsigned NOT NULL AUTO_INCREMENT,
  `author_id` int(10) unsigned NOT NULL,
  `content` text COLLATE utf8_unicode_ci NOT NULL,
  `video_id` int(10) unsigned NOT NULL,
  `time` int(11) NOT NULL,
  `created_at` timestamp NOT NULL DEFAULT '0000-00-00 00:00:00',
  `updated_at` timestamp NOT NULL DEFAULT '0000-00-00 00:00:00',
  `time_start` int(11) NOT NULL,
  `time_end` int(11) NOT NULL,
  PRIMARY KEY (`id`)
) ENGINE=InnoDB DEFAULT CHARSET=utf8 COLLATE=utf8_unicode_ci;

INSERT INTO `esi_annotations` (`id`, `author_id`, `content`, `video_id`, `time`, `created_at`, `updated_at`, `time_start`, `time_end`) VALUES
(1,	1,	'annot',	10,	5,	'2016-06-08 01:22:13',	'2016-06-08 01:22:13',	0,	0),
(2,	79,	'hello \n',	11,	3,	'2016-07-22 23:38:32',	'2016-07-22 23:38:32',	0,	0),
(3,	79,	'teacher shakes the eggs \n',	11,	13,	'2016-07-22 23:38:59',	'2016-07-22 23:38:59',	0,	0),
(4,	79,	'teacher claps ',	11,	20,	'2016-07-22 23:39:13',	'2016-07-22 23:39:13',	0,	0),
(5,	78,	'teacher looks back to child\n',	12,	18,	'2016-07-25 18:32:34',	'2016-07-25 18:32:34',	0,	0),
(6,	78,	'teacher carries child\n',	12,	48,	'2016-07-25 18:33:37',	'2016-07-25 18:33:37',	0,	0),
(7,	80,	'Child approaching teacher ... shes cute! :) ',	12,	467,	'2016-07-25 18:50:56',	'2016-07-25 18:50:56',	0,	0),
(8,	80,	'My favorite classroom!!!!!! <3 ',	11,	42,	'2016-07-25 18:51:59',	'2016-07-25 18:51:59',	0,	0),
(9,	79,	'@santiago garcia ',	12,	21,	'2016-08-26 00:29:59',	'2016-08-26 00:29:59',	0,	0),
(10,	78,	'Back was turned for extended period of time #missedopportunity\n',	12,	725,	'2016-08-26 01:38:20',	'2016-08-26 01:38:20',	0,	0),
(11,	78,	'comforting multiple children, sensitive to their needs #lookinggood',	12,	1086,	'2016-08-26 01:38:53',	'2016-08-26 01:38:53',	0,	0),
(12,	78,	'other teacher #other',	12,	1428,	'2016-08-26 01:39:19',	'2016-08-26 01:39:19',	0,	0),
(13,	3,	'Annot',	13,	10,	'2016-08-31 19:12:16',	'2016-08-31 19:12:16',	0,	0),
(14,	79,	'teacher is sitting on the floor with the children ',	11,	319,	'2016-09-20 19:59:10',	'2016-09-20 19:59:10',	0,	0),
(15,	79,	'hyello\n',	11,	56,	'2016-10-12 20:22:11',	'2016-10-12 20:22:11',	0,	0),
(16,	130,	'T repeats C\'s observation',	14,	11,	'2016-10-19 06:59:00',	'2016-10-19 06:59:00',	0,	0),
(17,	130,	'Encourages C to carry out an investigation',	14,	19,	'2016-10-19 07:02:50',	'2016-10-19 07:02:50',	0,	0),
(18,	130,	'Great Activity!',	14,	5,	'2016-10-21 22:14:19',	'2016-10-21 22:14:19',	0,	0),
(19,	1,	'test',	11,	626,	'2016-10-29 00:18:25',	'2016-10-29 00:18:25',	0,	0),
(20,	1,	'maestra',	24,	2,	'2016-12-11 23:47:49',	'2016-12-11 23:47:49',	0,	0),
(21,	1,	'los nmeros en la pared...',	24,	644,	'2016-12-11 23:48:19',	'2016-12-11 23:48:19',	0,	0),
(37,	1,	'WOW',	43,	0,	'2017-07-11 00:28:34',	'2017-07-11 00:28:34',	2,	3),
(38,	1,	'DSGasdg',	43,	0,	'2017-07-11 00:32:15',	'2017-07-11 00:32:15',	4,	5),
(39,	1,	'Sample',	46,	0,	'2017-07-12 07:51:49',	'2017-07-12 07:51:49',	60,	180),
(45,	1,	'wow this is a big bunny!',	47,	0,	'2017-07-13 16:03:11',	'2017-07-13 16:03:11',	0,	0),
(46,	1,	'I\'m wondering if he is a bad guy',	47,	0,	'2017-07-13 16:03:30',	'2017-07-13 16:03:30',	0,	0),
(47,	1,	'wow, this is a big bunny!',	47,	0,	'2017-07-13 16:05:31',	'2017-07-13 16:05:31',	0,	0),
(48,	1,	'is he a bad guy?',	47,	0,	'2017-07-13 16:05:51',	'2017-07-13 16:05:51',	0,	0),
(49,	1,	'now what happens when I annotate\n',	46,	0,	'2017-07-13 16:07:02',	'2017-07-13 16:07:02',	0,	0),
(50,	1,	'hes stretching',	46,	0,	'2017-07-13 16:07:24',	'2017-07-13 16:07:24',	0,	0),
(51,	1,	'hes stretching ',	38,	0,	'2017-07-13 16:08:35',	'2017-07-13 16:08:35',	0,	0),
(52,	1,	'large bunny',	41,	0,	'2017-07-13 16:10:34',	'2017-07-13 16:10:34',	0,	0),
(53,	1,	'fh',	41,	0,	'2017-07-13 16:10:45',	'2017-07-13 16:10:45',	60,	120),
(54,	1,	'big bunny!',	46,	0,	'2017-07-14 19:19:29',	'2017-07-14 19:19:29',	0,	0),
(55,	1,	'<p>This is my <strong>annotation</strong></p>\n',	47,	0,	'2017-07-19 03:29:11',	'2017-07-19 03:29:11',	3,	4),
(56,	1,	'asDasd',	45,	0,	'2017-07-21 15:50:47',	'2017-08-03 19:48:28',	2,	4),
(58,	1,	'hi',	43,	0,	'2017-07-21 16:11:37',	'2017-07-21 16:11:37',	2,	4),
(59,	1,	'43564645',	43,	0,	'2017-07-21 16:18:35',	'2017-07-21 16:18:35',	0,	0),
(60,	1,	'4575734645',	43,	0,	'2017-07-21 16:18:54',	'2017-07-21 16:18:54',	0,	0),
(61,	1,	'e567567',	43,	0,	'2017-07-21 16:19:14',	'2017-07-21 16:19:14',	0,	0),
(63,	1,	'sfewar',	24,	0,	'2017-07-25 23:47:08',	'2017-07-25 23:47:08',	0,	0),
(64,	1,	'werrew',	24,	0,	'2017-07-25 23:47:16',	'2017-07-25 23:47:16',	0,	0),
(65,	1,	'werwrw',	24,	0,	'2017-07-25 23:47:21',	'2017-07-25 23:47:21',	0,	0),
(66,	79,	'dsklsSA',	24,	0,	'2017-07-25 23:54:40',	'2017-08-18 14:39:14',	0,	0),
(67,	79,	'hello',	24,	0,	'2017-07-25 23:55:02',	'2017-07-25 23:55:02',	0,	0),
(74,	1,	'hsdfhsfgh',	45,	0,	'2017-08-03 19:57:05',	'2017-08-03 19:57:05',	0,	0),
(75,	1,	'hsdfhsfgh',	45,	0,	'2017-08-03 19:57:05',	'2017-08-03 19:57:05',	0,	0),
(76,	1,	'test',	45,	0,	'2017-08-03 19:57:35',	'2017-08-03 19:57:35',	1,	3),
(77,	1,	'sefsf',	45,	0,	'2017-08-03 19:58:31',	'2017-08-03 19:58:31',	2,	4),
(78,	1,	'hello world',	45,	0,	'2017-08-03 19:58:46',	'2017-08-03 19:58:46',	3,	4),
(79,	1,	'asdgasdgadsg',	45,	0,	'2017-08-03 19:59:34',	'2017-08-03 19:59:34',	0,	0),
(82,	1,	'saasdasddasd',	45,	0,	'2017-08-03 20:04:17',	'2017-08-03 20:04:17',	0,	0),
(83,	1,	'HI',	45,	0,	'2017-08-03 20:04:23',	'2017-08-03 20:04:23',	0,	0),
(84,	1,	' vbnvcbn',	45,	0,	'2017-08-03 20:04:36',	'2017-08-03 20:04:36',	0,	0),
(85,	1,	'fghsh',	45,	0,	'2017-08-03 20:04:42',	'2017-08-03 20:04:42',	1,	3),
(86,	1,	'dfsdfdf',	45,	0,	'2017-08-03 20:06:19',	'2017-08-03 20:06:19',	0,	0),
(87,	1,	'EEEeeeee',	45,	0,	'2017-08-03 20:06:24',	'2017-08-03 20:06:24',	0,	0),
(88,	1,	'qweqweqw',	45,	0,	'2017-08-03 20:30:03',	'2017-08-03 20:30:03',	0,	0),
(89,	79,	'How is it going',	24,	0,	'2017-08-09 17:59:59',	'2017-08-09 17:59:59',	65,	0),
(91,	79,	'monica',	48,	0,	'2017-08-11 13:55:09',	'2017-08-11 13:55:09',	0,	0),
(93,	1,	'bye',	48,	0,	'2017-08-11 17:33:03',	'2017-08-11 17:33:03',	0,	0),
(94,	1,	'bye 2',	48,	0,	'2017-08-11 17:50:32',	'2017-08-11 17:50:32',	0,	0),
(95,	1,	'hello\n',	48,	0,	'2017-08-11 17:51:03',	'2017-08-11 17:51:03',	0,	0),
(96,	79,	'yellow shirt',	24,	0,	'2017-08-14 15:06:52',	'2017-08-14 15:06:52',	0,	0),
(97,	1,	'fthjdstrs',	24,	0,	'2017-08-21 19:54:37',	'2017-08-21 19:54:37',	1086,	2329),
(98,	1,	'hello!!!',	24,	0,	'2017-08-21 20:01:36',	'2017-08-21 20:01:36',	150,	300),
(99,	1,	'zdsgasdgadsf',	24,	0,	'2017-08-21 20:01:53',	'2017-08-21 20:01:53',	2,	5),
(100,	1,	'TEST!',	24,	0,	'2017-08-21 20:04:39',	'2017-08-21 20:04:39',	300,	600),
(101,	1,	'one the three',	24,	0,	'2017-08-21 20:32:32',	'2017-08-21 20:32:32',	120,	720),
(102,	1,	'TEST!!!!!!! one tewo',	24,	0,	'2017-08-21 20:33:07',	'2017-08-21 20:33:07',	180,	360),
(103,	1,	'hello world!!!',	24,	0,	'2017-08-21 20:34:19',	'2017-08-21 20:34:19',	180,	360),
(104,	1,	'xfgjdfj',	24,	0,	'2017-08-21 20:34:27',	'2017-08-21 20:34:27',	180,	360),
(105,	1,	'hello world',	24,	0,	'2017-08-21 20:35:59',	'2017-08-21 20:35:59',	120,	300),
(106,	1,	'BIG TEST',	24,	0,	'2017-08-21 20:36:10',	'2017-08-21 20:36:10',	120,	300),
(107,	1,	'hello world',	24,	0,	'2017-08-21 20:40:23',	'2017-08-21 20:40:23',	120,	240),
(108,	1,	'TEST WITHOUT PAGE RELOAD',	24,	0,	'2017-08-21 20:42:02',	'2017-08-21 20:42:02',	1861,	1866),
(109,	1,	'ANOTHER WITHOUT PAGE RELOAD!',	24,	0,	'2017-08-21 20:44:10',	'2017-08-21 20:44:10',	1914,	3137),
(110,	1,	'final test w/o page reload',	24,	0,	'2017-08-21 20:45:57',	'2017-08-21 20:45:57',	2486,	2460),
(111,	1,	'first ',	50,	0,	'2017-08-23 18:20:18',	'2017-08-23 18:20:18',	1,	0),
(114,	1,	'ducks sitting ',	50,	0,	'2017-08-23 18:26:49',	'2017-08-23 18:26:49',	15,	16),
(115,	1,	'ducks ',	50,	0,	'2017-08-23 19:41:59',	'2017-08-23 19:41:59',	13,	16),
(116,	1,	'koala',	50,	0,	'2017-08-24 14:54:56',	'2017-08-24 14:54:56',	21,	22),
(117,	1,	'ann 1',	56,	0,	'2017-08-30 19:30:20',	'2017-08-30 19:30:20',	60,	120),
(118,	1,	'ann 2',	56,	0,	'2017-08-30 19:30:46',	'2017-08-30 19:30:46',	150,	180),
(119,	1,	'hello world',	57,	0,	'2017-08-30 20:19:36',	'2017-08-30 20:19:36',	8,	0),
(120,	1,	'hello',	57,	0,	'2017-08-30 20:20:14',	'2017-08-30 20:20:14',	43,	0),
(121,	1,	'hell',	57,	0,	'2017-08-30 20:26:19',	'2017-08-30 20:26:19',	86,	0),
(122,	1,	'sadsad',	57,	0,	'2017-08-30 20:28:43',	'2017-08-30 20:37:48',	108,	0),
(123,	1,	'f',	57,	0,	'2017-08-30 20:30:13',	'2017-08-30 20:30:13',	86,	0),
(124,	1,	'werwe',	57,	0,	'2017-08-30 20:31:59',	'2017-08-30 20:31:59',	84,	0),
(125,	1,	'helllo',	11,	0,	'2017-09-01 16:46:00',	'2017-09-01 16:46:00',	8,	10),
(127,	1,	'toddlers walking ',	65,	0,	'2017-09-20 17:51:36',	'2017-09-20 17:51:36',	17,	0),
(128,	1,	'sitting on green blanket',	65,	0,	'2017-09-20 17:53:25',	'2017-09-20 17:53:25',	24,	19),
(129,	1,	'putting sand in buckets',	65,	0,	'2017-09-20 17:54:30',	'2017-09-20 17:54:30',	333,	0),
(130,	1,	'teacher clapping ',	65,	0,	'2017-09-20 17:59:07',	'2017-09-20 17:59:07',	887,	0),
(132,	1,	'beaver ',	62,	0,	'2017-09-20 19:36:50',	'2017-09-20 19:36:50',	18,	0),
(133,	1,	'b',	62,	0,	'2017-09-20 19:36:59',	'2017-09-20 19:36:59',	18,	0),
(134,	1,	'horses running ',	62,	0,	'2017-09-25 13:34:51',	'2017-09-25 13:34:51',	2,	5),
(135,	1,	'Girl smiling ',	67,	0,	'2017-09-25 19:29:13',	'2017-09-25 19:29:13',	0,	0),
(136,	1,	'Horses running ',	68,	0,	'2017-09-26 11:43:55',	'2017-09-26 11:43:55',	4,	4),
(137,	1,	'Birds flying ',	68,	0,	'2017-09-26 11:44:30',	'2017-09-26 11:44:30',	8,	8),
(138,	1,	'Seals snuggling ',	68,	0,	'2017-09-26 11:44:57',	'2017-09-26 11:44:57',	12,	12),
(139,	1,	'Horses running ',	74,	0,	'2017-10-03 08:53:04',	'2017-10-03 08:53:04',	5,	5),
(140,	1,	'Birds flying ',	74,	0,	'2017-10-03 08:53:22',	'2017-10-03 08:53:22',	8,	8),
(142,	150,	'qweqeqwqqweqwe',	83,	0,	'2017-10-04 14:18:06',	'2017-10-04 14:18:06',	1,	5),
(144,	150,	'ann 2',	83,	0,	'2017-10-04 15:00:29',	'2017-10-04 15:00:29',	3,	5),
(145,	150,	'ann lll',	83,	0,	'2017-10-04 15:00:29',	'2017-10-04 15:09:07',	3,	5),
(146,	1,	'Giant rabbit yawning',	76,	0,	'2017-10-06 12:49:44',	'2017-10-06 12:49:44',	4,	0),
(148,	1,	'Horses Running ',	90,	0,	'2017-10-09 11:56:34',	'2017-10-09 11:56:34',	4,	5),
(150,	1,	'ducks',	90,	0,	'2017-10-09 12:31:41',	'2017-10-09 12:31:41',	0,	0),
(151,	1,	'horses ',	89,	0,	'2017-10-09 12:34:44',	'2017-10-09 12:34:44',	2,	5),
(152,	1,	'horses',	88,	0,	'2017-10-09 12:36:22',	'2017-10-09 12:36:22',	1,	5),
(153,	1,	'horses running  really fast ',	92,	0,	'2017-10-10 09:08:59',	'2017-10-10 09:16:40',	3,	5),
(155,	1,	'test!',	87,	0,	'2017-10-10 10:29:27',	'2017-10-10 10:29:27',	2,	4),
(156,	1,	'birds',	89,	0,	'2017-10-10 10:39:00',	'2017-10-10 10:39:00',	14,	17),
(157,	1,	'dynamic ticks!',	89,	0,	'2017-10-10 10:41:22',	'2017-10-10 10:41:22',	7,	9),
(158,	1,	'dynamic timeline!!!!',	89,	0,	'2017-10-10 10:49:48',	'2017-10-10 10:49:48',	5,	7),
(159,	1,	'ssdf',	89,	0,	'2017-10-10 10:55:17',	'2017-10-10 10:55:17',	2,	5),
(160,	1,	'seal?',	89,	0,	'2017-10-10 10:57:33',	'2017-10-10 10:57:33',	11,	14),
(161,	1,	'another tag',	89,	0,	'2017-10-10 10:58:47',	'2017-10-10 10:58:47',	20,	25),
(162,	1,	'final tag',	89,	0,	'2017-10-10 11:00:52',	'2017-10-10 11:00:52',	26,	28),
(163,	1,	'from 25th sec to 28th',	89,	0,	'2017-10-10 11:01:47',	'2017-10-10 11:01:47',	25,	28),
(164,	1,	'hello world',	89,	0,	'2017-10-10 11:05:52',	'2017-10-10 11:05:52',	1,	4),
(166,	1,	'test! after edit!!!!!',	92,	0,	'2017-10-10 11:11:24',	'2017-10-10 11:26:58',	5,	7),
(167,	1,	'hello!',	87,	0,	'2017-10-10 11:37:55',	'2017-10-10 11:37:55',	3,	5),
(177,	1,	'kids in circle',	98,	0,	'2017-10-24 11:53:39',	'2017-10-24 11:53:39',	166,	168),
(179,	1,	'red buckets',	98,	0,	'2017-10-24 12:22:54',	'2017-10-24 12:22:54',	6,	6),
(180,	1,	'erere',	100,	0,	'2017-10-25 18:16:40',	'2017-10-25 18:16:40',	6,	5),
(181,	1,	'not here',	100,	0,	'2017-10-25 18:17:49',	'2017-10-31 12:53:51',	3,	0),
(182,	1,	'hekk\n',	104,	0,	'2017-10-31 12:20:55',	'2017-10-31 12:20:55',	2,	0),
(183,	1,	'guitar',	100,	0,	'2017-10-31 12:45:10',	'2017-10-31 12:45:10',	28,	0),
(184,	150,	'osi annotation',	84,	0,	'2017-10-31 12:58:25',	'2017-10-31 12:58:25',	2,	4),
(185,	150,	'osi annotation 2',	84,	0,	'2017-10-31 12:58:57',	'2017-10-31 12:58:57',	1,	2),
(186,	1,	'water ',	106,	0,	'2017-11-01 08:28:06',	'2017-11-01 08:28:06',	1,	5),
(187,	1,	'people walking by ',	106,	0,	'2017-11-01 08:28:34',	'2017-11-01 08:28:34',	9,	16),
(188,	1,	'Annotation by Super Admin',	104,	0,	'2017-11-01 09:33:41',	'2017-11-01 09:33:41',	1,	5),
(189,	1,	'water ',	107,	0,	'2017-11-01 10:35:35',	'2017-11-01 10:35:35',	0,	0),
(190,	1,	'guitar',	107,	0,	'2017-11-01 10:35:44',	'2017-11-01 10:35:44',	0,	0),
(191,	1,	'people',	107,	0,	'2017-11-01 10:35:48',	'2017-11-01 10:35:48',	0,	0),
(192,	1,	'boats',	107,	0,	'2017-11-01 10:35:54',	'2017-11-01 10:35:54',	0,	0),
(193,	1,	'sky',	107,	0,	'2017-11-01 10:35:57',	'2017-11-01 10:35:57',	0,	0),
(196,	154,	'people walking by ',	110,	0,	'2017-11-02 12:18:54',	'2017-11-02 12:18:54',	4,	9),
(197,	154,	'red boat passing by ',	110,	0,	'2017-11-02 12:19:33',	'2017-11-02 12:19:33',	18,	36),
(198,	154,	'lady waiving ',	110,	0,	'2017-11-02 12:20:05',	'2017-11-02 12:20:05',	42,	44),
(199,	1,	'people walking by ',	108,	0,	'2017-11-02 12:37:55',	'2017-11-02 12:37:55',	3,	6),
(200,	1,	'boat',	108,	0,	'2017-11-02 13:42:20',	'2017-11-02 13:42:20',	0,	0),
(201,	1,	'hi',	111,	0,	'2017-11-02 14:42:08',	'2017-11-02 14:42:08',	0,	0),
(202,	154,	'wind chime',	113,	0,	'2017-11-03 07:41:04',	'2017-11-03 07:41:04',	9,	17),
(203,	154,	'water on ground ',	113,	0,	'2017-11-03 07:41:43',	'2017-11-03 07:41:43',	23,	31),
(204,	154,	'rain fall ',	113,	0,	'2017-11-03 07:41:57',	'2017-11-03 07:41:57',	33,	37),
(205,	155,	'Waiting for the changing of the guards',	114,	0,	'2017-11-03 07:42:13',	'2017-11-03 07:42:13',	3,	8),
(206,	154,	'rain floods',	113,	0,	'2017-11-03 07:42:20',	'2017-11-03 07:42:20',	49,	53),
(207,	154,	'puddle of water',	113,	0,	'2017-11-03 07:42:58',	'2017-11-03 07:42:58',	61,	66),
(208,	154,	'flower ',	113,	0,	'2017-11-03 07:43:44',	'2017-11-03 07:43:44',	81,	84),
(209,	154,	'rocks',	113,	0,	'2017-11-03 07:44:00',	'2017-11-03 07:44:00',	91,	95),
(210,	154,	'leaf and bug',	113,	0,	'2017-11-03 07:44:12',	'2017-11-03 07:44:12',	99,	102),
(211,	155,	'singing band with people passing by',	126,	0,	'2017-11-03 09:51:37',	'2017-11-03 09:51:37',	6,	15),
(212,	155,	'no people in sight',	126,	0,	'2017-11-03 09:52:47',	'2017-11-03 09:52:47',	31,	38),
(214,	155,	'video ends',	126,	0,	'2017-11-03 09:53:55',	'2017-11-03 09:53:55',	69,	1),
(215,	155,	'video is ending',	126,	0,	'2017-11-03 09:54:17',	'2017-11-03 09:54:17',	60,	0),
(216,	155,	'video is about to end',	126,	0,	'2017-11-03 09:54:25',	'2017-11-03 09:54:25',	65,	66),
(219,	154,	'elmo',	129,	0,	'2017-11-03 10:13:09',	'2017-11-03 10:13:09',	0,	0),
(220,	155,	'Kids waiting for bubble guy to make bubbles',	131,	0,	'2017-11-03 10:17:37',	'2017-11-03 10:17:37',	4,	6),
(221,	155,	'kids popping the bubbles',	131,	0,	'2017-11-03 10:18:01',	'2017-11-03 10:18:01',	10,	13),
(222,	155,	'More bubbles from bubble guy',	131,	0,	'2017-11-03 10:18:21',	'2017-11-03 10:18:21',	17,	20),
(223,	155,	'Couple blocking my view',	131,	0,	'2017-11-03 10:18:35',	'2017-11-03 10:18:35',	21,	23),
(224,	154,	'elmo',	128,	0,	'2017-11-03 10:36:50',	'2017-11-03 10:36:50',	0,	0),
(225,	154,	'ducks ',	134,	0,	'2017-11-06 09:21:07',	'2017-11-06 09:21:07',	0,	0),
(226,	1,	'bubbles',	139,	0,	'2017-11-06 10:42:59',	'2017-11-06 10:42:59',	5,	0),
(229,	1,	'ducks',	141,	0,	'2017-11-06 11:27:12',	'2017-11-06 11:27:12',	0,	0),
(230,	1,	'TEST INTO HELLO LABEL',	141,	0,	'2017-11-06 15:04:44',	'2017-11-06 15:04:44',	0,	0),
(231,	1,	'test',	141,	0,	'2017-11-06 15:06:05',	'2017-11-06 15:06:05',	0,	0),
(232,	1,	'into \"HELLO\" column',	141,	0,	'2017-11-06 15:07:59',	'2017-11-06 15:07:59',	0,	0),
(233,	1,	'testing ordering',	141,	0,	'2017-11-06 15:08:50',	'2017-11-06 15:08:50',	0,	0),
(234,	1,	'testing ordering 2',	141,	0,	'2017-11-06 15:09:48',	'2017-11-06 15:09:48',	0,	0),
(235,	1,	'birds flying',	141,	0,	'2017-11-07 14:45:10',	'2017-11-07 14:45:10',	7,	9),
(236,	1,	'ducks',	141,	0,	'2017-11-07 14:45:38',	'2017-11-07 14:45:38',	0,	0),
(237,	1,	'ducks 2',	141,	0,	'2017-11-07 14:45:46',	'2017-11-07 14:45:46',	0,	0),
(238,	1,	'one',	143,	0,	'2017-11-08 14:05:00',	'2017-11-08 14:05:00',	0,	0),
(239,	1,	'people walking   ',	143,	0,	'2017-11-09 08:27:11',	'2017-11-09 08:27:11',	15,	15),
(240,	1,	'horses running ',	147,	0,	'2017-11-09 09:24:29',	'2017-11-09 09:24:29',	2,	5),
(241,	1,	'birds flying ',	147,	0,	'2017-11-09 09:24:40',	'2017-11-09 09:24:40',	7,	8),
(242,	1,	'seals sleeping ',	147,	0,	'2017-11-09 09:24:52',	'2017-11-09 09:24:52',	9,	11),
(243,	1,	'ducks',	147,	0,	'2017-11-09 09:25:05',	'2017-11-09 09:25:05',	13,	15),
(244,	1,	'beaver ',	147,	0,	'2017-11-09 09:25:19',	'2017-11-09 09:25:19',	19,	20),
(245,	1,	'white horse running ',	147,	0,	'2017-11-09 09:25:35',	'2017-11-09 09:25:35',	2,	3),
(246,	1,	'hello',	146,	0,	'2017-11-09 11:19:18',	'2017-11-09 11:19:18',	3,	4),
(247,	1,	'Horses run by ocean',	145,	0,	'2017-11-09 12:03:56',	'2017-11-09 12:03:56',	5,	4),
(248,	1,	'Birds in field',	145,	0,	'2017-11-09 12:04:38',	'2017-11-09 12:04:38',	4,	0),
(249,	1,	'Seals ',	145,	0,	'2017-11-09 12:05:06',	'2017-11-09 12:05:06',	12,	12),
(250,	1,	'Ducks',	145,	0,	'2017-11-09 12:05:35',	'2017-11-09 12:05:35',	14,	18),
(251,	1,	'Otter',	145,	0,	'2017-11-09 12:05:54',	'2017-11-09 12:05:54',	18,	21),
(252,	1,	'Koala',	145,	0,	'2017-11-09 12:06:11',	'2017-11-09 12:06:11',	21,	25),
(253,	1,	'Birds by ocean',	145,	0,	'2017-11-09 12:06:31',	'2017-11-09 12:06:31',	25,	30),
(254,	1,	'ducks',	145,	0,	'2017-11-09 12:08:54',	'2017-11-09 12:08:54',	17,	0),
(255,	1,	'fff',	145,	0,	'2017-11-09 12:09:32',	'2017-11-09 12:09:32',	21,	25),
(262,	1,	'white horse',	152,	0,	'2017-11-09 12:44:42',	'2017-11-09 12:44:42',	2,	6),
(263,	1,	'birds',	152,	0,	'2017-11-09 12:44:55',	'2017-11-09 12:44:55',	8,	9),
(264,	1,	'ducks\n',	152,	0,	'2017-11-09 12:45:34',	'2017-11-09 12:45:34',	15,	10),
(265,	1,	'cute',	152,	0,	'2017-11-09 12:45:53',	'2017-11-09 12:45:53',	20,	0),
(266,	1,	'koala',	152,	0,	'2017-11-09 12:46:00',	'2017-11-09 12:46:00',	24,	0),
(267,	1,	'beaver eating flowers',	152,	0,	'2017-11-09 12:59:17',	'2017-11-09 12:59:17',	21,	22),
(268,	154,	'door',	155,	0,	'2017-11-10 09:33:17',	'2017-11-10 09:33:17',	1,	0),
(269,	154,	'picture on wall ',	155,	0,	'2017-11-10 09:33:28',	'2017-11-10 09:33:28',	7,	9),
(270,	154,	'elmo',	155,	0,	'2017-11-10 09:33:44',	'2017-11-10 09:33:44',	11,	15),
(271,	154,	'microwave',	155,	0,	'2017-11-10 09:34:00',	'2017-11-10 09:34:00',	20,	21),
(272,	154,	'chair',	155,	0,	'2017-11-10 09:34:12',	'2017-11-10 09:34:12',	24,	26),
(273,	154,	'door and laptop ',	155,	0,	'2017-11-10 09:34:24',	'2017-11-10 09:34:24',	27,	29),
(274,	154,	'wall and trash cans and chair ',	155,	0,	'2017-11-10 09:35:28',	'2017-11-10 09:35:28',	32,	32),
(275,	154,	'wind chime ',	116,	0,	'2017-11-10 09:36:23',	'2017-11-10 09:36:23',	5,	17),
(276,	154,	'sky',	116,	0,	'2017-11-10 09:36:33',	'2017-11-10 09:36:33',	17,	20),
(277,	154,	'small water puddle',	116,	0,	'2017-11-10 09:37:27',	'2017-11-10 09:37:27',	20,	31),
(278,	154,	'water falling from roof ',	116,	0,	'2017-11-10 09:38:05',	'2017-11-10 09:38:05',	32,	38),
(279,	154,	'flooded street',	116,	0,	'2017-11-10 09:38:24',	'2017-11-10 09:38:24',	38,	44),
(280,	154,	'fence',	116,	0,	'2017-11-10 09:38:33',	'2017-11-10 09:38:33',	45,	47),
(281,	154,	'heavy rain and flooding ',	116,	0,	'2017-11-10 09:38:49',	'2017-11-10 09:38:49',	48,	52),
(282,	154,	'rain drop in puddle ',	116,	0,	'2017-11-10 09:39:15',	'2017-11-10 09:39:15',	56,	59),
(283,	154,	'rocks and puddle',	116,	0,	'2017-11-10 09:40:23',	'2017-11-10 09:40:23',	59,	66),
(284,	154,	'clothes line',	116,	0,	'2017-11-10 09:40:42',	'2017-11-10 09:40:42',	73,	79),
(285,	154,	'flower',	116,	0,	'2017-11-10 09:40:53',	'2017-11-10 09:40:53',	80,	84),
(286,	154,	'cactus',	116,	0,	'2017-11-10 09:41:04',	'2017-11-10 09:41:04',	84,	89),
(287,	154,	'rocks',	116,	0,	'2017-11-10 09:41:19',	'2017-11-10 09:41:19',	90,	95),
(288,	154,	'leaf and droplets',	116,	0,	'2017-11-10 09:41:40',	'2017-11-10 09:41:40',	96,	102),
(289,	154,	'ending ',	116,	0,	'2017-11-10 09:41:50',	'2017-11-10 09:41:50',	103,	105),
(290,	1,	'Brianna Valdez for homecoming Princess \nFall 2017',	157,	0,	'2017-11-10 12:48:37',	'2017-11-10 12:48:37',	9,	0),
(291,	1,	'fall 2017 homecoming\n',	157,	0,	'2017-11-10 12:49:00',	'2017-11-10 12:49:00',	12,	0),
(292,	1,	'test',	157,	0,	'2017-11-10 12:49:27',	'2017-11-10 12:49:27',	4,	0),
(293,	1,	'test 3',	157,	0,	'2017-11-10 12:49:34',	'2017-11-10 12:49:34',	6,	0),
(294,	1,	'she has pretty hair\n',	157,	0,	'2017-11-10 12:49:45',	'2017-11-10 12:49:45',	9,	0),
(295,	1,	'black top',	157,	0,	'2017-11-10 12:49:52',	'2017-11-10 12:49:52',	12,	0),
(296,	1,	'Annotation 1',	158,	0,	'2017-11-13 07:21:44',	'2017-11-13 07:21:44',	2,	16),
(297,	1,	'chair and picture',	159,	0,	'2017-11-13 07:21:49',	'2017-11-13 07:21:49',	6,	9),
(298,	1,	'microwave',	159,	0,	'2017-11-13 07:21:58',	'2017-11-13 07:21:58',	10,	11),
(299,	1,	'elmo',	159,	0,	'2017-11-13 07:22:13',	'2017-11-13 07:22:13',	12,	18),
(300,	1,	'Boat in background',	158,	0,	'2017-11-13 07:23:32',	'2017-11-13 07:23:32',	21,	34),
(303,	1,	'Annotation 2',	158,	0,	'2017-11-13 07:39:47',	'2017-11-13 07:39:47',	1,	10),
(305,	1,	'picture on wall - Edit Test',	160,	0,	'2017-11-14 07:03:17',	'2017-11-14 07:24:25',	7,	9),
(306,	1,	'microwave ',	160,	0,	'2017-11-14 07:03:27',	'2017-11-14 07:03:27',	10,	11),
(307,	1,	'elmo ',	160,	0,	'2017-11-14 07:03:44',	'2017-11-14 07:03:44',	12,	18),
(308,	1,	'chair ',	160,	0,	'2017-11-14 07:04:09',	'2017-11-14 07:04:09',	22,	26),
(309,	1,	'laptop',	160,	0,	'2017-11-14 07:04:20',	'2017-11-14 07:04:20',	27,	31),
(310,	1,	'getting bubbles solution from the bucket',	161,	0,	'2017-11-14 07:17:33',	'2017-11-14 07:17:33',	3,	6),
(311,	1,	'making bubbles',	161,	0,	'2017-11-14 07:17:46',	'2017-11-14 07:17:46',	6,	12),
(312,	1,	'more bubbles in the air',	161,	0,	'2017-11-14 07:18:04',	'2017-11-14 07:18:04',	16,	20),
(313,	1,	'trash cans ',	160,	0,	'2017-11-14 07:18:19',	'2017-11-14 07:18:19',	4,	8),
(314,	1,	'couple blocking the view',	161,	0,	'2017-11-14 07:18:20',	'2017-11-14 07:18:20',	21,	22),
(315,	1,	'happiness',	161,	0,	'2017-11-14 07:18:33',	'2017-11-14 07:18:33',	23,	0),
(317,	154,	'rtuiryuir',	171,	0,	'2017-11-14 12:57:24',	'2017-11-14 12:57:24',	0,	0),
(318,	1,	'pojhpoij',	171,	0,	'2017-11-14 13:43:18',	'2017-11-14 13:43:18',	3,	60),
(319,	1,	'',	171,	0,	'2017-11-14 14:31:10',	'2017-11-14 14:31:10',	0,	0),
(320,	1,	'svsddsfv',	171,	0,	'2017-11-14 14:31:24',	'2017-11-14 14:31:24',	0,	0),
(321,	1,	'svsddqwerqwersfv',	171,	0,	'2017-11-14 14:31:57',	'2017-11-14 14:31:57',	0,	0),
(322,	1,	'svsddqwerqwersfv',	171,	0,	'2017-11-14 14:32:25',	'2017-11-14 14:32:25',	0,	0),
(323,	1,	'wryrt',	171,	0,	'2017-11-14 14:34:28',	'2017-11-14 14:34:28',	0,	0),
(324,	1,	'WERGWERG',	171,	0,	'2017-11-14 14:34:43',	'2017-11-14 14:34:43',	0,	0),
(325,	1,	'FJKFYUK',	171,	0,	'2017-11-14 14:35:48',	'2017-11-14 14:35:48',	0,	0),
(326,	1,	'MAGENTAAAAA',	171,	0,	'2017-11-14 14:36:17',	'2017-11-14 14:36:17',	3,	55),
(327,	1,	'MAGENTAAAAA',	171,	0,	'2017-11-14 14:36:39',	'2017-11-14 14:36:39',	3,	55),
(328,	1,	'MAGENTAAAAA',	171,	0,	'2017-11-14 14:39:26',	'2017-11-14 14:39:26',	3,	55),
(329,	1,	'MAGENTAAAAA',	171,	0,	'2017-11-14 14:39:52',	'2017-11-14 14:39:52',	3,	55),
(330,	1,	'orange',	171,	0,	'2017-11-14 14:44:38',	'2017-11-14 14:44:38',	0,	0),
(331,	1,	'orange 2',	171,	0,	'2017-11-14 14:44:55',	'2017-11-14 14:44:55',	0,	0),
(332,	1,	'dghsfghfsg',	171,	0,	'2017-11-14 14:45:56',	'2017-11-14 14:45:56',	0,	0),
(333,	1,	'dghsfghfsg',	171,	0,	'2017-11-14 14:46:07',	'2017-11-14 14:46:07',	0,	0),
(334,	1,	'dghsfghfsg',	171,	0,	'2017-11-14 14:47:10',	'2017-11-14 14:47:10',	0,	0),
(335,	1,	'dghsfghfsg',	171,	0,	'2017-11-14 14:48:08',	'2017-11-14 14:48:08',	0,	0),
(336,	1,	'dghsfghfsg',	171,	0,	'2017-11-14 14:48:22',	'2017-11-14 14:48:22',	0,	0),
(337,	1,	'dghsfghfsg',	171,	0,	'2017-11-14 14:49:04',	'2017-11-14 14:49:04',	0,	0),
(338,	1,	'dghsfghfsg',	171,	0,	'2017-11-14 14:50:07',	'2017-11-14 14:50:07',	0,	0),
(339,	1,	'oraaaaange',	171,	0,	'2017-11-14 14:50:23',	'2017-11-14 14:50:23',	0,	0),
(345,	1,	'laptop',	172,	0,	'2017-11-15 13:01:26',	'2017-11-15 13:01:26',	1,	7),
(346,	1,	'chair and picture',	172,	0,	'2017-11-15 13:04:25',	'2017-11-15 13:04:25',	4,	9),
(347,	1,	'microwave',	172,	0,	'2017-11-15 13:08:25',	'2017-11-15 13:08:25',	5,	11),
(348,	1,	'bubble guy',	139,	0,	'2017-11-15 13:11:44',	'2017-11-15 13:11:44',	1,	6),
(349,	1,	'bubbles ',	139,	0,	'2017-11-15 13:13:56',	'2017-11-15 13:13:56',	7,	19),
(351,	1,	'Pink annotation',	139,	0,	'2017-11-15 13:29:04',	'2017-11-15 13:29:04',	2,	5),
(352,	1,	'singing',	143,	0,	'2017-11-15 13:38:47',	'2017-11-15 13:38:47',	11,	11),
(355,	1,	'this goes to orange',	171,	0,	'2017-11-15 14:50:53',	'2017-11-15 14:50:53',	58,	0),
(356,	1,	'brand new blue column',	171,	0,	'2017-11-15 14:51:25',	'2017-11-15 14:51:25',	0,	0),
(357,	1,	'asdgsdgadsgasd',	171,	0,	'2017-11-15 14:51:52',	'2017-11-15 14:51:52',	0,	0),
(358,	1,	'wertywrtywrte',	171,	0,	'2017-11-15 14:53:12',	'2017-11-15 14:53:12',	0,	0),
(359,	1,	'RED',	171,	0,	'2017-11-15 14:53:41',	'2017-11-15 14:53:41',	1,	10),
(360,	1,	'yellow.',	171,	0,	'2017-11-15 14:54:32',	'2017-11-15 14:54:32',	2,	25),
(361,	1,	'yellow.',	171,	0,	'2017-11-15 14:54:39',	'2017-11-15 14:54:39',	2,	25),
(362,	1,	'here he wakes up',	171,	0,	'2017-11-15 14:55:40',	'2017-11-15 14:55:40',	2,	7),
(363,	1,	'f1wef1wefw1ef',	171,	0,	'2017-11-15 14:56:07',	'2017-11-15 14:56:07',	0,	0),
(364,	1,	'weqfqwefqwefqwefqwefqwefqwdwefew',	171,	0,	'2017-11-15 14:56:46',	'2017-11-15 14:56:46',	0,	0),
(365,	1,	'BLUE',	171,	0,	'2017-11-15 14:57:04',	'2017-11-15 14:57:04',	0,	0),
(366,	1,	'MORE BLUE',	171,	0,	'2017-11-15 14:57:20',	'2017-11-15 14:57:20',	0,	0),
(367,	1,	'BLUE!!!',	171,	0,	'2017-11-15 14:59:38',	'2017-11-15 14:59:38',	0,	0),
(368,	1,	'look at him yawn!!!!',	171,	0,	'2017-11-15 15:00:56',	'2017-11-15 15:00:56',	6,	7),
(369,	1,	'sdfsdf',	171,	0,	'2017-11-15 15:03:14',	'2017-11-15 15:03:14',	6,	0),
(370,	1,	'new greeen',	171,	0,	'2017-11-15 15:08:48',	'2017-11-15 15:08:48',	0,	0),
(371,	1,	'1st annotation',	174,	0,	'2017-11-15 15:29:07',	'2017-11-15 15:29:07',	0,	0),
(372,	1,	'gqergewr',	174,	0,	'2017-11-15 15:32:07',	'2017-11-15 15:32:07',	0,	0),
(373,	1,	'singing song',	176,	0,	'2017-11-16 08:44:30',	'2017-11-16 08:44:30',	3,	0),
(374,	1,	'butterfly wind chime',	175,	0,	'2017-11-16 08:44:33',	'2017-11-16 08:44:33',	9,	17),
(375,	1,	'people passing by',	176,	0,	'2017-11-16 08:45:31',	'2017-11-16 08:45:31',	17,	25),
(376,	1,	'boat in background',	176,	0,	'2017-11-16 08:52:02',	'2017-11-16 08:52:02',	19,	28),
(377,	1,	'clouds and dirt',	175,	0,	'2017-11-16 10:32:24',	'2017-11-16 10:32:24',	22,	29),
(378,	1,	'hello world',	176,	0,	'2017-11-16 10:52:44',	'2017-11-16 10:52:44',	19,	21),
(379,	1,	'live annotation',	176,	0,	'2017-11-16 11:05:41',	'2017-11-16 11:05:41',	0,	0),
(380,	1,	'guy with yellow shirt',	176,	0,	'2017-11-16 11:08:36',	'2017-11-16 11:08:36',	41,	44),
(381,	1,	'live',	176,	0,	'2017-11-16 11:09:56',	'2017-11-16 11:09:56',	0,	0),
(382,	1,	'test',	176,	0,	'2017-11-16 11:11:17',	'2017-11-16 11:11:17',	0,	0),
(384,	1,	'blue',	178,	0,	'2017-11-16 13:38:30',	'2017-11-16 13:38:30',	0,	0),
(386,	1,	'people walking',	183,	0,	'2017-11-17 14:44:09',	'2017-11-17 14:44:09',	6,	8),
(387,	1,	'playing guitar',	183,	0,	'2017-11-17 14:44:19',	'2017-11-17 14:44:19',	9,	12),
(388,	1,	'white and blue boat with flag ',	183,	0,	'2017-11-20 07:18:33',	'2017-11-20 07:18:33',	8,	11),
(389,	1,	'white and red boat',	183,	0,	'2017-11-20 07:20:58',	'2017-11-20 07:20:58',	22,	36),
(390,	1,	'people walking by',	184,	0,	'2017-11-20 07:54:31',	'2017-11-20 07:54:31',	2,	11),
(391,	1,	'more music playing',	184,	0,	'2017-11-20 07:56:45',	'2017-11-20 07:56:45',	14,	23),
(393,	1,	'Red and white boat',	184,	0,	'2017-11-20 08:30:01',	'2017-11-20 08:30:01',	28,	29),
(394,	1,	'girl ',	188,	0,	'2017-11-20 09:28:38',	'2017-11-20 09:28:38',	3,	4),
(395,	1,	'guitar',	188,	0,	'2017-11-20 09:28:54',	'2017-11-20 09:28:54',	6,	7),
(396,	1,	'guy wakes up',	196,	0,	'2017-11-20 14:42:02',	'2017-11-20 14:42:02',	1,	2),
(397,	155,	'Wind Chime',	198,	0,	'2017-11-21 11:25:00',	'2017-11-21 11:25:00',	7,	16),
(398,	155,	'Clouds and Sun ',	198,	0,	'2017-11-21 11:25:17',	'2017-11-21 11:25:17',	18,	20),
(399,	155,	'Rain falling off of a roof',	198,	0,	'2017-11-21 11:32:07',	'2017-11-21 11:32:07',	32,	35),
(400,	155,	'Rain puddles',	198,	0,	'2017-11-21 11:32:52',	'2017-11-21 11:32:52',	40,	44),
(402,	1,	'an annotation',	197,	0,	'2017-11-21 12:21:07',	'2017-11-21 12:21:07',	30,	90),
(403,	1,	'this is another annotation',	197,	0,	'2017-11-21 14:58:54',	'2017-11-21 14:58:54',	105,	120),
(405,	1,	'wind chime swinging',	200,	0,	'2017-11-22 11:19:32',	'2017-11-22 11:19:32',	14,	16),
(406,	1,	'wind chime swinging',	199,	0,	'2017-11-22 11:20:44',	'2017-11-22 11:20:44',	12,	16),
(407,	1,	'oh this is cool!',	200,	0,	'2017-11-22 14:37:05',	'2017-11-22 14:37:05',	3,	11),
(408,	1,	'fadsfasdf',	200,	0,	'2017-11-22 14:38:04',	'2017-11-22 14:38:04',	6,	7),
(409,	1,	'check this out!',	200,	0,	'2017-11-22 14:39:58',	'2017-11-22 14:39:58',	7,	11),
(410,	1,	'but so is this!',	200,	0,	'2017-11-22 14:40:16',	'2017-11-22 14:40:16',	14,	19),
(411,	1,	'hi ',	204,	0,	'2017-11-27 12:51:18',	'2017-11-27 12:51:18',	1,	0),
(412,	1,	'green',	206,	0,	'2017-11-28 10:21:01',	'2017-11-28 10:21:01',	0,	8),
(416,	1,	'New annotation',	207,	0,	'2017-11-28 11:06:14',	'2017-11-28 11:06:14',	0,	40),
(417,	1,	'continuation of the video',	207,	0,	'2017-11-28 11:06:41',	'2017-11-28 11:06:41',	41,	47),
(418,	1,	'test',	205,	0,	'2017-11-28 12:41:05',	'2017-11-28 12:41:05',	1,	2),
(419,	1,	'fghfg',	215,	0,	'2017-11-30 12:06:20',	'2017-11-30 12:06:20',	0,	0),
(420,	1,	'hfghfgh',	215,	0,	'2017-11-30 12:06:24',	'2017-11-30 12:06:24',	0,	0),
(421,	1,	'hgfhf',	215,	0,	'2017-11-30 12:06:27',	'2017-11-30 12:06:27',	0,	0),
(422,	1,	'Wind Chime ',	217,	0,	'2017-12-04 12:35:38',	'2017-12-04 12:35:38',	4,	16),
(423,	1,	'sky',	217,	0,	'2017-12-04 12:35:56',	'2017-12-04 12:35:56',	17,	20),
(424,	1,	'water on ground',	217,	0,	'2017-12-04 12:36:36',	'2017-12-04 12:36:36',	20,	32),
(425,	1,	'wind chime ',	218,	0,	'2017-12-08 11:30:43',	'2017-12-08 11:30:43',	8,	12),
(427,	1,	'wind chime swaying',	220,	0,	'2017-12-08 11:55:29',	'2017-12-08 11:55:29',	3,	16),
(428,	1,	'sky and sun ',	220,	0,	'2017-12-08 11:55:38',	'2017-12-08 11:55:38',	17,	20),
(429,	1,	'wind blowing the chimes',	218,	0,	'2017-12-11 13:35:20',	'2017-12-11 13:35:20',	5,	12),
(430,	1,	'beautiful wall and sky',	218,	0,	'2017-12-11 13:35:34',	'2017-12-11 13:35:34',	13,	21),
(431,	1,	'test!!!',	221,	0,	'2017-12-11 14:32:04',	'2017-12-11 14:57:19',	3,	4),
(432,	1,	'hi',	221,	0,	'2017-12-12 13:04:50',	'2017-12-12 13:04:50',	1,	3),
(433,	1,	'hi',	221,	0,	'2017-12-12 13:06:42',	'2017-12-12 13:06:42',	3,	0),
(434,	1,	'diapering child and talking to him ',	223,	0,	'2017-12-12 13:15:12',	'2017-12-12 13:15:12',	1,	8),
(435,	1,	'buubles',	224,	0,	'2017-12-12 13:19:42',	'2017-12-12 13:19:42',	0,	0),
(436,	1,	'pulling up child\'s pants after diapering ',	223,	0,	'2017-12-12 13:24:30',	'2017-12-12 13:24:30',	10,	26),
(437,	1,	'helping child down stairs 10000',	223,	0,	'2017-12-12 13:24:46',	'2017-12-12 13:32:33',	26,	35),
(438,	1,	'test',	225,	0,	'2017-12-12 13:46:31',	'2017-12-12 13:46:31',	1,	2),
(439,	1,	'Diapering more children ',	223,	0,	'2017-12-12 13:50:03',	'2017-12-12 13:50:03',	892,	899),
(440,	1,	'test!',	225,	0,	'2017-12-12 13:50:39',	'2017-12-12 13:50:39',	2,	3),
(441,	1,	'test',	225,	0,	'2017-12-12 13:52:16',	'2017-12-12 13:52:16',	1,	5),
(442,	1,	'should work now',	225,	0,	'2017-12-12 13:59:08',	'2017-12-12 13:59:08',	1,	2),
(443,	1,	'testing dfasdfdsafasd',	226,	0,	'2017-12-12 18:57:47',	'2017-12-12 18:58:14',	0,	0),
(444,	1,	'gfdgfdgf',	226,	0,	'2017-12-12 19:09:30',	'2017-12-12 19:09:30',	21,	0),
(445,	1,	'She looks at her peer\'s work.',	227,	0,	'2017-12-12 21:52:33',	'2017-12-12 21:52:33',	6,	9),
(446,	1,	'She is hesitant about which method to use until she realizes a quick, effective solution.',	227,	0,	'2017-12-12 21:55:37',	'2017-12-12 22:00:01',	13,	17),
(447,	1,	'bubbles and kids',	228,	0,	'2017-12-13 07:29:00',	'2017-12-13 07:29:00',	3,	0),
(448,	1,	'floating bubbes',	228,	0,	'2017-12-13 07:30:25',	'2017-12-13 07:30:25',	1,	12),
(449,	1,	'more bubbles',	228,	0,	'2017-12-13 07:30:41',	'2017-12-13 07:30:41',	12,	22),
(450,	1,	'bubbles at park 1000000',	229,	0,	'2017-12-13 11:08:30',	'2017-12-13 11:14:09',	0,	6),
(451,	1,	'more bubbles',	229,	0,	'2017-12-13 11:16:53',	'2017-12-13 11:16:53',	8,	13),
(452,	1,	'bubbles bubbles bubbles',	229,	0,	'2017-12-13 11:18:46',	'2017-12-13 11:18:46',	17,	0),
(453,	1,	'yfuydytd',	229,	0,	'2017-12-13 11:20:14',	'2017-12-13 11:20:14',	3,	7),
(454,	1,	'lmjrgfoi\'awnejgolkr',	229,	0,	'2017-12-13 11:21:28',	'2017-12-13 11:21:28',	15,	17),
(455,	1,	'hello world',	232,	0,	'2017-12-14 11:10:12',	'2017-12-14 11:10:12',	2,	6),
(456,	1,	'test annotation',	232,	0,	'2017-12-18 11:15:18',	'2017-12-18 11:15:18',	0,	3),
(457,	1,	'test test 2',	232,	0,	'2017-12-18 11:21:47',	'2017-12-18 11:21:47',	1,	2),
(458,	1,	'test 3 final ',	232,	0,	'2017-12-18 11:26:53',	'2017-12-18 11:26:53',	1,	4),
(459,	1,	'test 3',	232,	0,	'2017-12-18 11:28:40',	'2017-12-18 11:28:40',	1,	3),
(460,	1,	'test 4',	232,	0,	'2017-12-18 11:29:39',	'2017-12-18 11:29:39',	1,	3),
(461,	1,	'test dos',	232,	0,	'2017-12-18 11:36:09',	'2017-12-18 11:36:09',	1,	3),
(462,	1,	'final?',	232,	0,	'2017-12-18 11:40:56',	'2017-12-18 11:40:56',	1,	5),
(463,	1,	'yawning',	232,	0,	'2017-12-18 15:03:14',	'2017-12-18 15:03:14',	4,	7),
(464,	1,	'Bubbles',	234,	0,	'2017-12-19 15:02:50',	'2017-12-19 15:02:50',	0,	4),
(465,	1,	'Bubbles 2',	234,	0,	'2017-12-19 15:02:56',	'2017-12-19 15:02:56',	4,	8),
(466,	1,	'Bubbles 3',	234,	0,	'2017-12-19 15:03:02',	'2017-12-19 15:03:02',	8,	11),
(467,	1,	'Bubbles 4',	234,	0,	'2017-12-19 15:03:09',	'2017-12-19 15:03:09',	11,	15),
(468,	1,	'bubbles 1',	235,	0,	'2017-12-20 11:18:35',	'2017-12-20 11:18:35',	5,	10),
(470,	1,	'water',	236,	0,	'2017-12-20 12:59:58',	'2017-12-20 12:59:58',	0,	32),
(471,	1,	'puddle',	236,	0,	'2017-12-20 13:02:46',	'2017-12-20 13:02:46',	59,	63),
(484,	1,	'test!',	239,	0,	'2017-12-20 15:23:11',	'2017-12-20 15:36:16',	0,	0),
(485,	1,	'looks at paper',	238,	0,	'2017-12-20 15:41:01',	'2017-12-20 15:41:01',	1,	5),
(486,	1,	'yellow boots',	238,	0,	'2017-12-20 15:41:27',	'2017-12-20 15:41:27',	5,	0),
(487,	1,	'chair',	238,	0,	'2017-12-20 15:41:42',	'2017-12-20 15:41:42',	12,	0),
(488,	1,	'no label checked off',	238,	0,	'2017-12-20 15:42:49',	'2017-12-20 15:42:49',	2,	0),
(489,	1,	'dfafdsfdas',	238,	0,	'2017-12-20 15:46:09',	'2017-12-20 15:46:09',	0,	0),
(490,	1,	'bubbles 1',	242,	0,	'2017-12-21 08:34:30',	'2017-12-21 08:34:30',	1,	0),
(492,	1,	'bubbles 4',	242,	0,	'2017-12-21 08:36:13',	'2017-12-21 08:36:13',	2,	6),
(493,	1,	'afafaf',	236,	0,	'2017-12-21 11:07:56',	'2017-12-21 11:07:56',	0,	0),
(494,	1,	'fddfsafds',	242,	0,	'2017-12-21 11:08:00',	'2017-12-21 11:08:00',	3,	0),
(495,	1,	'avavdvf',	236,	0,	'2017-12-21 11:08:11',	'2017-12-21 11:08:11',	0,	0),
(496,	1,	'ffasdfsad',	242,	0,	'2017-12-21 11:08:16',	'2017-12-21 11:08:16',	5,	0),
(497,	1,	'Annotation 1',	243,	0,	'2017-12-27 07:51:57',	'2017-12-27 07:51:57',	1,	5),
(498,	1,	'Annotation 2',	243,	0,	'2017-12-27 07:52:05',	'2017-12-27 07:52:05',	5,	10),
(499,	1,	'Annotation 3',	243,	0,	'2017-12-27 07:52:12',	'2017-12-27 07:52:12',	11,	15),
(500,	1,	'Annotation 4',	243,	0,	'2017-12-27 07:52:18',	'2017-12-27 07:52:18',	15,	18),
(501,	1,	'puts down marker',	227,	0,	'2017-12-28 14:14:14',	'2017-12-28 14:14:14',	1,	0),
(502,	1,	'fdasdfsfda',	227,	0,	'2017-12-28 14:16:56',	'2017-12-28 14:16:56',	0,	0),
(503,	1,	'fdafdsa',	227,	0,	'2017-12-28 14:17:25',	'2017-12-28 14:17:25',	0,	0),
(504,	1,	'esdfgh',	242,	0,	'2017-12-28 14:18:39',	'2017-12-28 14:18:39',	0,	0),
(505,	1,	'fdafdsa',	227,	0,	'2017-12-28 14:18:45',	'2017-12-28 14:18:45',	0,	0),
(506,	1,	'No Label Is Checked',	242,	0,	'2017-12-28 14:19:22',	'2017-12-28 14:19:22',	0,	0),
(507,	1,	'No Label Is Checked',	242,	0,	'2017-12-28 14:20:34',	'2017-12-28 14:20:34',	0,	0),
(508,	1,	'yjt',	241,	0,	'2018-01-02 10:14:57',	'2018-01-02 10:14:57',	0,	0),
(509,	1,	'yiyui',	241,	0,	'2018-01-02 10:15:03',	'2018-01-02 10:15:03',	0,	0),
(510,	1,	'yuiyui',	241,	0,	'2018-01-02 10:15:11',	'2018-01-02 10:15:11',	0,	0),
(511,	1,	'yuiyuiy',	241,	0,	'2018-01-02 10:15:29',	'2018-01-02 10:15:29',	0,	0),
(512,	1,	'yuiyui',	241,	0,	'2018-01-02 10:15:35',	'2018-01-02 10:15:35',	102,	0),
(513,	1,	'ergegwg',	243,	0,	'2018-01-03 15:18:47',	'2018-01-03 15:18:47',	0,	0),
(514,	1,	'sdfsdfsdf',	243,	0,	'2018-01-03 15:18:52',	'2018-01-03 15:18:52',	0,	0),
(515,	1,	'blue!',	243,	0,	'2018-01-03 15:19:01',	'2018-01-03 15:19:01',	0,	0),
(516,	1,	'hello',	243,	0,	'2018-01-03 15:19:15',	'2018-01-03 15:19:15',	0,	0),
(517,	1,	'green!',	243,	0,	'2018-01-03 15:19:24',	'2018-01-03 15:19:24',	0,	0),
(518,	1,	'lime!',	243,	0,	'2018-01-03 15:19:39',	'2018-01-03 15:19:39',	0,	0),
(519,	1,	'bubbles !!!!!',	243,	0,	'2018-01-03 15:23:02',	'2018-01-03 15:23:02',	5,	12),
(520,	1,	'moar bubbles',	243,	0,	'2018-01-03 15:23:14',	'2018-01-03 15:23:14',	12,	14),
(521,	1,	'wgergergregreg',	243,	0,	'2018-01-03 15:25:18',	'2018-01-03 15:25:18',	0,	0),
(522,	1,	'fdghsfhsfdhsdfh',	243,	0,	'2018-01-03 15:25:29',	'2018-01-03 15:25:29',	0,	0),
(523,	1,	'werwefwerw',	243,	0,	'2018-01-03 15:25:45',	'2018-01-03 15:25:45',	4,	0),
(524,	1,	'rererertert',	243,	0,	'2018-01-03 15:26:00',	'2018-01-03 15:26:00',	15,	0),
(525,	1,	'tree',	243,	0,	'2018-01-03 15:26:04',	'2018-01-03 15:26:04',	23,	0),
(526,	1,	'bunny coming out',	245,	0,	'2018-01-04 10:39:34',	'2018-01-04 10:39:34',	1,	4),
(527,	1,	'bunny',	245,	0,	'2018-01-04 10:41:27',	'2018-01-04 10:41:27',	0,	0),
(528,	1,	'hello world',	245,	0,	'2018-01-04 11:40:16',	'2018-01-04 11:40:16',	2,	5),
(529,	1,	'Annotation',	250,	0,	'2018-01-04 13:53:20',	'2018-01-04 13:53:20',	1,	5),
(530,	1,	'annotation 1',	250,	0,	'2018-01-04 14:09:22',	'2018-01-04 14:09:22',	4,	7),
(531,	1,	'annotation 2',	250,	0,	'2018-01-04 14:09:30',	'2018-01-04 14:09:30',	8,	12),
(532,	1,	'birds',	250,	0,	'2018-01-04 14:09:35',	'2018-01-04 14:09:35',	12,	15),
(534,	1,	'beach',	250,	0,	'2018-01-04 14:16:43',	'2018-01-04 14:16:43',	1,	3),
(535,	1,	'nice horses ',	250,	0,	'2018-01-08 07:53:55',	'2018-01-08 07:53:55',	2,	10),
(536,	1,	'xsdadasdsadsa',	251,	0,	'2018-01-08 10:10:33',	'2018-01-08 10:10:33',	0,	0),
(537,	1,	'annotation 1',	252,	0,	'2018-01-08 10:17:44',	'2018-01-08 10:17:44',	3,	0),
(538,	1,	'annotation 2',	252,	0,	'2018-01-08 10:18:02',	'2018-01-08 10:18:02',	8,	0),
(540,	1,	'aSas',	253,	0,	'2018-01-08 10:19:49',	'2018-01-08 10:41:05',	0,	0),
(541,	1,	'Annotation 3',	253,	0,	'2018-01-08 10:19:56',	'2018-01-08 10:19:56',	7,	0),
(542,	1,	'Annotation 4',	253,	0,	'2018-01-08 10:20:02',	'2018-01-08 10:20:02',	13,	0),
(543,	1,	'dsasdasdasd',	252,	0,	'2018-01-08 10:26:05',	'2018-01-08 10:26:05',	10,	13),
(544,	1,	'dsdadsa',	252,	0,	'2018-01-08 10:28:04',	'2018-01-08 10:28:04',	1,	3),
(545,	1,	'dsada',	252,	0,	'2018-01-08 10:29:40',	'2018-01-08 10:29:40',	4,	9),
(546,	1,	'sdasda',	252,	0,	'2018-01-08 10:29:51',	'2018-01-08 10:29:51',	11,	0),
(548,	1,	'1',	253,	0,	'2018-01-10 07:53:13',	'2018-01-10 07:53:13',	2,	0),
(550,	1,	'xsxnsnx',	253,	0,	'2018-01-10 14:40:08',	'2018-01-10 14:40:08',	12,	0),
(551,	1,	'bubbles 1',	254,	0,	'2018-01-11 14:23:00',	'2018-01-11 14:23:00',	0,	5),
(553,	1,	'bubbles 3',	254,	0,	'2018-01-11 14:23:47',	'2018-01-11 14:23:47',	9,	14),
(554,	1,	'dfsdfsdfs',	255,	0,	'2018-01-17 07:54:35',	'2018-01-17 07:54:35',	2,	5),
(555,	1,	'Sample',	248,	0,	'2018-01-17 10:28:36',	'2018-01-17 10:28:36',	0,	7),
(556,	1,	'asdfasdfasdfsdffsdff',	259,	0,	'2018-01-19 11:56:29',	'2018-01-19 11:56:29',	4,	6),
(557,	1,	'wildlife',	261,	0,	'2018-01-19 15:11:39',	'2018-01-19 15:11:39',	0,	4),
(558,	1,	'birds flying',	261,	0,	'2018-01-19 15:12:00',	'2018-01-19 15:12:00',	5,	0),
(559,	1,	'more birds',	261,	0,	'2018-01-19 15:12:06',	'2018-01-19 15:12:06',	12,	15),
(560,	1,	'animal',	261,	0,	'2018-01-19 15:12:18',	'2018-01-19 15:12:18',	16,	22),
(562,	1,	'test',	261,	0,	'2018-01-19 15:32:56',	'2018-01-19 15:32:56',	1,	4),
(563,	1,	'horses',	261,	0,	'2018-01-19 15:38:04',	'2018-01-19 15:38:04',	1,	5),
(564,	1,	'birds flying and seals',	261,	0,	'2018-01-19 15:38:15',	'2018-01-19 15:38:15',	5,	12),
(565,	1,	'animals',	261,	0,	'2018-01-23 10:23:06',	'2018-01-23 10:23:06',	2,	7),
(566,	1,	'hello world',	264,	0,	'2018-01-24 12:16:23',	'2018-01-24 12:16:23',	2,	4),
(567,	1,	'dfdsfdsfsdf',	266,	0,	'2018-01-24 15:24:01',	'2018-01-24 15:24:01',	1,	0),
(568,	1,	'weqweqwewqe',	266,	0,	'2018-01-24 15:46:24',	'2018-01-24 15:46:24',	235,	267),
(569,	1,	'dsdcdsd',	266,	0,	'2018-01-24 15:46:39',	'2018-01-24 15:46:39',	1069,	1077),
(570,	1,	'dewdwed',	266,	0,	'2018-01-24 15:52:22',	'2018-01-24 15:56:23',	550,	566),
(574,	1,	'fun',	270,	0,	'2018-01-25 09:11:02',	'2018-01-25 09:11:02',	1,	4),
(575,	1,	'park',	270,	0,	'2018-01-25 09:11:10',	'2018-01-25 09:11:10',	5,	9),
(576,	1,	'floating bubbles',	270,	0,	'2018-01-25 09:11:19',	'2018-01-25 09:11:19',	11,	15),
(577,	1,	'guy',	270,	0,	'2018-01-25 09:11:27',	'2018-01-25 09:11:27',	16,	18),
(578,	1,	'Ghjj',	271,	0,	'2018-01-25 10:02:10',	'2018-01-25 10:02:10',	30,	0),
(579,	1,	'wow this is great !!!!',	265,	0,	'2018-01-25 10:48:42',	'2018-01-25 10:48:42',	439,	452),
(580,	1,	'testntest',	265,	0,	'2018-01-25 10:49:42',	'2018-01-25 10:49:42',	517,	0),
(581,	1,	'this is cool!!!!',	265,	0,	'2018-01-25 10:50:03',	'2018-01-25 10:50:03',	547,	551),
(582,	1,	'test!!',	279,	0,	'2018-01-25 12:13:04',	'2018-01-25 12:13:04',	2,	4),
(583,	1,	'dfsfdfs',	280,	0,	'2018-01-25 14:35:02',	'2018-01-25 14:35:02',	1,	0),
(584,	1,	'fsdfsdf',	280,	0,	'2018-01-25 14:35:07',	'2018-01-25 14:35:07',	2,	0),
(585,	1,	'fsdfsdf',	280,	0,	'2018-01-25 14:35:20',	'2018-01-25 14:35:20',	1,	0),
(586,	1,	'fsdfsd',	280,	0,	'2018-01-25 14:35:33',	'2018-01-25 14:35:33',	2,	0),
(587,	1,	'fsdfsdf',	280,	0,	'2018-01-25 14:35:34',	'2018-01-25 14:35:34',	3,	0),
(588,	1,	'fdsfsdf',	280,	0,	'2018-01-25 14:35:36',	'2018-01-25 14:35:36',	5,	0),
(589,	1,	'grgrgerg',	280,	0,	'2018-01-25 16:15:09',	'2018-01-25 16:15:09',	1,	0),
(590,	1,	'test',	281,	0,	'2018-01-29 15:10:22',	'2018-01-29 15:10:22',	2,	4),
(591,	1,	'HSJKLHASKDF',	281,	0,	'2018-01-31 08:01:53',	'2018-01-31 08:01:53',	0,	0),
(592,	1,	'wakeup',	281,	0,	'2018-01-31 08:03:05',	'2018-01-31 08:03:05',	5,	0),
(593,	1,	'first annotation',	283,	0,	'2018-01-31 11:28:33',	'2018-01-31 11:28:33',	3,	0),
(594,	1,	'middle annotation',	283,	0,	'2018-01-31 11:28:41',	'2018-01-31 11:28:41',	13,	0),
(595,	1,	'last',	283,	0,	'2018-01-31 11:28:43',	'2018-01-31 11:28:43',	18,	0),
(596,	1,	'children',	284,	0,	'2018-01-31 12:11:31',	'2018-01-31 12:11:31',	1,	0),
(597,	1,	'heeeeeey',	284,	0,	'2018-01-31 12:11:40',	'2018-01-31 12:11:40',	8,	12),
(598,	1,	'bubbles',	284,	0,	'2018-01-31 12:11:46',	'2018-01-31 12:11:46',	13,	15),
(599,	1,	'anotha one',	284,	0,	'2018-01-31 12:11:53',	'2018-01-31 12:11:53',	16,	19),
(600,	1,	'heeeeey',	284,	0,	'2018-01-31 12:12:40',	'2018-01-31 12:12:40',	2,	4),
(601,	1,	'annotate',	284,	0,	'2018-01-31 12:12:46',	'2018-01-31 12:12:46',	6,	0),
(602,	1,	'tesssssstt',	284,	0,	'2018-01-31 12:13:06',	'2018-01-31 12:13:06',	2,	0),
(603,	1,	'kids playing with bubbles',	284,	0,	'2018-01-31 13:33:34',	'2018-01-31 13:33:34',	18,	0),
(604,	1,	'Children playing in bubbles',	284,	0,	'2018-01-31 13:33:34',	'2018-01-31 13:33:34',	11,	0),
(605,	1,	'kids having fun with bubbles',	284,	0,	'2018-01-31 13:33:43',	'2018-01-31 13:33:43',	15,	0),
(606,	1,	'bubbles',	284,	0,	'2018-01-31 13:33:45',	'2018-01-31 13:33:45',	9,	0),
(607,	1,	'Giant bubble maker being used with children playing with bubbles.',	284,	0,	'2018-01-31 13:33:45',	'2018-01-31 13:33:45',	6,	0),
(608,	1,	'Man blowing bubbles',	284,	0,	'2018-01-31 13:33:57',	'2018-01-31 13:33:57',	19,	0),
(609,	1,	'kids party\nbubbles as entertainment\npublic park',	284,	0,	'2018-01-31 13:34:03',	'2018-01-31 13:34:03',	4,	0),
(610,	1,	'Hello',	283,	0,	'2018-02-01 08:05:38',	'2018-02-01 08:05:38',	5,	8),
(611,	1,	'edsfsdfsdf',	294,	0,	'2018-02-01 13:34:57',	'2018-02-01 13:34:57',	3,	0),
(612,	1,	'Koala Bear\n',	299,	0,	'2018-02-02 08:17:47',	'2018-02-02 08:17:47',	23,	0),
(613,	1,	'seals!!',	299,	0,	'2018-02-02 08:18:11',	'2018-02-02 08:18:11',	10,	0),
(614,	1,	'sky\n',	236,	0,	'2018-02-02 08:29:29',	'2018-02-02 08:29:29',	19,	0),
(615,	159,	'ajoeni',	310,	0,	'2018-02-02 14:35:51',	'2018-02-02 14:35:51',	0,	0),
(616,	159,	'acioej',	293,	0,	'2018-02-02 14:40:22',	'2018-02-02 14:40:22',	0,	0),
(617,	1,	'horses',	299,	0,	'2018-02-04 20:42:01',	'2018-02-04 20:42:01',	4,	5),
(618,	1,	'birds',	299,	0,	'2018-02-04 20:42:05',	'2018-02-04 20:42:05',	6,	8),
(619,	1,	'seals',	299,	0,	'2018-02-04 20:42:11',	'2018-02-04 20:42:11',	9,	10),
(620,	1,	'ayyyyy',	323,	0,	'2018-02-05 15:13:43',	'2018-02-05 15:13:43',	1,	3),
(621,	1,	'21312312',	323,	0,	'2018-02-14 15:00:36',	'2018-02-14 15:00:36',	1,	0),
(622,	1,	'3rerwr',	323,	0,	'2018-02-14 15:00:44',	'2018-02-14 15:00:44',	11,	0),
(624,	155,	'lklk',	328,	0,	'2018-03-01 16:34:45',	'2018-03-01 16:34:45',	1,	0),
(625,	155,	'k',	328,	0,	'2018-03-01 16:35:53',	'2018-03-01 16:35:53',	2,	0),
(626,	155,	'k',	328,	0,	'2018-03-01 16:36:07',	'2018-03-01 16:36:07',	4,	4),
(627,	155,	'she is funny',	328,	0,	'2018-03-02 10:25:37',	'2018-03-02 10:25:37',	1,	0),
(628,	155,	'frfrfrfrf',	328,	0,	'2018-03-02 10:26:03',	'2018-03-02 10:26:03',	2,	3),
(629,	1,	'Look!',	329,	0,	'2018-03-05 11:06:39',	'2018-03-05 11:06:39',	1,	3),
(630,	155,	'hello world',	330,	0,	'2018-03-05 11:14:42',	'2018-03-05 11:14:42',	1,	4),
(633,	1,	'She is looking in the distance.',	331,	0,	'2018-03-08 20:13:55',	'2018-03-08 20:13:55',	2,	2),
(634,	1,	'Amazing annotation!',	329,	0,	'2018-03-14 14:10:20',	'2018-03-14 14:10:20',	1,	2),
(635,	1,	'Woah! Look at that!',	329,	0,	'2018-03-14 14:10:33',	'2018-03-14 14:10:33',	3,	4),
(636,	1,	'fdsfsdffsdfsdfsdf',	333,	0,	'2018-03-19 10:58:36',	'2018-03-19 10:58:36',	3,	0),
(637,	1,	'annotation 1',	334,	0,	'2018-03-19 11:41:48',	'2018-03-19 11:41:48',	3,	6),
(638,	1,	'new annotation 2',	334,	0,	'2018-03-19 11:41:56',	'2018-03-19 11:41:56',	7,	11),
(639,	1,	'kids in classroom',	334,	0,	'2018-03-19 11:42:03',	'2018-03-19 11:42:03',	13,	16),
(643,	1,	'Look at him wake up!',	341,	0,	'2018-03-20 12:43:07',	'2018-03-20 12:43:07',	2,	3),
(644,	1,	'venice',	343,	0,	'2018-03-20 13:32:03',	'2018-03-20 13:32:03',	1,	3),
(645,	1,	'water',	343,	0,	'2018-03-20 13:32:08',	'2018-03-20 13:32:08',	4,	0),
(646,	1,	'testing for a long annotation. Wondering what categorizing a long annotation in a column would do. Just extra text, completely unimportant. Just testing. La la la la la. Ok, posting this now. I hope the website doesn\'t break!! Wait, I don\'t think this is long enough, let me type some more words to fill up space in the annotation that will be going inside a column to test what will happen. Ok I\'m done now. Going to post this once I\'m done with this sentence and verifying my spelling.',	343,	0,	'2018-03-20 13:40:40',	'2018-03-20 13:40:40',	2,	6),
(647,	1,	'1',	342,	0,	'2018-03-20 13:47:11',	'2018-03-20 13:47:11',	1,	2),
(648,	1,	'22',	342,	0,	'2018-03-20 13:47:14',	'2018-03-20 13:47:14',	3,	3),
(649,	1,	'third',	342,	0,	'2018-03-20 13:47:19',	'2018-03-20 13:47:19',	4,	5),
(650,	1,	'dsdfsdfsdf',	344,	0,	'2018-03-20 14:09:41',	'2018-03-20 14:09:41',	0,	0),
(651,	155,	'test',	347,	0,	'2018-03-22 10:14:33',	'2018-03-22 10:14:33',	2,	4),
(652,	155,	'hello',	347,	0,	'2018-03-22 10:14:55',	'2018-03-22 10:14:55',	1,	4),
(653,	155,	'sdasdas',	348,	0,	'2018-03-23 11:42:35',	'2018-03-23 11:42:35',	0,	0),
(654,	155,	'adasdas',	348,	0,	'2018-03-23 11:42:37',	'2018-03-23 11:42:37',	0,	0),
(655,	155,	'dasdasd',	348,	0,	'2018-03-23 11:42:40',	'2018-03-23 11:42:40',	0,	0),
(656,	1,	'hello world!',	351,	0,	'2018-03-26 11:08:22',	'2018-03-26 11:08:22',	2,	3),
(657,	1,	'and again!',	351,	0,	'2018-03-26 11:08:29',	'2018-03-26 11:08:29',	1,	2),
(658,	1,	'atgarterteteqew',	351,	0,	'2018-03-26 13:10:53',	'2018-03-26 13:10:53',	0,	5),
(659,	1,	'whaaaat',	351,	0,	'2018-03-26 13:16:35',	'2018-03-26 13:16:35',	0,	3),
(660,	1,	'joomla',	351,	0,	'2018-03-26 14:10:02',	'2018-03-26 14:10:02',	2,	3),
(661,	1,	'joomla 2',	351,	0,	'2018-03-26 14:25:53',	'2018-03-26 14:25:53',	0,	0),
(662,	1,	'joomla 3',	351,	0,	'2018-03-26 14:26:53',	'2018-03-26 14:26:53',	0,	0),
(663,	1,	'joomla 4',	351,	0,	'2018-03-26 14:31:10',	'2018-03-26 14:31:10',	0,	0),
(664,	79,	'hjlfkjdfl llkfj jlfldjslk kldjfldfj',	24,	0,	'2018-03-26 16:27:59',	'2018-03-26 16:27:59',	6,	0),
(665,	79,	'fdfsd.k m;. ; llknlnfdf',	24,	0,	'2018-03-26 16:28:29',	'2018-03-26 16:28:29',	28,	41),
(666,	79,	'sdasdasdasd',	24,	0,	'2018-03-26 16:30:56',	'2018-03-26 16:30:56',	1876,	0),
(667,	1,	'qeqwerwe',	357,	0,	'2018-03-28 11:03:31',	'2018-03-28 11:03:31',	0,	0),
(668,	1,	'supercalifragilisticexpialidocious supercalifragilisticexpialidocious supercalifragilisticexpialidocious\nsupercalifragilisticexpialidocious supercalifragilisticexpialidocious supercalifragilisticexpialidocious\nsupercalifragilisticexpialidocious supercalifragilisticexpialidocious supercalifragilisticexpialidocious\nsupercalifragilisticexpialidocious supercalifragilisticexpialidocious supercalifragilisticexpialidocious\nsupercalifragilisticexpialidocious supercalifragilisticexpialidocious supercalifragilisticexpialidocious\n',	357,	0,	'2018-03-28 13:33:59',	'2018-03-28 13:33:59',	0,	0),
(669,	1,	'Lorem ipsum dolor sit amet, consectetur adipiscing elit. Sed egestas ut quam ac pretium. Praesent rhoncus varius varius. Duis iaculis pretium dolor id dapibus. Curabitur consectetur velit sed orci pretium, ut consectetur eros consequat. Maecenas dictum, dolor sed rutrum pellentesque, velit nisi blandit diam, eget commodo est ipsum sit amet neque. Praesent tincidunt massa eu lobortis viverra. Sed dui diam, blandit dignissim molestie eget, pretium vel lacus. Sed sed nibh posuere, viverra nisl nec, vestibulum orci.\n\nPraesent quis ornare tellus. In nibh nisi, rhoncus ut urna id, faucibus facilisis nibh. Nullam sodales magna ac ex iaculis vulputate. Cras ultrices, lectus non vehicula faucibus, leo ante porta justo, nec consequat urna arcu id velit. Suspendisse et accumsan turpis. Orci varius natoque penatibus et magnis dis parturient montes, nascetur ridiculus mus. Donec hendrerit maximus mattis. Fusce lacinia velit eu ante posuere vestibulum. Sed id consequat nibh, at fermentum turpis.\n\nFusce et consectetur nisl. Nam consectetur placerat est, imperdiet posuere ante feugiat eget. Sed erat enim, auctor quis nulla imperdiet, commodo dignissim nisl. Morbi ultricies diam ac varius luctus. Aenean et ultrices turpis, id tristique lectus. Nunc quis facilisis purus. Mauris elit lectus, pulvinar non diam sed, sollicitudin posuere massa. Nullam malesuada leo at mi suscipit, vitae vehicula urna tempus. Aenean ullamcorper, eros a malesuada iaculis, enim ligula tincidunt ante, sed convallis orci nulla sed ex. Morbi in nulla suscipit, aliquam elit sit amet, consectetur dolor. Nunc pulvinar tincidunt metus fringilla varius. Suspendisse suscipit purus sem, eu lacinia tellus malesuada vel. Nam id arcu ac metus suscipit pharetra sed sed libero. Curabitur fringilla augue in massa egestas feugiat sit amet ac eros.\n\nUt non massa varius mi consectetur scelerisque. Ut quis congue ipsum, nec placerat elit. Pellentesque feugiat ex in erat pharetra, ut ultricies dui tristique. Donec molestie dolor viverra lorem vulputate pretium. Sed blandit cursus velit, et ultricies purus consectetur sed. Vivamus hendrerit mollis magna, ac laoreet quam euismod non. Ut ac diam a nisl tincidunt dapibus. Donec faucibus lacinia mattis. Proin vulputate est in mauris maximus, tempor elementum ante blandit. Integer sit amet orci vitae sem consequat egestas. Mauris volutpat in justo volutpat vulputate. Sed ut orci et urna suscipit tempus eget vel felis.\n\nAliquam sed sodales purus. Sed egestas sodales tellus, non maximus leo. Phasellus et mauris eu nulla facilisis varius in sit amet augue. Cras congue convallis leo. Fusce gravida semper erat. Phasellus consectetur, nulla vitae facilisis dapibus, lacus lectus posuere orci, tristique pretium nisi elit sed urna. Vivamus nisl velit, tincidunt id hendrerit id, consectetur a est. Mauris euismod sit amet arcu sit amet malesuada.',	357,	0,	'2018-03-28 13:44:54',	'2018-03-28 13:44:54',	0,	0),
(670,	1,	'Fusce et consectetur nisl. Nam consectetur placerat est, imperdiet posuere ante feugiat eget. Sed erat enim, auctor quis nulla imperdiet, commodo dignissim nisl. Morbi ultricies diam ac varius luctus. Aenean et ultrices turpis, id tristique lectus. Nunc quis facilisis purus. Mauris elit lectus, pulvinar non diam sed, sollicitudin posuere massa. Nullam malesuada leo at mi suscipit, vitae vehicula urna tempus. Aenean ullamcorper, eros a malesuada iaculis, enim ligula tincidunt ante, sed ',	357,	0,	'2018-03-28 14:40:26',	'2018-03-28 14:40:26',	0,	0),
(671,	1,	'Fusce et consectetur nisl. Nam consectetur placerat est, imperdiet posuere ante feugiat eget. Sed erat enim, auctor quis nulla imperdiet, commodo dignissim nisl. Morbi ultricies diam ac varius luctus. Aenean et ultrices turpis, id tristique lectus. Nunc quis facilisis purus. Mauris elit lectus, pulvinar non diam sed, sollicitudin posuere massa. Nullam malesuada leo at mi suscipit, vitae vehicula urna tempus. Aenean ullamcorper, eros a malesuada iaculis, enim ligula tincidunt ante, sed ',	357,	0,	'2018-03-28 14:40:37',	'2018-03-28 14:40:37',	0,	0),
(672,	1,	'qeeqtwetqetqewt',	357,	0,	'2018-03-28 14:41:31',	'2018-03-28 14:41:31',	0,	0),
(673,	1,	'long annotation one two three long annotation one two three long annotation one two three long annotation one two three long annotation one two three long annotation one two three long annotation one two three long annotation one two three long annotation one two three long annotation one two three long annotation one two three long annotation one two three long annotation one two three long annotation one two three long annotation one two three',	357,	0,	'2018-03-28 14:42:53',	'2018-03-28 14:42:53',	0,	0),
(674,	155,	'She\'s a good woof',	360,	0,	'2018-04-10 10:03:43',	'2018-04-10 10:03:43',	5,	0),
(675,	155,	'Is she sad? Or stressed?',	359,	0,	'2018-04-11 10:28:44',	'2018-04-11 10:28:44',	0,	0);

DROP TABLE IF EXISTS `esi_answers`;
CREATE TABLE `esi_answers` (
  `id` int(10) unsigned NOT NULL AUTO_INCREMENT,
  `key` varchar(255) COLLATE utf8_unicode_ci NOT NULL,
  `value` varchar(255) COLLATE utf8_unicode_ci NOT NULL,
  `author_id` int(10) unsigned NOT NULL,
  `lesson_plan_id` int(10) unsigned NOT NULL,
  `created_at` timestamp NOT NULL DEFAULT '0000-00-00 00:00:00',
  `updated_at` timestamp NOT NULL DEFAULT '0000-00-00 00:00:00',
  PRIMARY KEY (`id`)
) ENGINE=InnoDB DEFAULT CHARSET=utf8 COLLATE=utf8_unicode_ci;

INSERT INTO `esi_answers` (`id`, `key`, `value`, `author_id`, `lesson_plan_id`, `created_at`, `updated_at`) VALUES
(1,	'hasAnswers',	'1',	1,	14,	'2016-05-26 23:28:48',	'2017-07-18 02:48:37'),
(2,	'learning-objective',	'<p>Hello World</p>',	1,	15,	'2016-05-26 23:28:48',	'2017-07-17 19:38:23'),
(3,	'crosscutting-concepts_cause-and-effect',	'checked',	1,	12,	'2016-05-26 23:28:48',	'2017-07-17 18:30:48'),
(4,	'crosscutting-concepts_scale-proportion-and-quantity',	'checked',	1,	2,	'2016-05-26 23:28:48',	'2016-05-26 23:28:48'),
(5,	'practices_predicting',	'checked',	1,	2,	'2016-05-26 23:28:48',	'2016-05-26 23:28:48'),
(6,	'practices_interpreting-data',	'checked',	1,	2,	'2016-05-26 23:28:48',	'2016-05-26 23:28:48'),
(7,	'core-ideas_life-science',	'checked',	1,	2,	'2016-05-26 23:28:48',	'2016-05-26 23:28:48'),
(8,	'questions-to-assess-understanding',	'<p>wRWERW</p>',	1,	15,	'2016-05-26 23:28:48',	'2017-07-17 19:38:24'),
(9,	'format-used',	'whole',	1,	15,	'2016-05-26 23:28:48',	'2017-07-17 19:38:24'),
(10,	'keywords',	'<p>WEQW</p>',	1,	15,	'2016-05-26 23:28:48',	'2017-07-17 19:38:24'),
(11,	'materials',	'<p>QWEQ</p>',	1,	15,	'2016-05-26 23:28:48',	'2017-07-17 19:38:24'),
(12,	'procedure',	'<p>QWEQWEQQ</p>',	1,	15,	'2016-05-26 23:28:48',	'2017-07-17 19:38:24'),
(13,	'action',	'post',	1,	14,	'2016-05-26 23:28:48',	'2017-07-18 02:48:37'),
(14,	'practices_making-observations',	'checked',	1,	12,	'2016-10-05 19:44:40',	'2017-07-17 18:30:48'),
(15,	'hasAnswers',	'1',	79,	5,	'2016-10-19 19:44:48',	'2016-10-19 19:44:48'),
(16,	'format-used',	'small',	79,	5,	'2016-10-19 19:44:48',	'2016-10-19 19:44:48'),
(17,	'action',	'post',	79,	5,	'2016-10-19 19:44:48',	'2016-10-19 19:44:48'),
(18,	'crosscutting-concepts_patterns',	'checked',	1,	11,	'2017-07-17 18:19:51',	'2017-07-17 18:44:58'),
(19,	'crosscutting-concepts_stability-and-change',	'checked',	1,	12,	'2017-07-17 18:30:48',	'2017-07-17 18:30:48'),
(20,	'practices_asking-questions-and-defining-problems',	'checked',	1,	11,	'2017-07-17 18:30:48',	'2017-07-17 18:44:58'),
(21,	'ideas',	'<p>QWEQ</p>',	1,	15,	'2017-07-17 18:30:48',	'2017-07-17 19:38:24'),
(22,	'notes-and-reflections',	'<p>QWEQWE</p>',	1,	15,	'2017-07-17 18:30:48',	'2017-07-17 19:38:24'),
(23,	'crosscutting-concepts_systems-and-system-models',	'checked',	1,	11,	'2017-07-17 18:44:58',	'2017-07-17 18:44:58'),
(24,	'core-ideas_earth-and-space-science',	'checked',	1,	15,	'2017-07-17 19:38:24',	'2017-07-17 19:38:24');

DROP TABLE IF EXISTS `esi_chatter_categories`;
CREATE TABLE `esi_chatter_categories` (
  `id` int(10) unsigned NOT NULL AUTO_INCREMENT,
  `parent_id` int(10) unsigned DEFAULT NULL,
  `order` int(11) NOT NULL DEFAULT '1',
  `name` varchar(255) COLLATE utf8_unicode_ci NOT NULL,
  `color` varchar(20) COLLATE utf8_unicode_ci NOT NULL,
  `slug` varchar(255) COLLATE utf8_unicode_ci NOT NULL,
  `created_at` timestamp NOT NULL DEFAULT '0000-00-00 00:00:00',
  `updated_at` timestamp NOT NULL DEFAULT '0000-00-00 00:00:00',
  PRIMARY KEY (`id`)
) ENGINE=InnoDB DEFAULT CHARSET=utf8 COLLATE=utf8_unicode_ci;

INSERT INTO `esi_chatter_categories` (`id`, `parent_id`, `order`, `name`, `color`, `slug`, `created_at`, `updated_at`) VALUES
(1,	NULL,	1,	'Introductions',	'#3498DB',	'introductions',	'0000-00-00 00:00:00',	'0000-00-00 00:00:00'),
(2,	NULL,	2,	'General',	'#2ECC71',	'general',	'0000-00-00 00:00:00',	'0000-00-00 00:00:00'),
(3,	NULL,	3,	'Feedback',	'#9B59B6',	'feedback',	'0000-00-00 00:00:00',	'0000-00-00 00:00:00'),
(4,	NULL,	4,	'Random',	'#E67E22',	'random',	'0000-00-00 00:00:00',	'0000-00-00 00:00:00');

DROP TABLE IF EXISTS `esi_chatter_discussion`;
CREATE TABLE `esi_chatter_discussion` (
  `id` int(10) unsigned NOT NULL AUTO_INCREMENT,
  `chatter_category_id` int(10) unsigned NOT NULL DEFAULT '1',
  `title` varchar(255) COLLATE utf8_unicode_ci NOT NULL,
  `user_id` int(10) unsigned NOT NULL,
  `sticky` tinyint(1) NOT NULL DEFAULT '0',
  `views` int(10) unsigned NOT NULL DEFAULT '0',
  `answered` tinyint(1) NOT NULL DEFAULT '0',
  `created_at` timestamp NOT NULL DEFAULT '0000-00-00 00:00:00',
  `updated_at` timestamp NOT NULL DEFAULT '0000-00-00 00:00:00',
  `slug` varchar(255) COLLATE utf8_unicode_ci NOT NULL,
  `color` varchar(20) COLLATE utf8_unicode_ci DEFAULT '#232629',
  PRIMARY KEY (`id`),
  UNIQUE KEY `chatter_discussion_slug_unique` (`slug`),
  KEY `chatter_discussion_chatter_category_id_foreign` (`chatter_category_id`),
  KEY `chatter_discussion_user_id_foreign` (`user_id`),
  CONSTRAINT `chatter_discussion_chatter_category_id_foreign` FOREIGN KEY (`chatter_category_id`) REFERENCES `esi_chatter_categories` (`id`) ON DELETE CASCADE ON UPDATE CASCADE,
  CONSTRAINT `chatter_discussion_user_id_foreign` FOREIGN KEY (`user_id`) REFERENCES `esi_users` (`id`) ON DELETE CASCADE ON UPDATE CASCADE
) ENGINE=InnoDB DEFAULT CHARSET=utf8 COLLATE=utf8_unicode_ci;

INSERT INTO `esi_chatter_discussion` (`id`, `chatter_category_id`, `title`, `user_id`, `sticky`, `views`, `answered`, `created_at`, `updated_at`, `slug`, `color`) VALUES
(3,	1,	'Hello Everyone, This is my Introduction',	1,	0,	0,	0,	'2016-08-18 14:27:56',	'2016-08-18 14:27:56',	'hello-everyone-this-is-my-introduction',	'#239900'),
(6,	2,	'Login Information for Chatter',	1,	0,	0,	0,	'2016-08-18 14:39:36',	'2016-08-18 14:39:36',	'login-information-for-chatter',	'#1a1067'),
(7,	3,	'Leaving Feedback',	1,	0,	0,	0,	'2016-08-18 14:42:29',	'2016-08-18 14:42:29',	'leaving-feedback',	'#8e1869'),
(8,	4,	'Just a random post',	1,	0,	0,	0,	'2016-08-18 14:46:38',	'2016-08-18 14:46:38',	'just-a-random-post',	''),
(9,	2,	'Welcome to the Chatter Laravel Forum Package',	1,	0,	0,	0,	'2016-08-18 14:59:37',	'2016-08-18 14:59:37',	'welcome-to-the-chatter-laravel-forum-package',	''),
(10,	1,	'Hello world!!!',	1,	0,	0,	0,	'2017-06-28 15:17:28',	'2017-06-28 15:17:28',	'hello-world',	'');

DROP TABLE IF EXISTS `esi_chatter_post`;
CREATE TABLE `esi_chatter_post` (
  `id` int(10) unsigned NOT NULL AUTO_INCREMENT,
  `chatter_discussion_id` int(10) unsigned NOT NULL,
  `user_id` int(10) unsigned NOT NULL,
  `body` text COLLATE utf8_unicode_ci NOT NULL,
  `created_at` timestamp NOT NULL DEFAULT '0000-00-00 00:00:00',
  `updated_at` timestamp NOT NULL DEFAULT '0000-00-00 00:00:00',
  `markdown` tinyint(1) NOT NULL DEFAULT '0',
  `locked` tinyint(1) NOT NULL DEFAULT '0',
  `is_private` tinyint(4) NOT NULL,
  PRIMARY KEY (`id`),
  KEY `chatter_post_chatter_discussion_id_foreign` (`chatter_discussion_id`),
  KEY `chatter_post_user_id_foreign` (`user_id`),
  CONSTRAINT `chatter_post_chatter_discussion_id_foreign` FOREIGN KEY (`chatter_discussion_id`) REFERENCES `esi_chatter_discussion` (`id`) ON DELETE CASCADE ON UPDATE CASCADE,
  CONSTRAINT `chatter_post_user_id_foreign` FOREIGN KEY (`user_id`) REFERENCES `esi_users` (`id`) ON DELETE CASCADE ON UPDATE CASCADE
) ENGINE=InnoDB DEFAULT CHARSET=utf8 COLLATE=utf8_unicode_ci;

INSERT INTO `esi_chatter_post` (`id`, `chatter_discussion_id`, `user_id`, `body`, `created_at`, `updated_at`, `markdown`, `locked`, `is_private`) VALUES
(1,	3,	1,	'<p>My name is Tony and I\'m a developer at <a href=\"https://devdojo.com\" target=\"_blank\">https://devdojo.com</a> and I also work with an awesome company in PB called The Control Group: <a href=\"http://www.thecontrolgroup.com\" target=\"_blank\">http://www.thecontrolgroup.com</a></p>\n        <p>You can check me out on twitter at <a href=\"http://www.twitter.com/tnylea\" target=\"_blank\">http://www.twitter.com/tnylea</a></p>\n        <p>or you can subscribe to me on YouTube at <a href=\"http://www.youtube.com/devdojo\" target=\"_blank\">http://www.youtube.com/devdojo</a></p>',	'2016-08-18 14:27:56',	'2016-08-18 14:27:56',	0,	0,	0),
(5,	6,	1,	'<p>Hey!</p>\n        <p>Thanks again for checking out chatter. If you want to login with the default user you can login with the following credentials:</p>\n        <p><strong>email address</strong>: tony@hello.com</p>\n        <p><strong>password</strong>: password</p>\n        <p>You\'ll probably want to delete this user, but if for some reason you want to keep it... Go ahead :)</p>',	'2016-08-18 14:39:36',	'2016-08-18 14:39:36',	0,	0,	0),
(6,	7,	1,	'<p>If you would like to leave some feedback or have any issues be sure to visit the github page here: <a href=\"https://github.com/thedevdojo/chatter\" target=\"_blank\">https://github.com/thedevdojo/chatter</a>&nbsp;and I\'m sure I can help out.</p>\n        <p>Let\'s make this package the go to Laravel Forum package. Feel free to contribute and share your ideas :)</p>',	'2016-08-18 14:42:29',	'2016-08-18 14:42:29',	0,	0,	0),
(7,	8,	1,	'<p>This is just a random post to show you some of the formatting that you can do in the WYSIWYG editor. You can make your text <strong>bold</strong>, <em>italic</em>, or <span style=\"text-decoration: underline;\">underlined</span>.</p>\n        <p style=\"text-align: center;\">Additionally, you can center align text.</p>\n        <p style=\"text-align: right;\">You can align the text to the right!</p>\n        <p>Or by default it will be aligned to the left.</p>\n        <ul>\n        <li>We can also</li>\n        <li>add a bulleted</li>\n        <li>list</li>\n        </ul>\n        <ol>\n        <li><span style=\"line-height: 1.6;\">or we can</span></li>\n        <li><span style=\"line-height: 1.6;\">add a numbered list</span></li>\n        </ol>\n        <p style=\"padding-left: 30px;\"><span style=\"line-height: 1.6;\">We can choose to indent our text</span></p>\n        <p><span style=\"line-height: 1.6;\">Post links: <a href=\"https://devdojo.com\" target=\"_blank\">https://devdojo.com</a></span></p>\n        <p><span style=\"line-height: 1.6;\">and add images:</span></p>\n        <p><span style=\"line-height: 1.6;\"><img src=\"https://media.giphy.com/media/o0vwzuFwCGAFO/giphy.gif\" alt=\"\" width=\"300\" height=\"300\" /></span></p>',	'2016-08-18 14:46:38',	'2016-08-18 14:46:38',	0,	0,	0),
(8,	8,	1,	'<p>Haha :) Cats!</p>\n        <p><img src=\"https://media.giphy.com/media/5Vy3WpDbXXMze/giphy.gif\" alt=\"\" width=\"250\" height=\"141\" /></p>\n        <p><img src=\"https://media.giphy.com/media/XNdoIMwndQfqE/200.gif\" alt=\"\" width=\"200\" height=\"200\" /></p>',	'2016-08-18 14:55:42',	'2016-08-18 15:45:13',	0,	0,	0),
(9,	9,	1,	'<p>Hey There!</p>\n        <p>My name is Tony and I\'m the creator of this package that you\'ve just installed. Thanks for checking out it out and if you have any questions or want to contribute be sure to checkout the repo here: <a href=\"https://github.com/thedevdojo/chatter\" target=\"_blank\">https://github.com/thedevdojo/chatter</a></p>\n        <p>Happy programming!</p>',	'2016-08-18 14:59:37',	'2016-08-18 14:59:37',	0,	0,	0),
(10,	9,	1,	'<p>Hell yeah Bro Sauce!</p>\n        <p><img src=\"https://media.giphy.com/media/j5QcmXoFWl4Q0/giphy.gif\" alt=\"\" width=\"366\" height=\"229\" /></p>',	'2016-08-18 15:01:25',	'2016-08-18 15:01:25',	0,	0,	0),
(11,	6,	1,	'<p>Hi there!</p>\r\n<p>&nbsp;</p>\r\n<p style=\"box-sizing: border-box; -webkit-font-smoothing: antialiased; margin: 0px 0px 10px; padding: 0px; border: 0px; font-variant-numeric: inherit; font-stretch: inherit; line-height: 20px; font-family: \'Helvetica Neue\', Helvetica, Arial, sans-serif; vertical-align: baseline; color: #151a1f; letter-spacing: 0.5px;\">Hey!</p>\r\n<p style=\"box-sizing: border-box; -webkit-font-smoothing: antialiased; margin: 0px 0px 10px; padding: 0px; border: 0px; font-variant-numeric: inherit; font-stretch: inherit; line-height: 20px; font-family: \'Helvetica Neue\', Helvetica, Arial, sans-serif; vertical-align: baseline; color: #151a1f; letter-spacing: 0.5px;\">Thanks again for checking out chatter. If you want to login with the default user you can login with the following credentials:</p>',	'2017-06-28 00:21:58',	'2017-06-28 00:21:58',	0,	0,	0),
(12,	9,	1,	'<p>Test!!!! Hello, world</p>',	'2017-06-28 14:17:25',	'2017-06-28 14:17:25',	0,	0,	0),
(13,	7,	1,	'<p>dfgjfdgertetertqertr</p>',	'2017-06-28 14:43:41',	'2017-06-28 14:43:41',	0,	0,	0),
(14,	9,	1,	'<p>HELLO WORLD!!!!!</p>',	'2017-06-28 14:58:00',	'2017-06-28 14:58:00',	0,	0,	0),
(15,	10,	1,	'<p>Test!!!!!!! Hello</p>',	'2017-06-28 15:17:28',	'2017-06-28 15:17:28',	0,	0,	0),
(16,	10,	1,	'<p>TES TEST LOREM IPSUM</p>',	'2017-06-28 15:18:40',	'2017-06-28 15:18:40',	0,	0,	0),
(17,	10,	1,	'<p>TES TEST LOREM IPSUM</p>',	'2017-06-28 15:22:11',	'2017-06-28 15:22:11',	0,	0,	0),
(18,	10,	1,	'<p>LOREM IPSUM @username</p>',	'2017-06-28 15:23:21',	'2017-06-28 15:23:21',	0,	0,	0),
(19,	10,	1,	'<p>LOREM IPSUM @username</p>',	'2017-06-28 15:24:46',	'2017-06-28 15:24:46',	0,	0,	0),
(20,	10,	1,	'<p><span style=\"color: #151a1f; font-family: \'Open Sans\', sans-serif; letter-spacing: 0.5px;\">LOREM IPSUM @username</span></p>',	'2017-06-28 15:33:10',	'2017-06-28 15:33:10',	0,	0,	0),
(21,	10,	1,	'<p><span style=\"color: #151a1f; font-family: \'Open Sans\', sans-serif; letter-spacing: 0.5px;\">LOREM IPSUM @username</span></p>',	'2017-06-28 15:34:13',	'2017-06-28 15:34:13',	0,	0,	0),
(22,	10,	1,	'<p><span style=\"color: #151a1f; font-family: \'Open Sans\', sans-serif; letter-spacing: 0.5px;\">LOREM IPSUM @username</span></p>',	'2017-06-28 15:35:56',	'2017-06-28 15:35:56',	0,	0,	0),
(23,	10,	1,	'<pre style=\"background-color: #2b2b2b; color: #a9b7c6; font-family: \'Menlo\'; font-size: 9.0pt;\"><span style=\"color: #cc7832; background-color: #232525; font-weight: bold;\">public function </span><span style=\"color: #ffc66d; background-color: #232525;\">activities</span><span style=\"background-color: #232525;\">()</span><span style=\"color: #cc7832; background-color: #232525;\">;<br /></span><span style=\"color: #cc7832; background-color: #232525;\"><br /></span><span style=\"color: #cc7832; background-color: #232525; font-weight: bold;\">public function </span><span style=\"color: #ffc66d; background-color: #232525;\">author</span><span style=\"background-color: #232525;\">()</span><span style=\"color: #cc7832; background-color: #232525;\">;<br /></span><span style=\"color: #cc7832; background-color: #232525;\"><br /></span><span style=\"color: #cc7832; background-color: #232525; font-weight: bold;\">public function </span><span style=\"color: #ffc66d; background-color: #232525;\">getUrlAttribute</span><span style=\"background-color: #232525;\">()</span><span style=\"color: #cc7832; background-color: #232525;\">;</span></pre>',	'2017-06-28 15:37:59',	'2017-06-28 15:37:59',	0,	0,	0),
(24,	10,	1,	'<p>Im looking for @ann !!!</p>',	'2017-06-28 15:44:56',	'2017-06-28 15:44:56',	0,	0,	0),
(25,	10,	1,	'<p>Hello world, @ann</p>',	'2017-06-28 15:45:27',	'2017-06-28 15:45:27',	0,	0,	0),
(26,	10,	1,	'<p><span style=\"color: #151a1f; font-family: \'Open Sans\', sans-serif; letter-spacing: 0.5px;\">Hello world, @ann</span></p>',	'2017-06-28 15:45:53',	'2017-06-28 15:45:53',	0,	0,	0),
(27,	10,	1,	'<p><span style=\"color: #151a1f; font-family: \'Open Sans\', sans-serif; letter-spacing: 0.5px;\">Hello world, @ann</span></p>',	'2017-06-28 15:46:05',	'2017-06-28 15:46:05',	0,	0,	0),
(28,	10,	1,	'<p><span style=\"color: #151a1f; font-family: \'Open Sans\', sans-serif; letter-spacing: 0.5px;\">Hello world, @ann</span></p>',	'2017-06-28 15:46:14',	'2017-06-28 15:46:14',	0,	0,	0),
(29,	10,	1,	'<p><span style=\"color: #151a1f; font-family: \'Open Sans\', sans-serif; letter-spacing: 0.5px;\">Hello world, @ann</span></p>',	'2017-06-28 15:48:42',	'2017-06-28 15:48:42',	0,	0,	0),
(30,	10,	1,	'<p><span style=\"color: #151a1f; font-family: \'Open Sans\', sans-serif; letter-spacing: 0.5px;\">Hello world, @ann</span></p>',	'2017-06-28 15:48:51',	'2017-06-28 15:48:51',	0,	0,	0),
(31,	10,	1,	'<p><span style=\"color: #151a1f; font-family: \'Open Sans\', sans-serif; letter-spacing: 0.5px;\">Hello world, @ann</span></p>',	'2017-06-28 15:48:56',	'2017-06-28 15:48:56',	0,	0,	0),
(32,	10,	1,	'<p><span style=\"color: #151a1f; font-family: \'Open Sans\', sans-serif; letter-spacing: 0.5px;\">Hello world, @ann</span></p>',	'2017-06-28 15:49:48',	'2017-06-28 15:49:48',	0,	0,	0),
(33,	10,	1,	'<p><span style=\"color: #151a1f; font-family: \'Open Sans\', sans-serif; letter-spacing: 0.5px;\">Hello world, @ann</span></p>',	'2017-06-28 15:50:18',	'2017-06-28 15:50:18',	0,	0,	0),
(34,	10,	1,	'<p><span style=\"color: #151a1f; font-family: \'Open Sans\', sans-serif; letter-spacing: 0.5px;\">Hello world, @ann</span></p>',	'2017-06-28 15:50:33',	'2017-06-28 15:50:33',	0,	0,	0),
(35,	10,	1,	'<p><span style=\"color: #151a1f; font-family: \'Open Sans\', sans-serif; letter-spacing: 0.5px;\">Hello world, @ann</span></p>',	'2017-06-28 15:50:46',	'2017-06-28 15:50:46',	0,	0,	0),
(36,	10,	1,	'<p><span style=\"color: #151a1f; font-family: \'Open Sans\', sans-serif; letter-spacing: 0.5px;\">Hello world, @ann</span></p>',	'2017-06-28 15:51:19',	'2017-06-28 15:51:19',	0,	0,	0),
(37,	10,	1,	'<p><span style=\"color: #151a1f; font-family: \'Open Sans\', sans-serif; letter-spacing: 0.5px;\">Hello world, @ann</span></p>',	'2017-06-28 15:52:10',	'2017-06-28 15:52:10',	0,	0,	0),
(38,	10,	1,	'<p><span style=\"color: #151a1f; font-family: \'Open Sans\', sans-serif; letter-spacing: 0.5px;\">Hello world, @ann</span></p>',	'2017-06-28 15:54:33',	'2017-06-28 15:54:33',	0,	0,	0),
(39,	10,	1,	'<p><span style=\"color: #151a1f; font-family: \'Open Sans\', sans-serif; letter-spacing: 0.5px;\">Hello world, @ann</span></p>',	'2017-06-28 15:54:51',	'2017-06-28 15:54:51',	0,	0,	0),
(40,	10,	1,	'<p><span style=\"color: #151a1f; font-family: \'Open Sans\', sans-serif; letter-spacing: 0.5px;\">Hello world, @ann</span></p>',	'2017-06-28 15:55:15',	'2017-06-28 15:55:15',	0,	0,	0),
(41,	10,	1,	'<p><span style=\"color: #151a1f; font-family: \'Open Sans\', sans-serif; letter-spacing: 0.5px;\">Hello world, @ann</span></p>',	'2017-06-28 15:55:30',	'2017-06-28 15:55:30',	0,	0,	0),
(42,	10,	1,	'<p><span style=\"color: #151a1f; font-family: \'Open Sans\', sans-serif; letter-spacing: 0.5px;\">Hello world, @ann</span></p>',	'2017-06-28 15:55:39',	'2017-06-28 15:55:39',	0,	0,	0),
(43,	10,	1,	'<p><span style=\"color: #151a1f; font-family: \'Open Sans\', sans-serif; letter-spacing: 0.5px;\">Hello world, @ann</span></p>',	'2017-06-28 15:56:39',	'2017-06-28 15:56:39',	0,	0,	0),
(44,	10,	1,	'<p><span style=\"color: #151a1f; font-family: \'Open Sans\', sans-serif; letter-spacing: 0.5px;\">Hello world, @ann</span></p>',	'2017-06-28 15:57:47',	'2017-06-28 15:57:47',	0,	0,	0),
(45,	10,	1,	'<p><span style=\"color: #151a1f; font-family: \'Open Sans\', sans-serif; letter-spacing: 0.5px;\">Hello world, @ann</span></p>',	'2017-06-28 15:58:31',	'2017-06-28 15:58:31',	0,	0,	0),
(46,	10,	1,	'<p><span style=\"color: #151a1f; font-family: \'Open Sans\', sans-serif; letter-spacing: 0.5px;\">Hello world, @ann</span></p>',	'2017-06-28 17:00:28',	'2017-06-28 17:00:28',	0,	0,	0),
(47,	10,	1,	'<p><span style=\"color: #151a1f; font-family: \'Open Sans\', sans-serif; letter-spacing: 0.5px;\">Hello world, @ann</span></p>',	'2017-06-28 17:00:53',	'2017-06-28 17:00:53',	0,	0,	0),
(48,	10,	1,	'<p><span style=\"color: #151a1f; font-family: \'Open Sans\', sans-serif; letter-spacing: 0.5px;\">Hello world, @<a href=\"#\">ann</a></span></p>',	'2017-06-28 17:07:02',	'2017-06-28 17:07:02',	0,	0,	0),
(50,	10,	1,	'<p><span style=\"color: #151a1f; font-family: \'Open Sans\', sans-serif; letter-spacing: 0.5px;\">Hello world, @<a href=\"#\">ann</a></span></p>',	'2017-06-28 17:09:50',	'2017-06-28 17:09:50',	0,	0,	0),
(51,	10,	1,	'<p>Hello world @<a href=\"#\">ann</a> !!!!</p>',	'2017-06-28 17:12:26',	'2017-06-28 17:12:26',	0,	0,	0),
(52,	8,	1,	'<p>Hello @<a href=\"http://145.inreact-um-esi.us-east-2.elasticbeanstalk.com/profile\">ann</a></p>',	'2017-06-28 17:24:23',	'2017-06-28 17:24:23',	0,	0,	0),
(53,	10,	1,	'<p>Hello @<a href=\"http://145.inreact-um-esi.us-east-2.elasticbeanstalk.com/profile\">ann</a> !!!!!!!</p>',	'2017-06-28 17:41:40',	'2017-06-28 17:41:40',	0,	0,	0),
(54,	3,	1,	'<p>Hello @<a href=\"http://145.inreact-um-esi.us-east-2.elasticbeanstalk.com/profile\">ann</a>!!!</p>',	'2017-06-28 18:05:24',	'2017-06-28 18:05:24',	0,	0,	0),
(55,	3,	1,	'<p>TEST @<a href=\"http://145.inreact-um-esi.us-east-2.elasticbeanstalk.com/profile\">ann</a>!!!!</p>',	'2017-06-28 18:06:15',	'2017-06-28 18:06:15',	0,	0,	0),
(56,	3,	1,	'<p>Hello @<a href=\"http://145.inreact-um-esi.us-east-2.elasticbeanstalk.com/profile\">ann</a></p>',	'2017-06-28 18:15:45',	'2017-06-28 18:15:45',	0,	0,	0),
(57,	3,	1,	'<p>Hello @<a href=\"http://145.inreact-um-esi.us-east-2.elasticbeanstalk.com/profile\">ann</a></p>',	'2017-06-28 18:16:00',	'2017-06-28 18:16:00',	0,	0,	0),
(58,	9,	1,	'<p>HELLO @annnnnnnrgqregqe</p>',	'2017-06-28 18:16:57',	'2017-06-28 18:16:57',	0,	0,	0),
(59,	9,	1,	'<p>HELLO WORLD!</p>',	'2017-06-28 18:19:26',	'2017-06-28 18:19:26',	0,	0,	0),
(60,	10,	1,	'<p>private response</p>',	'2017-06-28 18:38:28',	'2017-06-28 18:38:28',	0,	0,	0),
(61,	7,	1,	'<p>PRIVATE! PRIVATE!</p>',	'2017-06-28 19:14:40',	'2017-06-28 19:14:40',	0,	0,	0),
(62,	7,	1,	'<p>ghjfdghdfghdfgjdgjdfgjdfgjfg</p>',	'2017-06-28 19:17:11',	'2017-06-28 19:17:11',	0,	0,	0),
(63,	6,	1,	'<p>test private test</p>',	'2017-06-28 19:26:14',	'2017-06-28 19:26:14',	0,	0,	0),
(64,	3,	1,	'<p>helllllo world</p>',	'2017-06-28 19:51:29',	'2017-06-28 19:51:29',	0,	0,	0),
(65,	6,	1,	'<p><span style=\"color: #151a1f; font-family: \'Open Sans\', sans-serif; letter-spacing: 0.5px;\">test private test</span><span style=\"color: #151a1f; font-family: \'Open Sans\', sans-serif; letter-spacing: 0.5px;\">test private test</span><span style=\"color: #151a1f; font-family: \'Open Sans\', sans-serif; letter-spacing: 0.5px;\">test private test</span></p>',	'2017-06-28 20:00:50',	'2017-06-28 20:00:50',	0,	0,	0),
(66,	6,	1,	'<p>cfghjdfghsdatsrwqeARSHTRDJYTK46U53QY4WRGESD</p>',	'2017-06-28 20:04:47',	'2017-06-28 20:04:47',	0,	0,	0),
(67,	6,	1,	'<p>1234567890jgfgdgjfsgj</p>',	'2017-06-28 20:08:10',	'2017-06-28 20:08:10',	0,	0,	0),
(68,	6,	1,	'<p>etyiuetyuetyutetetyiuetyu</p>',	'2017-06-28 20:13:52',	'2017-06-28 20:13:52',	0,	0,	0),
(69,	9,	1,	'<ul>\r\n<li>Private response?Private response?Private response?Private response?Private response?Private response?Private response?Private response?</li>\r\n</ul>',	'2017-06-28 20:21:15',	'2017-06-28 20:21:15',	0,	0,	0),
(70,	9,	1,	'<p><span style=\"color: #333333; font-family: \'Open Sans\', sans-serif; letter-spacing: 0.5px;\">Private response?</span><span style=\"color: #333333; font-family: \'Open Sans\', sans-serif; letter-spacing: 0.5px;\">Private response?</span><span style=\"color: #333333; font-family: \'Open Sans\', sans-serif; letter-spacing: 0.5px;\">Private response?</span></p>',	'2017-06-28 20:22:12',	'2017-06-28 20:22:12',	0,	0,	0),
(71,	9,	1,	'<p><span style=\"color: #333333; font-family: \'Open Sans\', sans-serif; letter-spacing: 0.5px;\">Private response?</span><span style=\"color: #333333; font-family: \'Open Sans\', sans-serif; letter-spacing: 0.5px;\">Private response?</span><span style=\"color: #333333; font-family: \'Open Sans\', sans-serif; letter-spacing: 0.5px;\">Private response?</span><span style=\"color: #333333; font-family: \'Open Sans\', sans-serif; letter-spacing: 0.5px;\">Private response?</span><span style=\"color: #333333; font-family: \'Open Sans\', sans-serif; letter-spacing: 0.5px;\">Private response?</span><span style=\"color: #333333; font-family: \'Open Sans\', sans-serif; letter-spacing: 0.5px;\">Private response?</span><span style=\"color: #333333; font-family: \'Open Sans\', sans-serif; letter-spacing: 0.5px;\">Private response?</span></p>',	'2017-06-28 20:24:28',	'2017-06-28 20:24:28',	0,	0,	0),
(72,	9,	1,	'<p><span style=\"color: #333333; font-family: \'Open Sans\', sans-serif; letter-spacing: 0.5px;\">Private response?</span><span style=\"color: #333333; font-family: \'Open Sans\', sans-serif; letter-spacing: 0.5px;\">Private response?</span><span style=\"color: #333333; font-family: \'Open Sans\', sans-serif; letter-spacing: 0.5px;\">Private response?</span><span style=\"color: #333333; font-family: \'Open Sans\', sans-serif; letter-spacing: 0.5px;\">Private response?</span><span style=\"color: #333333; font-family: \'Open Sans\', sans-serif; letter-spacing: 0.5px;\">Private response?</span><span style=\"color: #333333; font-family: \'Open Sans\', sans-serif; letter-spacing: 0.5px;\">Private response?</span><span style=\"color: #333333; font-family: \'Open Sans\', sans-serif; letter-spacing: 0.5px;\">Private response?</span><span style=\"color: #333333; font-family: \'Open Sans\', sans-serif; letter-spacing: 0.5px;\">Private response?</span><span style=\"color: #333333; font-family: \'Open Sans\', sans-serif; letter-spacing: 0.5px;\">Private response?</span><span style=\"color: #333333; font-family: \'Open Sans\', sans-serif; letter-spacing: 0.5px;\">Private response?</span></p>',	'2017-06-28 20:25:17',	'2017-06-28 20:25:17',	0,	0,	0),
(73,	9,	1,	'<p><span style=\"font-family: \'Open Sans\', sans-serif; letter-spacing: 0.5px; box-sizing: border-box; -webkit-font-smoothing: antialiased; margin: 0px; padding: 0px; border: 0px; font-style: inherit; font-variant: inherit; font-weight: inherit; font-stretch: inherit; line-height: inherit; vertical-align: baseline; color: #333333;\">Private response?</span><span style=\"font-family: \'Open Sans\', sans-serif; letter-spacing: 0.5px; box-sizing: border-box; -webkit-font-smoothing: antialiased; margin: 0px; padding: 0px; border: 0px; font-style: inherit; font-variant: inherit; font-weight: inherit; font-stretch: inherit; line-height: inherit; vertical-align: baseline; color: #333333;\">Private response?</span><span style=\"font-family: \'Open Sans\', sans-serif; letter-spacing: 0.5px; box-sizing: border-box; -webkit-font-smoothing: antialiased; margin: 0px; padding: 0px; border: 0px; font-style: inherit; font-variant: inherit; font-weight: inherit; font-stretch: inherit; line-height: inherit; vertical-align: baseline; color: #333333;\">Private response?</span><span style=\"font-family: \'Open Sans\', sans-serif; letter-spacing: 0.5px; box-sizing: border-box; -webkit-font-smoothing: antialiased; margin: 0px; padding: 0px; border: 0px; font-style: inherit; font-variant: inherit; font-weight: inherit; font-stretch: inherit; line-height: inherit; vertical-align: baseline; color: #333333;\">Private response?</span><span style=\"font-family: \'Open Sans\', sans-serif; letter-spacing: 0.5px; box-sizing: border-box; -webkit-font-smoothing: antialiased; margin: 0px; padding: 0px; border: 0px; font-style: inherit; font-variant: inherit; font-weight: inherit; font-stretch: inherit; line-height: inherit; vertical-align: baseline; color: #333333;\">Private response?</span><span style=\"font-family: \'Open Sans\', sans-serif; letter-spacing: 0.5px; box-sizing: border-box; -webkit-font-smoothing: antialiased; margin: 0px; padding: 0px; border: 0px; font-style: inherit; font-variant: inherit; font-weight: inherit; font-stretch: inherit; line-height: inherit; vertical-align: baseline; color: #333333;\">Private response?</span><span style=\"font-family: \'Open Sans\', sans-serif; letter-spacing: 0.5px; box-sizing: border-box; -webkit-font-smoothing: antialiased; margin: 0px; padding: 0px; border: 0px; font-style: inherit; font-variant: inherit; font-weight: inherit; font-stretch: inherit; line-height: inherit; vertical-align: baseline; color: #333333;\">Private response?</span><span style=\"font-family: \'Open Sans\', sans-serif; letter-spacing: 0.5px; box-sizing: border-box; -webkit-font-smoothing: antialiased; margin: 0px; padding: 0px; border: 0px; font-style: inherit; font-variant: inherit; font-weight: inherit; font-stretch: inherit; line-height: inherit; vertical-align: baseline; color: #333333;\">Private response?</span><span style=\"font-family: \'Open Sans\', sans-serif; letter-spacing: 0.5px; box-sizing: border-box; -webkit-font-smoothing: antialiased; margin: 0px; padding: 0px; border: 0px; font-style: inherit; font-variant: inherit; font-weight: inherit; font-stretch: inherit; line-height: inherit; vertical-align: baseline; color: #333333;\">Private response?</span><span style=\"font-family: \'Open Sans\', sans-serif; letter-spacing: 0.5px; box-sizing: border-box; -webkit-font-smoothing: antialiased; margin: 0px; padding: 0px; border: 0px; font-style: inherit; font-variant: inherit; font-weight: inherit; font-stretch: inherit; line-height: inherit; vertical-align: baseline; color: #333333;\">Private response?</span></p>\r\n<p>&nbsp;</p>\r\n<p style=\"box-sizing: border-box; -webkit-font-smoothing: antialiased; margin: 0px 0px 10px; padding: 0px; border: 0px; font-variant-numeric: inherit; font-stretch: inherit; line-height: 20px; font-family: \'Open Sans\', sans-serif; vertical-align: baseline; color: #151a1f; letter-spacing: 0.5px;\"><span style=\"box-sizing: border-box; -webkit-font-smoothing: antialiased; margin: 0px; padding: 0px; border: 0px; font-style: inherit; font-variant: inherit; font-weight: inherit; font-stretch: inherit; line-height: inherit; vertical-align: baseline; color: #333333;\">Private response?</span><span style=\"box-sizing: border-box; -webkit-font-smoothing: antialiased; margin: 0px; padding: 0px; border: 0px; font-style: inherit; font-variant: inherit; font-weight: inherit; font-stretch: inherit; line-height: inherit; vertical-align: baseline; color: #333333;\">Private response?</span><span style=\"box-sizing: border-box; -webkit-font-smoothing: antialiased; margin: 0px; padding: 0px; border: 0px; font-style: inherit; font-variant: inherit; font-weight: inherit; font-stretch: inherit; line-height: inherit; vertical-align: baseline; color: #333333;\">Private response?</span><span style=\"box-sizing: border-box; -webkit-font-smoothing: antialiased; margin: 0px; padding: 0px; border: 0px; font-style: inherit; font-variant: inherit; font-weight: inherit; font-stretch: inherit; line-height: inherit; vertical-align: baseline; color: #333333;\">Private response?</span><span style=\"box-sizing: border-box; -webkit-font-smoothing: antialiased; margin: 0px; padding: 0px; border: 0px; font-style: inherit; font-variant: inherit; font-weight: inherit; font-stretch: inherit; line-height: inherit; vertical-align: baseline; color: #333333;\">Private response?</span><span style=\"box-sizing: border-box; -webkit-font-smoothing: antialiased; margin: 0px; padding: 0px; border: 0px; font-style: inherit; font-variant: inherit; font-weight: inherit; font-stretch: inherit; line-height: inherit; vertical-align: baseline; color: #333333;\">Private response?</span><span style=\"box-sizing: border-box; -webkit-font-smoothing: antialiased; margin: 0px; padding: 0px; border: 0px; font-style: inherit; font-variant: inherit; font-weight: inherit; font-stretch: inherit; line-height: inherit; vertical-align: baseline; color: #333333;\">Private response?</span><span style=\"box-sizing: border-box; -webkit-font-smoothing: antialiased; margin: 0px; padding: 0px; border: 0px; font-style: inherit; font-variant: inherit; font-weight: inherit; font-stretch: inherit; line-height: inherit; vertical-align: baseline; color: #333333;\">Private response?</span><span style=\"box-sizing: border-box; -webkit-font-smoothing: antialiased; margin: 0px; padding: 0px; border: 0px; font-style: inherit; font-variant: inherit; font-weight: inherit; font-stretch: inherit; line-height: inherit; vertical-align: baseline; color: #333333;\">Private response?</span><span style=\"box-sizing: border-box; -webkit-font-smoothing: antialiased; margin: 0px; padding: 0px; border: 0px; font-style: inherit; font-variant: inherit; font-weight: inherit; font-stretch: inherit; line-height: inherit; vertical-align: baseline; color: #333333;\">Private response?</span></p>\r\n<p style=\"box-sizing: border-box; -webkit-font-smoothing: antialiased; margin: 0px 0px 10px; padding: 0px; border: 0px; font-style: normal; font-variant-ligatures: normal; font-variant-caps: normal; font-variant-numeric: inherit; font-weight: normal; font-stretch: inherit; line-height: 20px; font-family: \'Open Sans\', sans-serif; font-size: 14px; vertical-align: baseline; color: #151a1f; letter-spacing: 0.5px; orphans: 2; text-align: left; text-indent: 0px; text-transform: none; white-space: normal; widows: 2; word-spacing: 0px; -webkit-text-stroke-width: 0px; background-color: #ffffff; text-decoration-style: initial; text-decoration-color: initial;\"><span style=\"box-sizing: border-box; -webkit-font-smoothing: antialiased; margin: 0px; padding: 0px; border: 0px; font-style: inherit; font-variant: inherit; font-weight: inherit; font-stretch: inherit; line-height: inherit; font-family: \'Open Sans\', sans-serif; font-size: 14px; vertical-align: baseline; color: #333333; letter-spacing: 0.5px;\">Private response?</span><span style=\"box-sizing: border-box; -webkit-font-smoothing: antialiased; margin: 0px; padding: 0px; border: 0px; font-style: inherit; font-variant: inherit; font-weight: inherit; font-stretch: inherit; line-height: inherit; font-family: \'Open Sans\', sans-serif; font-size: 14px; vertical-align: baseline; color: #333333; letter-spacing: 0.5px;\">Private response?</span><span style=\"box-sizing: border-box; -webkit-font-smoothing: antialiased; margin: 0px; padding: 0px; border: 0px; font-style: inherit; font-variant: inherit; font-weight: inherit; font-stretch: inherit; line-height: inherit; font-family: \'Open Sans\', sans-serif; font-size: 14px; vertical-align: baseline; color: #333333; letter-spacing: 0.5px;\">Private response?</span><span style=\"box-sizing: border-box; -webkit-font-smoothing: antialiased; margin: 0px; padding: 0px; border: 0px; font-style: inherit; font-variant: inherit; font-weight: inherit; font-stretch: inherit; line-height: inherit; font-family: \'Open Sans\', sans-serif; font-size: 14px; vertical-align: baseline; color: #333333; letter-spacing: 0.5px;\">Private response?</span><span style=\"box-sizing: border-box; -webkit-font-smoothing: antialiased; margin: 0px; padding: 0px; border: 0px; font-style: inherit; font-variant: inherit; font-weight: inherit; font-stretch: inherit; line-height: inherit; font-family: \'Open Sans\', sans-serif; font-size: 14px; vertical-align: baseline; color: #333333; letter-spacing: 0.5px;\">Private response?</span><span style=\"box-sizing: border-box; -webkit-font-smoothing: antialiased; margin: 0px; padding: 0px; border: 0px; font-style: inherit; font-variant: inherit; font-weight: inherit; font-stretch: inherit; line-height: inherit; font-family: \'Open Sans\', sans-serif; font-size: 14px; vertical-align: baseline; color: #333333; letter-spacing: 0.5px;\">Private response?</span><span style=\"box-sizing: border-box; -webkit-font-smoothing: antialiased; margin: 0px; padding: 0px; border: 0px; font-style: inherit; font-variant: inherit; font-weight: inherit; font-stretch: inherit; line-height: inherit; font-family: \'Open Sans\', sans-serif; font-size: 14px; vertical-align: baseline; color: #333333; letter-spacing: 0.5px;\">Private response?</span><span style=\"box-sizing: border-box; -webkit-font-smoothing: antialiased; margin: 0px; padding: 0px; border: 0px; font-style: inherit; font-variant: inherit; font-weight: inherit; font-stretch: inherit; line-height: inherit; font-family: \'Open Sans\', sans-serif; font-size: 14px; vertical-align: baseline; color: #333333; letter-spacing: 0.5px;\">Private response?</span><span style=\"box-sizing: border-box; -webkit-font-smoothing: antialiased; margin: 0px; padding: 0px; border: 0px; font-style: inherit; font-variant: inherit; font-weight: inherit; font-stretch: inherit; line-height: inherit; font-family: \'Open Sans\', sans-serif; font-size: 14px; vertical-align: baseline; color: #333333; letter-spacing: 0.5px;\">Private response?</span><span style=\"box-sizing: border-box; -webkit-font-smoothing: antialiased; margin: 0px; padding: 0px; border: 0px; font-style: inherit; font-variant: inherit; font-weight: inherit; font-stretch: inherit; line-height: inherit; font-family: \'Open Sans\', sans-serif; font-size: 14px; vertical-align: baseline; color: #333333; letter-spacing: 0.5px;\">Private response?</span></p>',	'2017-06-28 20:27:11',	'2017-06-28 20:27:11',	0,	0,	0),
(74,	9,	1,	'<p>&nbsp;</p>\r\n<p style=\"box-sizing: border-box; -webkit-font-smoothing: antialiased; margin: 0px 0px 10px; padding: 0px; border: 0px; font-variant-numeric: inherit; font-stretch: inherit; line-height: 20px; font-family: \'Open Sans\', sans-serif; vertical-align: baseline; color: #151a1f; letter-spacing: 0.5px;\"><span style=\"box-sizing: border-box; -webkit-font-smoothing: antialiased; margin: 0px; padding: 0px; border: 0px; font-style: inherit; font-variant: inherit; font-weight: inherit; font-stretch: inherit; line-height: inherit; vertical-align: baseline; color: #333333;\">Private response?</span><span style=\"box-sizing: border-box; -webkit-font-smoothing: antialiased; margin: 0px; padding: 0px; border: 0px; font-style: inherit; font-variant: inherit; font-weight: inherit; font-stretch: inherit; line-height: inherit; vertical-align: baseline; color: #333333;\">Private response?</span><span style=\"box-sizing: border-box; -webkit-font-smoothing: antialiased; margin: 0px; padding: 0px; border: 0px; font-style: inherit; font-variant: inherit; font-weight: inherit; font-stretch: inherit; line-height: inherit; vertical-align: baseline; color: #333333;\">Private response?</span><span style=\"box-sizing: border-box; -webkit-font-smoothing: antialiased; margin: 0px; padding: 0px; border: 0px; font-style: inherit; font-variant: inherit; font-weight: inherit; font-stretch: inherit; line-height: inherit; vertical-align: baseline; color: #333333;\">Private response?</span><span style=\"box-sizing: border-box; -webkit-font-smoothing: antialiased; margin: 0px; padding: 0px; border: 0px; font-style: inherit; font-variant: inherit; font-weight: inherit; font-stretch: inherit; line-height: inherit; vertical-align: baseline; color: #333333;\">Private response?</span><span style=\"box-sizing: border-box; -webkit-font-smoothing: antialiased; margin: 0px; padding: 0px; border: 0px; font-style: inherit; font-variant: inherit; font-weight: inherit; font-stretch: inherit; line-height: inherit; vertical-align: baseline; color: #333333;\">Private response?</span><span style=\"box-sizing: border-box; -webkit-font-smoothing: antialiased; margin: 0px; padding: 0px; border: 0px; font-style: inherit; font-variant: inherit; font-weight: inherit; font-stretch: inherit; line-height: inherit; vertical-align: baseline; color: #333333;\">Private response?</span><span style=\"box-sizing: border-box; -webkit-font-smoothing: antialiased; margin: 0px; padding: 0px; border: 0px; font-style: inherit; font-variant: inherit; font-weight: inherit; font-stretch: inherit; line-height: inherit; vertical-align: baseline; color: #333333;\">Private response?</span><span style=\"box-sizing: border-box; -webkit-font-smoothing: antialiased; margin: 0px; padding: 0px; border: 0px; font-style: inherit; font-variant: inherit; font-weight: inherit; font-stretch: inherit; line-height: inherit; vertical-align: baseline; color: #333333;\">Private response?</span><span style=\"box-sizing: border-box; -webkit-font-smoothing: antialiased; margin: 0px; padding: 0px; border: 0px; font-style: inherit; font-variant: inherit; font-weight: inherit; font-stretch: inherit; line-height: inherit; vertical-align: baseline; color: #333333;\">Private response?</span></p>\r\n<p style=\"box-sizing: border-box; -webkit-font-smoothing: antialiased; margin: 0px 0px 10px; padding: 0px; border: 0px; font-variant-numeric: inherit; font-stretch: inherit; line-height: 20px; font-family: \'Open Sans\', sans-serif; vertical-align: baseline; color: #151a1f; letter-spacing: 0.5px;\"><span style=\"box-sizing: border-box; -webkit-font-smoothing: antialiased; margin: 0px; padding: 0px; border: 0px; font-style: inherit; font-variant: inherit; font-weight: inherit; font-stretch: inherit; line-height: inherit; vertical-align: baseline; color: #333333;\">Private response?</span><span style=\"box-sizing: border-box; -webkit-font-smoothing: antialiased; margin: 0px; padding: 0px; border: 0px; font-style: inherit; font-variant: inherit; font-weight: inherit; font-stretch: inherit; line-height: inherit; vertical-align: baseline; color: #333333;\">Private response?</span><span style=\"box-sizing: border-box; -webkit-font-smoothing: antialiased; margin: 0px; padding: 0px; border: 0px; font-style: inherit; font-variant: inherit; font-weight: inherit; font-stretch: inherit; line-height: inherit; vertical-align: baseline; color: #333333;\">Private response?</span><span style=\"box-sizing: border-box; -webkit-font-smoothing: antialiased; margin: 0px; padding: 0px; border: 0px; font-style: inherit; font-variant: inherit; font-weight: inherit; font-stretch: inherit; line-height: inherit; vertical-align: baseline; color: #333333;\">Private response?</span><span style=\"box-sizing: border-box; -webkit-font-smoothing: antialiased; margin: 0px; padding: 0px; border: 0px; font-style: inherit; font-variant: inherit; font-weight: inherit; font-stretch: inherit; line-height: inherit; vertical-align: baseline; color: #333333;\">Private response?</span><span style=\"box-sizing: border-box; -webkit-font-smoothing: antialiased; margin: 0px; padding: 0px; border: 0px; font-style: inherit; font-variant: inherit; font-weight: inherit; font-stretch: inherit; line-height: inherit; vertical-align: baseline; color: #333333;\">Private response?</span><span style=\"box-sizing: border-box; -webkit-font-smoothing: antialiased; margin: 0px; padding: 0px; border: 0px; font-style: inherit; font-variant: inherit; font-weight: inherit; font-stretch: inherit; line-height: inherit; vertical-align: baseline; color: #333333;\">Private response?</span><span style=\"box-sizing: border-box; -webkit-font-smoothing: antialiased; margin: 0px; padding: 0px; border: 0px; font-style: inherit; font-variant: inherit; font-weight: inherit; font-stretch: inherit; line-height: inherit; vertical-align: baseline; color: #333333;\">Private response?</span><span style=\"box-sizing: border-box; -webkit-font-smoothing: antialiased; margin: 0px; padding: 0px; border: 0px; font-style: inherit; font-variant: inherit; font-weight: inherit; font-stretch: inherit; line-height: inherit; vertical-align: baseline; color: #333333;\">Private response?</span><span style=\"box-sizing: border-box; -webkit-font-smoothing: antialiased; margin: 0px; padding: 0px; border: 0px; font-style: inherit; font-variant: inherit; font-weight: inherit; font-stretch: inherit; line-height: inherit; vertical-align: baseline; color: #333333;\">Private response?</span></p>\r\n<p style=\"box-sizing: border-box; -webkit-font-smoothing: antialiased; margin: 0px 0px 10px; padding: 0px; border: 0px; font-style: normal; font-variant-ligatures: normal; font-variant-caps: normal; font-variant-numeric: inherit; font-weight: normal; font-stretch: inherit; line-height: 20px; font-family: \'Open Sans\', sans-serif; font-size: 14px; vertical-align: baseline; color: #151a1f; letter-spacing: 0.5px; orphans: 2; text-align: left; text-indent: 0px; text-transform: none; white-space: normal; widows: 2; word-spacing: 0px; -webkit-text-stroke-width: 0px; background-color: #ffffff; text-decoration-style: initial; text-decoration-color: initial;\"><span style=\"box-sizing: border-box; -webkit-font-smoothing: antialiased; margin: 0px; padding: 0px; border: 0px; font-style: inherit; font-variant: inherit; font-weight: inherit; font-stretch: inherit; line-height: inherit; font-family: \'Open Sans\', sans-serif; font-size: 14px; vertical-align: baseline; color: #333333; letter-spacing: 0.5px;\">Private response?</span><span style=\"box-sizing: border-box; -webkit-font-smoothing: antialiased; margin: 0px; padding: 0px; border: 0px; font-style: inherit; font-variant: inherit; font-weight: inherit; font-stretch: inherit; line-height: inherit; font-family: \'Open Sans\', sans-serif; font-size: 14px; vertical-align: baseline; color: #333333; letter-spacing: 0.5px;\">Private response?</span><span style=\"box-sizing: border-box; -webkit-font-smoothing: antialiased; margin: 0px; padding: 0px; border: 0px; font-style: inherit; font-variant: inherit; font-weight: inherit; font-stretch: inherit; line-height: inherit; font-family: \'Open Sans\', sans-serif; font-size: 14px; vertical-align: baseline; color: #333333; letter-spacing: 0.5px;\">Private response?</span><span style=\"box-sizing: border-box; -webkit-font-smoothing: antialiased; margin: 0px; padding: 0px; border: 0px; font-style: inherit; font-variant: inherit; font-weight: inherit; font-stretch: inherit; line-height: inherit; font-family: \'Open Sans\', sans-serif; font-size: 14px; vertical-align: baseline; color: #333333; letter-spacing: 0.5px;\">Private response?</span><span style=\"box-sizing: border-box; -webkit-font-smoothing: antialiased; margin: 0px; padding: 0px; border: 0px; font-style: inherit; font-variant: inherit; font-weight: inherit; font-stretch: inherit; line-height: inherit; font-family: \'Open Sans\', sans-serif; font-size: 14px; vertical-align: baseline; color: #333333; letter-spacing: 0.5px;\">Private response?</span><span style=\"box-sizing: border-box; -webkit-font-smoothing: antialiased; margin: 0px; padding: 0px; border: 0px; font-style: inherit; font-variant: inherit; font-weight: inherit; font-stretch: inherit; line-height: inherit; font-family: \'Open Sans\', sans-serif; font-size: 14px; vertical-align: baseline; color: #333333; letter-spacing: 0.5px;\">Private response?</span><span style=\"box-sizing: border-box; -webkit-font-smoothing: antialiased; margin: 0px; padding: 0px; border: 0px; font-style: inherit; font-variant: inherit; font-weight: inherit; font-stretch: inherit; line-height: inherit; font-family: \'Open Sans\', sans-serif; font-size: 14px; vertical-align: baseline; color: #333333; letter-spacing: 0.5px;\">Private response?</span><span style=\"box-sizing: border-box; -webkit-font-smoothing: antialiased; margin: 0px; padding: 0px; border: 0px; font-style: inherit; font-variant: inherit; font-weight: inherit; font-stretch: inherit; line-height: inherit; font-family: \'Open Sans\', sans-serif; font-size: 14px; vertical-align: baseline; color: #333333; letter-spacing: 0.5px;\">Private response?</span><span style=\"box-sizing: border-box; -webkit-font-smoothing: antialiased; margin: 0px; padding: 0px; border: 0px; font-style: inherit; font-variant: inherit; font-weight: inherit; font-stretch: inherit; line-height: inherit; font-family: \'Open Sans\', sans-serif; font-size: 14px; vertical-align: baseline; color: #333333; letter-spacing: 0.5px;\">Private response?</span><span style=\"box-sizing: border-box; -webkit-font-smoothing: antialiased; margin: 0px; padding: 0px; border: 0px; font-style: inherit; font-variant: inherit; font-weight: inherit; font-stretch: inherit; line-height: inherit; font-family: \'Open Sans\', sans-serif; font-size: 14px; vertical-align: baseline; color: #333333; letter-spacing: 0.5px;\">Private response?</span></p>',	'2017-06-28 20:27:16',	'2017-06-28 20:27:16',	0,	0,	0),
(75,	8,	1,	'<p><span style=\"color: #333333; font-family: \'Open Sans\', sans-serif; letter-spacing: 0.5px;\">Private response?</span><span style=\"color: #333333; font-family: \'Open Sans\', sans-serif; letter-spacing: 0.5px;\">Private response?</span><span style=\"color: #333333; font-family: \'Open Sans\', sans-serif; letter-spacing: 0.5px;\">Private response?</span><span style=\"color: #333333; font-family: \'Open Sans\', sans-serif; letter-spacing: 0.5px;\">Private response?</span><span style=\"color: #333333; font-family: \'Open Sans\', sans-serif; letter-spacing: 0.5px;\">Private response?</span><span style=\"color: #333333; font-family: \'Open Sans\', sans-serif; letter-spacing: 0.5px;\">Private response?</span></p>',	'2017-06-28 20:43:52',	'2017-06-28 20:43:52',	0,	0,	0),
(76,	8,	1,	'<p><span style=\"box-sizing: border-box; -webkit-font-smoothing: antialiased; margin: 0px; padding: 0px; border: 0px; font-variant-numeric: inherit; font-stretch: inherit; line-height: inherit; font-family: \'Open Sans\', sans-serif; vertical-align: baseline; letter-spacing: 0.5px; color: #333333;\">rivate response?</span><span style=\"box-sizing: border-box; -webkit-font-smoothing: antialiased; margin: 0px; padding: 0px; border: 0px; font-variant-numeric: inherit; font-stretch: inherit; line-height: inherit; font-family: \'Open Sans\', sans-serif; vertical-align: baseline; letter-spacing: 0.5px; color: #333333;\">Private response?</span><span style=\"box-sizing: border-box; -webkit-font-smoothing: antialiased; margin: 0px; padding: 0px; border: 0px; font-variant-numeric: inherit; font-stretch: inherit; line-height: inherit; font-family: \'Open Sans\', sans-serif; vertical-align: baseline; letter-spacing: 0.5px; color: #333333;\">Private response?</span><span style=\"box-sizing: border-box; -webkit-font-smoothing: antialiased; margin: 0px; padding: 0px; border: 0px; font-variant-numeric: inherit; font-stretch: inherit; line-height: inherit; font-family: \'Open Sans\', sans-serif; vertical-align: baseline; letter-spacing: 0.5px; color: #333333;\">Private response?</span><span style=\"box-sizing: border-box; -webkit-font-smoothing: antialiased; margin: 0px; padding: 0px; border: 0px; font-variant-numeric: inherit; font-stretch: inherit; line-height: inherit; font-family: \'Open Sans\', sans-serif; vertical-align: baseline; letter-spacing: 0.5px; color: #333333;\">Private response?</span><span style=\"box-sizing: border-box; -webkit-font-smoothing: antialiased; margin: 0px; padding: 0px; border: 0px; font-variant-numeric: inherit; font-stretch: inherit; line-height: inherit; font-family: \'Open Sans\', sans-serif; vertical-align: baseline; letter-spacing: 0.5px; color: #333333;\">Private response?</span></p>',	'2017-06-28 20:44:32',	'2017-06-28 20:44:32',	0,	0,	0),
(77,	8,	1,	'<p><span style=\"box-sizing: border-box; -webkit-font-smoothing: antialiased; margin: 0px; padding: 0px; border: 0px; font-variant-numeric: inherit; font-stretch: inherit; line-height: inherit; font-family: \'Open Sans\', sans-serif; vertical-align: baseline; letter-spacing: 0.5px; color: #333333;\">rivate response?</span><span style=\"box-sizing: border-box; -webkit-font-smoothing: antialiased; margin: 0px; padding: 0px; border: 0px; font-variant-numeric: inherit; font-stretch: inherit; line-height: inherit; font-family: \'Open Sans\', sans-serif; vertical-align: baseline; letter-spacing: 0.5px; color: #333333;\">Private response?</span><span style=\"box-sizing: border-box; -webkit-font-smoothing: antialiased; margin: 0px; padding: 0px; border: 0px; font-variant-numeric: inherit; font-stretch: inherit; line-height: inherit; font-family: \'Open Sans\', sans-serif; vertical-align: baseline; letter-spacing: 0.5px; color: #333333;\">Private response?</span><span style=\"box-sizing: border-box; -webkit-font-smoothing: antialiased; margin: 0px; padding: 0px; border: 0px; font-variant-numeric: inherit; font-stretch: inherit; line-height: inherit; font-family: \'Open Sans\', sans-serif; vertical-align: baseline; letter-spacing: 0.5px; color: #333333;\">Private response?</span><span style=\"box-sizing: border-box; -webkit-font-smoothing: antialiased; margin: 0px; padding: 0px; border: 0px; font-variant-numeric: inherit; font-stretch: inherit; line-height: inherit; font-family: \'Open Sans\', sans-serif; vertical-align: baseline; letter-spacing: 0.5px; color: #333333;\">Private response?</span><span style=\"box-sizing: border-box; -webkit-font-smoothing: antialiased; margin: 0px; padding: 0px; border: 0px; font-variant-numeric: inherit; font-stretch: inherit; line-height: inherit; font-family: \'Open Sans\', sans-serif; vertical-align: baseline; letter-spacing: 0.5px; color: #333333;\">Private response?</span><span style=\"box-sizing: border-box; -webkit-font-smoothing: antialiased; margin: 0px; padding: 0px; border: 0px; font-variant-numeric: inherit; font-stretch: inherit; line-height: inherit; font-family: \'Open Sans\', sans-serif; vertical-align: baseline; letter-spacing: 0.5px; color: #333333;\">rivate response?</span><span style=\"box-sizing: border-box; -webkit-font-smoothing: antialiased; margin: 0px; padding: 0px; border: 0px; font-variant-numeric: inherit; font-stretch: inherit; line-height: inherit; font-family: \'Open Sans\', sans-serif; vertical-align: baseline; letter-spacing: 0.5px; color: #333333;\">Private response?</span><span style=\"box-sizing: border-box; -webkit-font-smoothing: antialiased; margin: 0px; padding: 0px; border: 0px; font-variant-numeric: inherit; font-stretch: inherit; line-height: inherit; font-family: \'Open Sans\', sans-serif; vertical-align: baseline; letter-spacing: 0.5px; color: #333333;\">Private response?</span><span style=\"box-sizing: border-box; -webkit-font-smoothing: antialiased; margin: 0px; padding: 0px; border: 0px; font-variant-numeric: inherit; font-stretch: inherit; line-height: inherit; font-family: \'Open Sans\', sans-serif; vertical-align: baseline; letter-spacing: 0.5px; color: #333333;\">Private response?</span><span style=\"box-sizing: border-box; -webkit-font-smoothing: antialiased; margin: 0px; padding: 0px; border: 0px; font-variant-numeric: inherit; font-stretch: inherit; line-height: inherit; font-family: \'Open Sans\', sans-serif; vertical-align: baseline; letter-spacing: 0.5px; color: #333333;\">Private response?</span><span style=\"box-sizing: border-box; -webkit-font-smoothing: antialiased; margin: 0px; padding: 0px; border: 0px; font-variant-numeric: inherit; font-stretch: inherit; line-height: inherit; font-family: \'Open Sans\', sans-serif; vertical-align: baseline; letter-spacing: 0.5px; color: #333333;\">Private response?</span><span style=\"box-sizing: border-box; -webkit-font-smoothing: antialiased; margin: 0px; padding: 0px; border: 0px; font-variant-numeric: inherit; font-stretch: inherit; line-height: inherit; font-family: \'Open Sans\', sans-serif; vertical-align: baseline; letter-spacing: 0.5px; color: #333333;\">rivate response?</span><span style=\"box-sizing: border-box; -webkit-font-smoothing: antialiased; margin: 0px; padding: 0px; border: 0px; font-variant-numeric: inherit; font-stretch: inherit; line-height: inherit; font-family: \'Open Sans\', sans-serif; vertical-align: baseline; letter-spacing: 0.5px; color: #333333;\">Private response?</span><span style=\"box-sizing: border-box; -webkit-font-smoothing: antialiased; margin: 0px; padding: 0px; border: 0px; font-variant-numeric: inherit; font-stretch: inherit; line-height: inherit; font-family: \'Open Sans\', sans-serif; vertical-align: baseline; letter-spacing: 0.5px; color: #333333;\">Private response?</span><span style=\"box-sizing: border-box; -webkit-font-smoothing: antialiased; margin: 0px; padding: 0px; border: 0px; font-variant-numeric: inherit; font-stretch: inherit; line-height: inherit; font-family: \'Open Sans\', sans-serif; vertical-align: baseline; letter-spacing: 0.5px; color: #333333;\">Private response?</span><span style=\"box-sizing: border-box; -webkit-font-smoothing: antialiased; margin: 0px; padding: 0px; border: 0px; font-variant-numeric: inherit; font-stretch: inherit; line-height: inherit; font-family: \'Open Sans\', sans-serif; vertical-align: baseline; letter-spacing: 0.5px; color: #333333;\">Private response?</span><span style=\"box-sizing: border-box; -webkit-font-smoothing: antialiased; margin: 0px; padding: 0px; border: 0px; font-variant-numeric: inherit; font-stretch: inherit; line-height: inherit; font-family: \'Open Sans\', sans-serif; vertical-align: baseline; letter-spacing: 0.5px; color: #333333;\">Private response?</span><span style=\"box-sizing: border-box; -webkit-font-smoothing: antialiased; margin: 0px; padding: 0px; border: 0px; font-variant-numeric: inherit; font-stretch: inherit; line-height: inherit; font-family: \'Open Sans\', sans-serif; vertical-align: baseline; letter-spacing: 0.5px; color: #333333;\">rivate response?</span><span style=\"box-sizing: border-box; -webkit-font-smoothing: antialiased; margin: 0px; padding: 0px; border: 0px; font-variant-numeric: inherit; font-stretch: inherit; line-height: inherit; font-family: \'Open Sans\', sans-serif; vertical-align: baseline; letter-spacing: 0.5px; color: #333333;\">Private response?</span><span style=\"box-sizing: border-box; -webkit-font-smoothing: antialiased; margin: 0px; padding: 0px; border: 0px; font-variant-numeric: inherit; font-stretch: inherit; line-height: inherit; font-family: \'Open Sans\', sans-serif; vertical-align: baseline; letter-spacing: 0.5px; color: #333333;\">Private response?</span><span style=\"box-sizing: border-box; -webkit-font-smoothing: antialiased; margin: 0px; padding: 0px; border: 0px; font-variant-numeric: inherit; font-stretch: inherit; line-height: inherit; font-family: \'Open Sans\', sans-serif; vertical-align: baseline; letter-spacing: 0.5px; color: #333333;\">Private response?</span><span style=\"box-sizing: border-box; -webkit-font-smoothing: antialiased; margin: 0px; padding: 0px; border: 0px; font-variant-numeric: inherit; font-stretch: inherit; line-height: inherit; font-family: \'Open Sans\', sans-serif; vertical-align: baseline; letter-spacing: 0.5px; color: #333333;\">Private response?</span><span style=\"box-sizing: border-box; -webkit-font-smoothing: antialiased; margin: 0px; padding: 0px; border: 0px; font-variant-numeric: inherit; font-stretch: inherit; line-height: inherit; font-family: \'Open Sans\', sans-serif; vertical-align: baseline; letter-spacing: 0.5px; color: #333333;\">Private response?</span></p>',	'2017-06-28 20:44:38',	'2017-06-28 20:44:38',	0,	0,	0),
(78,	8,	1,	'<p><span style=\"box-sizing: border-box; -webkit-font-smoothing: antialiased; margin: 0px; padding: 0px; border: 0px; font-variant-numeric: inherit; font-stretch: inherit; line-height: inherit; font-family: \'Open Sans\', sans-serif; vertical-align: baseline; letter-spacing: 0.5px; color: #333333;\">rivate response?</span><span style=\"box-sizing: border-box; -webkit-font-smoothing: antialiased; margin: 0px; padding: 0px; border: 0px; font-variant-numeric: inherit; font-stretch: inherit; line-height: inherit; font-family: \'Open Sans\', sans-serif; vertical-align: baseline; letter-spacing: 0.5px; color: #333333;\">Private response?</span><span style=\"box-sizing: border-box; -webkit-font-smoothing: antialiased; margin: 0px; padding: 0px; border: 0px; font-variant-numeric: inherit; font-stretch: inherit; line-height: inherit; font-family: \'Open Sans\', sans-serif; vertical-align: baseline; letter-spacing: 0.5px; color: #333333;\">Private response?</span><span style=\"box-sizing: border-box; -webkit-font-smoothing: antialiased; margin: 0px; padding: 0px; border: 0px; font-variant-numeric: inherit; font-stretch: inherit; line-height: inherit; font-family: \'Open Sans\', sans-serif; vertical-align: baseline; letter-spacing: 0.5px; color: #333333;\">Private response?</span><span style=\"box-sizing: border-box; -webkit-font-smoothing: antialiased; margin: 0px; padding: 0px; border: 0px; font-variant-numeric: inherit; font-stretch: inherit; line-height: inherit; font-family: \'Open Sans\', sans-serif; vertical-align: baseline; letter-spacing: 0.5px; color: #333333;\">Private response?</span><span style=\"box-sizing: border-box; -webkit-font-smoothing: antialiased; margin: 0px; padding: 0px; border: 0px; font-variant-numeric: inherit; font-stretch: inherit; line-height: inherit; font-family: \'Open Sans\', sans-serif; vertical-align: baseline; letter-spacing: 0.5px; color: #333333;\">Private response?</span><span style=\"box-sizing: border-box; -webkit-font-smoothing: antialiased; margin: 0px; padding: 0px; border: 0px; font-variant-numeric: inherit; font-stretch: inherit; line-height: inherit; font-family: \'Open Sans\', sans-serif; vertical-align: baseline; letter-spacing: 0.5px; color: #333333;\">rivate response?</span><span style=\"box-sizing: border-box; -webkit-font-smoothing: antialiased; margin: 0px; padding: 0px; border: 0px; font-variant-numeric: inherit; font-stretch: inherit; line-height: inherit; font-family: \'Open Sans\', sans-serif; vertical-align: baseline; letter-spacing: 0.5px; color: #333333;\">Private response?</span><span style=\"box-sizing: border-box; -webkit-font-smoothing: antialiased; margin: 0px; padding: 0px; border: 0px; font-variant-numeric: inherit; font-stretch: inherit; line-height: inherit; font-family: \'Open Sans\', sans-serif; vertical-align: baseline; letter-spacing: 0.5px; color: #333333;\">Private response?</span><span style=\"box-sizing: border-box; -webkit-font-smoothing: antialiased; margin: 0px; padding: 0px; border: 0px; font-variant-numeric: inherit; font-stretch: inherit; line-height: inherit; font-family: \'Open Sans\', sans-serif; vertical-align: baseline; letter-spacing: 0.5px; color: #333333;\">Private response?</span><span style=\"box-sizing: border-box; -webkit-font-smoothing: antialiased; margin: 0px; padding: 0px; border: 0px; font-variant-numeric: inherit; font-stretch: inherit; line-height: inherit; font-family: \'Open Sans\', sans-serif; vertical-align: baseline; letter-spacing: 0.5px; color: #333333;\">Private response?</span><span style=\"box-sizing: border-box; -webkit-font-smoothing: antialiased; margin: 0px; padding: 0px; border: 0px; font-variant-numeric: inherit; font-stretch: inherit; line-height: inherit; font-family: \'Open Sans\', sans-serif; vertical-align: baseline; letter-spacing: 0.5px; color: #333333;\">Private response?</span><span style=\"box-sizing: border-box; -webkit-font-smoothing: antialiased; margin: 0px; padding: 0px; border: 0px; font-variant-numeric: inherit; font-stretch: inherit; line-height: inherit; font-family: \'Open Sans\', sans-serif; vertical-align: baseline; letter-spacing: 0.5px; color: #333333;\">rivate response?</span><span style=\"box-sizing: border-box; -webkit-font-smoothing: antialiased; margin: 0px; padding: 0px; border: 0px; font-variant-numeric: inherit; font-stretch: inherit; line-height: inherit; font-family: \'Open Sans\', sans-serif; vertical-align: baseline; letter-spacing: 0.5px; color: #333333;\">Private response?</span><span style=\"box-sizing: border-box; -webkit-font-smoothing: antialiased; margin: 0px; padding: 0px; border: 0px; font-variant-numeric: inherit; font-stretch: inherit; line-height: inherit; font-family: \'Open Sans\', sans-serif; vertical-align: baseline; letter-spacing: 0.5px; color: #333333;\">Private response?</span><span style=\"box-sizing: border-box; -webkit-font-smoothing: antialiased; margin: 0px; padding: 0px; border: 0px; font-variant-numeric: inherit; font-stretch: inherit; line-height: inherit; font-family: \'Open Sans\', sans-serif; vertical-align: baseline; letter-spacing: 0.5px; color: #333333;\">Private response?</span><span style=\"box-sizing: border-box; -webkit-font-smoothing: antialiased; margin: 0px; padding: 0px; border: 0px; font-variant-numeric: inherit; font-stretch: inherit; line-height: inherit; font-family: \'Open Sans\', sans-serif; vertical-align: baseline; letter-spacing: 0.5px; color: #333333;\">Private response?</span><span style=\"box-sizing: border-box; -webkit-font-smoothing: antialiased; margin: 0px; padding: 0px; border: 0px; font-variant-numeric: inherit; font-stretch: inherit; line-height: inherit; font-family: \'Open Sans\', sans-serif; vertical-align: baseline; letter-spacing: 0.5px; color: #333333;\">Private response?</span><span style=\"box-sizing: border-box; -webkit-font-smoothing: antialiased; margin: 0px; padding: 0px; border: 0px; font-variant-numeric: inherit; font-stretch: inherit; line-height: inherit; font-family: \'Open Sans\', sans-serif; vertical-align: baseline; letter-spacing: 0.5px; color: #333333;\">rivate respons</span></p>',	'2017-06-28 20:47:06',	'2017-06-28 20:47:06',	0,	0,	0),
(79,	8,	1,	'<p><span style=\"box-sizing: border-box; -webkit-font-smoothing: antialiased; margin: 0px; padding: 0px; border: 0px; font-variant-numeric: inherit; font-stretch: inherit; line-height: inherit; font-family: \'Open Sans\', sans-serif; vertical-align: baseline; letter-spacing: 0.5px; color: #333333;\">Private response?</span><span style=\"box-sizing: border-box; -webkit-font-smoothing: antialiased; margin: 0px; padding: 0px; border: 0px; font-variant-numeric: inherit; font-stretch: inherit; line-height: inherit; font-family: \'Open Sans\', sans-serif; vertical-align: baseline; letter-spacing: 0.5px; color: #333333;\">Private response?</span><span style=\"box-sizing: border-box; -webkit-font-smoothing: antialiased; margin: 0px; padding: 0px; border: 0px; font-variant-numeric: inherit; font-stretch: inherit; line-height: inherit; font-family: \'Open Sans\', sans-serif; vertical-align: baseline; letter-spacing: 0.5px; color: #333333;\">Private response?</span><span style=\"box-sizing: border-box; -webkit-font-smoothing: antialiased; margin: 0px; padding: 0px; border: 0px; font-variant-numeric: inherit; font-stretch: inherit; line-height: inherit; font-family: \'Open Sans\', sans-serif; vertical-align: baseline; letter-spacing: 0.5px; color: #333333;\">Private response?</span><span style=\"box-sizing: border-box; -webkit-font-smoothing: antialiased; margin: 0px; padding: 0px; border: 0px; font-variant-numeric: inherit; font-stretch: inherit; line-height: inherit; font-family: \'Open Sans\', sans-serif; vertical-align: baseline; letter-spacing: 0.5px; color: #333333;\">Private response?</span><span style=\"box-sizing: border-box; -webkit-font-smoothing: antialiased; margin: 0px; padding: 0px; border: 0px; font-variant-numeric: inherit; font-stretch: inherit; line-height: inherit; font-family: \'Open Sans\', sans-serif; vertical-align: baseline; letter-spacing: 0.5px; color: #333333;\">rivate response?</span><span style=\"box-sizing: border-box; -webkit-font-smoothing: antialiased; margin: 0px; padding: 0px; border: 0px; font-variant-numeric: inherit; font-stretch: inherit; line-height: inherit; font-family: \'Open Sans\', sans-serif; vertical-align: baseline; letter-spacing: 0.5px; color: #333333;\">Private response?</span><span style=\"box-sizing: border-box; -webkit-font-smoothing: antialiased; margin: 0px; padding: 0px; border: 0px; font-variant-numeric: inherit; font-stretch: inherit; line-height: inherit; font-family: \'Open Sans\', sans-serif; vertical-align: baseline; letter-spacing: 0.5px; color: #333333;\">Private response?</span><span style=\"box-sizing: border-box; -webkit-font-smoothing: antialiased; margin: 0px; padding: 0px; border: 0px; font-variant-numeric: inherit; font-stretch: inherit; line-height: inherit; font-family: \'Open Sans\', sans-serif; vertical-align: baseline; letter-spacing: 0.5px; color: #333333;\">Private response?</span><span style=\"box-sizing: border-box; -webkit-font-smoothing: antialiased; margin: 0px; padding: 0px; border: 0px; font-variant-numeric: inherit; font-stretch: inherit; line-height: inherit; font-family: \'Open Sans\', sans-serif; vertical-align: baseline; letter-spacing: 0.5px; color: #333333;\">Private response?</span><span style=\"box-sizing: border-box; -webkit-font-smoothing: antialiased; margin: 0px; padding: 0px; border: 0px; font-variant-numeric: inherit; font-stretch: inherit; line-height: inherit; font-family: \'Open Sans\', sans-serif; vertical-align: baseline; letter-spacing: 0.5px; color: #333333;\">Private response?</span><span style=\"box-sizing: border-box; -webkit-font-smoothing: antialiased; margin: 0px; padding: 0px; border: 0px; font-variant-numeric: inherit; font-stretch: inherit; line-height: inherit; font-family: \'Open Sans\', sans-serif; vertical-align: baseline; letter-spacing: 0.5px; color: #333333;\">rivate response?</span><span style=\"box-sizing: border-box; -webkit-font-smoothing: antialiased; margin: 0px; padding: 0px; border: 0px; font-variant-numeric: inherit; font-stretch: inherit; line-height: inherit; font-family: \'Open Sans\', sans-serif; vertical-align: baseline; letter-spacing: 0.5px; color: #333333;\">Private response?</span><span style=\"box-sizing: border-box; -webkit-font-smoothing: antialiased; margin: 0px; padding: 0px; border: 0px; font-variant-numeric: inherit; font-stretch: inherit; line-height: inherit; font-family: \'Open Sans\', sans-serif; vertical-align: baseline; letter-spacing: 0.5px; color: #333333;\">Private response?</span><span style=\"box-sizing: border-box; -webkit-font-smoothing: antialiased; margin: 0px; padding: 0px; border: 0px; font-variant-numeric: inherit; font-stretch: inherit; line-height: inherit; font-family: \'Open Sans\', sans-serif; vertical-align: baseline; letter-spacing: 0.5px; color: #333333;\">Private response?</span><span style=\"box-sizing: border-box; -webkit-font-smoothing: antialiased; margin: 0px; padding: 0px; border: 0px; font-variant-numeric: inherit; font-stretch: inherit; line-height: inherit; font-family: \'Open Sans\', sans-serif; vertical-align: baseline; letter-spacing: 0.5px; color: #333333;\">Private response?</span><span style=\"box-sizing: border-box; -webkit-font-smoothing: antialiased; margin: 0px; padding: 0px; border: 0px; font-variant-numeric: inherit; font-stretch: inherit; line-height: inherit; font-family: \'Open Sans\', sans-serif; vertical-align: baseline; letter-spacing: 0.5px; color: #333333;\">Private response?</span><span style=\"box-sizing: border-box; -webkit-font-smoothing: antialiased; margin: 0px; padding: 0px; border: 0px; font-variant-numeric: inherit; font-stretch: inherit; line-height: inherit; font-family: \'Open Sans\', sans-serif; vertical-align: baseline; letter-spacing: 0.5px; color: #333333;\">rivate response</span></p>',	'2017-06-28 20:48:59',	'2017-06-28 20:48:59',	0,	0,	0),
(80,	8,	1,	'<p>&nbsp;</p>\r\n<p style=\"box-sizing: border-box; -webkit-font-smoothing: antialiased; margin: 0px 0px 10px; padding: 0px; border: 0px; font-style: normal; font-variant-ligatures: normal; font-variant-caps: normal; font-variant-numeric: inherit; font-weight: normal; font-stretch: inherit; line-height: 20px; font-family: \'Open Sans\', sans-serif; font-size: 14px; vertical-align: baseline; color: #151a1f; letter-spacing: 0.5px; orphans: 2; text-align: left; text-indent: 0px; text-transform: none; white-space: normal; widows: 2; word-spacing: 0px; -webkit-text-stroke-width: 0px; background-color: #ffffff; text-decoration-style: initial; text-decoration-color: initial;\"><span style=\"box-sizing: border-box; -webkit-font-smoothing: antialiased; margin: 0px; padding: 0px; border: 0px; font-style: inherit; font-variant: inherit; font-weight: inherit; font-stretch: inherit; line-height: inherit; font-family: \'Open Sans\', sans-serif; font-size: 14px; vertical-align: baseline; letter-spacing: 0.5px; color: #333333;\">Private response?</span><span style=\"box-sizing: border-box; -webkit-font-smoothing: antialiased; margin: 0px; padding: 0px; border: 0px; font-style: inherit; font-variant: inherit; font-weight: inherit; font-stretch: inherit; line-height: inherit; font-family: \'Open Sans\', sans-serif; font-size: 14px; vertical-align: baseline; letter-spacing: 0.5px; color: #333333;\">Private response?</span><span style=\"box-sizing: border-box; -webkit-font-smoothing: antialiased; margin: 0px; padding: 0px; border: 0px; font-style: inherit; font-variant: inherit; font-weight: inherit; font-stretch: inherit; line-height: inherit; font-family: \'Open Sans\', sans-serif; font-size: 14px; vertical-align: baseline; letter-spacing: 0.5px; color: #333333;\">Private response?</span><span style=\"box-sizing: border-box; -webkit-font-smoothing: antialiased; margin: 0px; padding: 0px; border: 0px; font-style: inherit; font-variant: inherit; font-weight: inherit; font-stretch: inherit; line-height: inherit; font-family: \'Open Sans\', sans-serif; font-size: 14px; vertical-align: baseline; letter-spacing: 0.5px; color: #333333;\">Private response?</span><span style=\"box-sizing: border-box; -webkit-font-smoothing: antialiased; margin: 0px; padding: 0px; border: 0px; font-style: inherit; font-variant: inherit; font-weight: inherit; font-stretch: inherit; line-height: inherit; font-family: \'Open Sans\', sans-serif; font-size: 14px; vertical-align: baseline; letter-spacing: 0.5px; color: #333333;\">Private response?</span><span style=\"box-sizing: border-box; -webkit-font-smoothing: antialiased; margin: 0px; padding: 0px; border: 0px; font-style: inherit; font-variant: inherit; font-weight: inherit; font-stretch: inherit; line-height: inherit; font-family: \'Open Sans\', sans-serif; font-size: 14px; vertical-align: baseline; letter-spacing: 0.5px; color: #333333;\">rivate response?</span><span style=\"box-sizing: border-box; -webkit-font-smoothing: antialiased; margin: 0px; padding: 0px; border: 0px; font-style: inherit; font-variant: inherit; font-weight: inherit; font-stretch: inherit; line-height: inherit; font-family: \'Open Sans\', sans-serif; font-size: 14px; vertical-align: baseline; letter-spacing: 0.5px; color: #333333;\">Private response?</span><span style=\"box-sizing: border-box; -webkit-font-smoothing: antialiased; margin: 0px; padding: 0px; border: 0px; font-style: inherit; font-variant: inherit; font-weight: inherit; font-stretch: inherit; line-height: inherit; font-family: \'Open Sans\', sans-serif; font-size: 14px; vertical-align: baseline; letter-spacing: 0.5px; color: #333333;\">Private response?</span><span style=\"box-sizing: border-box; -webkit-font-smoothing: antialiased; margin: 0px; padding: 0px; border: 0px; font-style: inherit; font-variant: inherit; font-weight: inherit; font-stretch: inherit; line-height: inherit; font-family: \'Open Sans\', sans-serif; font-size: 14px; vertical-align: baseline; letter-spacing: 0.5px; color: #333333;\">Private response?</span><span style=\"box-sizing: border-box; -webkit-font-smoothing: antialiased; margin: 0px; padding: 0px; border: 0px; font-style: inherit; font-variant: inherit; font-weight: inherit; font-stretch: inherit; line-height: inherit; font-family: \'Open Sans\', sans-serif; font-size: 14px; vertical-align: baseline; letter-spacing: 0.5px; color: #333333;\">Private response?</span><span style=\"box-sizing: border-box; -webkit-font-smoothing: antialiased; margin: 0px; padding: 0px; border: 0px; font-style: inherit; font-variant: inherit; font-weight: inherit; font-stretch: inherit; line-height: inherit; font-family: \'Open Sans\', sans-serif; font-size: 14px; vertical-align: baseline; letter-spacing: 0.5px; color: #333333;\">Private response?</span><span style=\"box-sizing: border-box; -webkit-font-smoothing: antialiased; margin: 0px; padding: 0px; border: 0px; font-style: inherit; font-variant: inherit; font-weight: inherit; font-stretch: inherit; line-height: inherit; font-family: \'Open Sans\', sans-serif; font-size: 14px; vertical-align: baseline; letter-spacing: 0.5px; color: #333333;\">rivate response?</span><span style=\"box-sizing: border-box; -webkit-font-smoothing: antialiased; margin: 0px; padding: 0px; border: 0px; font-style: inherit; font-variant: inherit; font-weight: inherit; font-stretch: inherit; line-height: inherit; font-family: \'Open Sans\', sans-serif; font-size: 14px; vertical-align: baseline; letter-spacing: 0.5px; color: #333333;\">Private response?</span><span style=\"box-sizing: border-box; -webkit-font-smoothing: antialiased; margin: 0px; padding: 0px; border: 0px; font-style: inherit; font-variant: inherit; font-weight: inherit; font-stretch: inherit; line-height: inherit; font-family: \'Open Sans\', sans-serif; font-size: 14px; vertical-align: baseline; letter-spacing: 0.5px; color: #333333;\">Private response?</span><span style=\"box-sizing: border-box; -webkit-font-smoothing: antialiased; margin: 0px; padding: 0px; border: 0px; font-style: inherit; font-variant: inherit; font-weight: inherit; font-stretch: inherit; line-height: inherit; font-family: \'Open Sans\', sans-serif; font-size: 14px; vertical-align: baseline; letter-spacing: 0.5px; color: #333333;\">Private response?</span><span style=\"box-sizing: border-box; -webkit-font-smoothing: antialiased; margin: 0px; padding: 0px; border: 0px; font-style: inherit; font-variant: inherit; font-weight: inherit; font-stretch: inherit; line-height: inherit; font-family: \'Open Sans\', sans-serif; font-size: 14px; vertical-align: baseline; letter-spacing: 0.5px; color: #333333;\">Private response?</span><span style=\"box-sizing: border-box; -webkit-font-smoothing: antialiased; margin: 0px; padding: 0px; border: 0px; font-style: inherit; font-variant: inherit; font-weight: inherit; font-stretch: inherit; line-height: inherit; font-family: \'Open Sans\', sans-serif; font-size: 14px; vertical-align: baseline; letter-spacing: 0.5px; color: #333333;\">Private response?</span><span style=\"box-sizing: border-box; -webkit-font-smoothing: antialiased; margin: 0px; padding: 0px; border: 0px; font-style: inherit; font-variant: inherit; font-weight: inherit; font-stretch: inherit; line-height: inherit; font-family: \'Open Sans\', sans-serif; font-size: 14px; vertical-align: baseline; letter-spacing: 0.5px; color: #333333;\">rivate response</span></p>',	'2017-06-28 20:49:06',	'2017-06-28 20:49:06',	0,	0,	0),
(81,	8,	1,	'<p><span style=\"box-sizing: border-box; -webkit-font-smoothing: antialiased; margin: 0px; padding: 0px; border: 0px; font-style: inherit; font-variant: inherit; font-weight: inherit; font-stretch: inherit; line-height: inherit; font-family: \'Open Sans\', sans-serif; vertical-align: baseline; letter-spacing: 0.5px; color: #333333;\">Private response?</span><span style=\"box-sizing: border-box; -webkit-font-smoothing: antialiased; margin: 0px; padding: 0px; border: 0px; font-style: inherit; font-variant: inherit; font-weight: inherit; font-stretch: inherit; line-height: inherit; font-family: \'Open Sans\', sans-serif; vertical-align: baseline; letter-spacing: 0.5px; color: #333333;\">Private response?</span><span style=\"box-sizing: border-box; -webkit-font-smoothing: antialiased; margin: 0px; padding: 0px; border: 0px; font-style: inherit; font-variant: inherit; font-weight: inherit; font-stretch: inherit; line-height: inherit; font-family: \'Open Sans\', sans-serif; vertical-align: baseline; letter-spacing: 0.5px; color: #333333;\">Private response?</span><span style=\"box-sizing: border-box; -webkit-font-smoothing: antialiased; margin: 0px; padding: 0px; border: 0px; font-style: inherit; font-variant: inherit; font-weight: inherit; font-stretch: inherit; line-height: inherit; font-family: \'Open Sans\', sans-serif; vertical-align: baseline; letter-spacing: 0.5px; color: #333333;\">Private response?</span></p>',	'2017-06-28 20:52:55',	'2017-06-28 20:52:55',	0,	0,	0),
(82,	8,	1,	'<p>&nbsp;</p>\r\n<p style=\"box-sizing: border-box; -webkit-font-smoothing: antialiased; margin: 0px 0px 10px; padding: 0px; border: 0px; font-style: normal; font-variant-ligatures: normal; font-variant-caps: normal; font-variant-numeric: inherit; font-weight: normal; font-stretch: inherit; line-height: 20px; font-family: \'Open Sans\', sans-serif; font-size: 14px; vertical-align: baseline; color: #151a1f; letter-spacing: 0.5px; orphans: 2; text-align: left; text-indent: 0px; text-transform: none; white-space: normal; widows: 2; word-spacing: 0px; -webkit-text-stroke-width: 0px; background-color: #ffffff; text-decoration-style: initial; text-decoration-color: initial;\"><span style=\"box-sizing: border-box; -webkit-font-smoothing: antialiased; margin: 0px; padding: 0px; border: 0px; font-style: inherit; font-variant: inherit; font-weight: inherit; font-stretch: inherit; line-height: inherit; font-family: \'Open Sans\', sans-serif; font-size: 14px; vertical-align: baseline; letter-spacing: 0.5px; color: #333333;\">Private response?</span><span style=\"box-sizing: border-box; -webkit-font-smoothing: antialiased; margin: 0px; padding: 0px; border: 0px; font-style: inherit; font-variant: inherit; font-weight: inherit; font-stretch: inherit; line-height: inherit; font-family: \'Open Sans\', sans-serif; font-size: 14px; vertical-align: baseline; letter-spacing: 0.5px; color: #333333;\">Private response?</span><span style=\"box-sizing: border-box; -webkit-font-smoothing: antialiased; margin: 0px; padding: 0px; border: 0px; font-style: inherit; font-variant: inherit; font-weight: inherit; font-stretch: inherit; line-height: inherit; font-family: \'Open Sans\', sans-serif; font-size: 14px; vertical-align: baseline; letter-spacing: 0.5px; color: #333333;\">Private response?</span><span style=\"box-sizing: border-box; -webkit-font-smoothing: antialiased; margin: 0px; padding: 0px; border: 0px; font-style: inherit; font-variant: inherit; font-weight: inherit; font-stretch: inherit; line-height: inherit; font-family: \'Open Sans\', sans-serif; font-size: 14px; vertical-align: baseline; letter-spacing: 0.5px; color: #333333;\">Private response?</span></p>',	'2017-06-28 20:53:01',	'2017-06-28 20:53:01',	0,	0,	0),
(83,	8,	1,	'<p>&nbsp;</p>\r\n<p style=\"box-sizing: border-box; -webkit-font-smoothing: antialiased; margin: 0px 0px 10px; padding: 0px; border: 0px; font-style: normal; font-variant-ligatures: normal; font-variant-caps: normal; font-variant-numeric: inherit; font-weight: normal; font-stretch: inherit; line-height: 20px; font-family: \'Open Sans\', sans-serif; font-size: 14px; vertical-align: baseline; color: #151a1f; letter-spacing: 0.5px; orphans: 2; text-align: left; text-indent: 0px; text-transform: none; white-space: normal; widows: 2; word-spacing: 0px; -webkit-text-stroke-width: 0px; text-decoration-style: initial; text-decoration-color: initial; background-color: #ffffff;\"><span style=\"box-sizing: border-box; -webkit-font-smoothing: antialiased; margin: 0px; padding: 0px; border: 0px; font-style: inherit; font-variant: inherit; font-weight: inherit; font-stretch: inherit; line-height: inherit; font-family: \'Open Sans\', sans-serif; font-size: 14px; vertical-align: baseline; letter-spacing: 0.5px; color: #333333;\">Private response?</span><span style=\"box-sizing: border-box; -webkit-font-smoothing: antialiased; margin: 0px; padding: 0px; border: 0px; font-style: inherit; font-variant: inherit; font-weight: inherit; font-stretch: inherit; line-height: inherit; font-family: \'Open Sans\', sans-serif; font-size: 14px; vertical-align: baseline; letter-spacing: 0.5px; color: #333333;\">Private response?</span><span style=\"box-sizing: border-box; -webkit-font-smoothing: antialiased; margin: 0px; padding: 0px; border: 0px; font-style: inherit; font-variant: inherit; font-weight: inherit; font-stretch: inherit; line-height: inherit; font-family: \'Open Sans\', sans-serif; font-size: 14px; vertical-align: baseline; letter-spacing: 0.5px; color: #333333;\">Private response?</span><span style=\"box-sizing: border-box; -webkit-font-smoothing: antialiased; margin: 0px; padding: 0px; border: 0px; font-style: inherit; font-variant: inherit; font-weight: inherit; font-stretch: inherit; line-height: inherit; font-family: \'Open Sans\', sans-serif; font-size: 14px; vertical-align: baseline; letter-spacing: 0.5px; color: #333333;\">Private response?</span></p>',	'2017-06-28 20:59:56',	'2017-06-28 20:59:56',	0,	0,	1),
(84,	8,	1,	'<p>hello world</p>\n<p>Is Private? [1]</p>',	'2017-11-06 12:19:37',	'2017-11-06 12:19:54',	0,	0,	1);

DROP TABLE IF EXISTS `esi_chatter_user_discussion`;
CREATE TABLE `esi_chatter_user_discussion` (
  `user_id` int(10) unsigned NOT NULL,
  `discussion_id` int(10) unsigned NOT NULL,
  PRIMARY KEY (`user_id`,`discussion_id`),
  KEY `chatter_user_discussion_user_id_index` (`user_id`),
  KEY `chatter_user_discussion_discussion_id_index` (`discussion_id`),
  CONSTRAINT `chatter_user_discussion_discussion_id_foreign` FOREIGN KEY (`discussion_id`) REFERENCES `esi_chatter_discussion` (`id`) ON DELETE CASCADE,
  CONSTRAINT `chatter_user_discussion_user_id_foreign` FOREIGN KEY (`user_id`) REFERENCES `esi_users` (`id`) ON DELETE CASCADE
) ENGINE=InnoDB DEFAULT CHARSET=utf8 COLLATE=utf8_unicode_ci;

INSERT INTO `esi_chatter_user_discussion` (`user_id`, `discussion_id`) VALUES
(1,	10);

DROP TABLE IF EXISTS `esi_classrooms`;
CREATE TABLE `esi_classrooms` (
  `id` int(10) unsigned NOT NULL AUTO_INCREMENT,
  `school_id` int(10) unsigned NOT NULL,
  `name` varchar(255) COLLATE utf8_unicode_ci NOT NULL,
  PRIMARY KEY (`id`)
) ENGINE=InnoDB DEFAULT CHARSET=utf8 COLLATE=utf8_unicode_ci;

INSERT INTO `esi_classrooms` (`id`, `school_id`, `name`) VALUES
(1,	4,	'187'),
(2,	4,	'130'),
(3,	4,	'112'),
(4,	4,	'116'),
(5,	4,	'133'),
(6,	4,	'136'),
(7,	4,	'184'),
(8,	2,	'5'),
(9,	2,	'6'),
(10,	2,	'8'),
(11,	2,	'9'),
(12,	3,	'170'),
(13,	3,	'173'),
(14,	3,	'177'),
(15,	1,	'Preschool 1'),
(16,	1,	'Preschool 2'),
(17,	1,	'Preschool 3'),
(18,	1,	'Preschool 4');

DROP TABLE IF EXISTS `esi_commentables`;
CREATE TABLE `esi_commentables` (
  `comment_id` int(10) unsigned NOT NULL,
  `commentable_id` int(10) unsigned NOT NULL,
  `commentable_type` varchar(255) COLLATE utf8_unicode_ci NOT NULL
) ENGINE=InnoDB DEFAULT CHARSET=utf8 COLLATE=utf8_unicode_ci;

INSERT INTO `esi_commentables` (`comment_id`, `commentable_id`, `commentable_type`) VALUES
(1,	3,	'App\\Message'),
(2,	2,	'App\\LessonPlan'),
(3,	2,	'App\\LessonPlan'),
(4,	11,	'App\\Video'),
(5,	11,	'App\\Video'),
(6,	11,	'App\\Video'),
(7,	11,	'App\\Video'),
(8,	11,	'App\\Video'),
(9,	11,	'App\\Video'),
(10,	14,	'App\\Video'),
(11,	14,	'App\\Video'),
(12,	14,	'App\\Video'),
(13,	14,	'App\\Video'),
(14,	16,	'App\\Message'),
(15,	14,	'App\\Video'),
(16,	16,	'App\\Message'),
(17,	23,	'App\\Message'),
(18,	23,	'App\\Message'),
(19,	23,	'App\\Message'),
(20,	23,	'App\\Message'),
(21,	23,	'App\\Message'),
(22,	12,	'App\\Message'),
(23,	24,	'App\\Message'),
(24,	24,	'App\\Message'),
(25,	25,	'App\\Video'),
(26,	23,	'App\\Video'),
(27,	23,	'App\\Video'),
(28,	23,	'App\\Video'),
(29,	23,	'App\\Video'),
(30,	23,	'App\\Video'),
(31,	25,	'App\\Video'),
(32,	25,	'App\\Video'),
(33,	29,	'App\\Video'),
(33,	43,	'App\\Video'),
(34,	43,	'App\\Video'),
(35,	43,	'App\\Video'),
(36,	12,	'App\\LessonPlan'),
(37,	12,	'App\\LessonPlan'),
(38,	12,	'App\\LessonPlan'),
(39,	12,	'App\\LessonPlan'),
(40,	12,	'App\\LessonPlan'),
(41,	12,	'App\\LessonPlan'),
(42,	12,	'App\\LessonPlan'),
(43,	12,	'App\\LessonPlan'),
(44,	12,	'App\\LessonPlan'),
(45,	13,	'App\\LessonPlan'),
(46,	13,	'App\\LessonPlan'),
(47,	11,	'App\\LessonPlan'),
(48,	11,	'App\\LessonPlan'),
(49,	13,	'App\\LessonPlan'),
(50,	13,	'App\\LessonPlan'),
(51,	13,	'App\\LessonPlan'),
(52,	13,	'App\\LessonPlan'),
(53,	13,	'App\\LessonPlan'),
(54,	13,	'App\\LessonPlan'),
(55,	16,	'App\\LessonPlan'),
(56,	16,	'App\\LessonPlan'),
(57,	16,	'App\\LessonPlan'),
(58,	16,	'App\\LessonPlan'),
(59,	16,	'App\\LessonPlan'),
(60,	16,	'App\\LessonPlan'),
(61,	16,	'App\\LessonPlan'),
(62,	24,	'App\\Message'),
(62,	34,	'App\\Message'),
(63,	34,	'App\\Message'),
(64,	34,	'App\\Message'),
(65,	34,	'App\\Message'),
(66,	34,	'App\\Message'),
(67,	34,	'App\\Message'),
(68,	34,	'App\\Message'),
(69,	34,	'App\\Message'),
(70,	34,	'App\\Message'),
(71,	34,	'App\\Message'),
(72,	34,	'App\\Message'),
(73,	34,	'App\\Message'),
(74,	17,	'App\\LessonPlan'),
(75,	17,	'App\\LessonPlan'),
(76,	17,	'App\\LessonPlan'),
(77,	17,	'App\\LessonPlan'),
(78,	17,	'App\\LessonPlan'),
(79,	17,	'App\\LessonPlan'),
(80,	17,	'App\\LessonPlan'),
(81,	17,	'App\\LessonPlan'),
(82,	17,	'App\\LessonPlan'),
(83,	17,	'App\\LessonPlan'),
(84,	45,	'App\\Video'),
(85,	45,	'App\\Video'),
(86,	45,	'App\\Video'),
(87,	45,	'App\\Video'),
(88,	45,	'App\\Video'),
(89,	45,	'App\\Video'),
(90,	45,	'App\\Video'),
(91,	45,	'App\\Video'),
(92,	45,	'App\\Video'),
(93,	45,	'App\\Video'),
(94,	7,	'App\\LessonPlan'),
(95,	7,	'App\\LessonPlan'),
(96,	7,	'App\\LessonPlan'),
(97,	7,	'App\\LessonPlan'),
(98,	7,	'App\\LessonPlan'),
(99,	17,	'App\\LessonPlan'),
(100,	17,	'App\\LessonPlan'),
(101,	14,	'App\\Video'),
(102,	14,	'App\\Video'),
(103,	14,	'App\\Video'),
(104,	14,	'App\\Video'),
(105,	14,	'App\\Video'),
(106,	14,	'App\\Video'),
(107,	14,	'App\\Video'),
(108,	14,	'App\\Video'),
(109,	6,	'App\\Message'),
(110,	6,	'App\\Message'),
(111,	6,	'App\\Message'),
(112,	6,	'App\\Message'),
(113,	6,	'App\\Message'),
(114,	6,	'App\\Message'),
(115,	34,	'App\\Message'),
(116,	45,	'App\\Video'),
(117,	19,	'App\\LessonPlan'),
(118,	19,	'App\\LessonPlan'),
(119,	19,	'App\\LessonPlan'),
(120,	19,	'App\\LessonPlan'),
(121,	19,	'App\\LessonPlan'),
(122,	19,	'App\\LessonPlan'),
(123,	19,	'App\\LessonPlan'),
(124,	19,	'App\\LessonPlan'),
(125,	19,	'App\\LessonPlan'),
(126,	19,	'App\\LessonPlan'),
(127,	19,	'App\\LessonPlan'),
(128,	19,	'App\\LessonPlan'),
(129,	19,	'App\\LessonPlan'),
(130,	19,	'App\\LessonPlan'),
(131,	19,	'App\\LessonPlan'),
(132,	19,	'App\\LessonPlan'),
(133,	17,	'App\\LessonPlan'),
(134,	24,	'App\\LessonPlan'),
(135,	24,	'App\\LessonPlan'),
(136,	24,	'App\\LessonPlan'),
(137,	24,	'App\\LessonPlan'),
(138,	24,	'App\\LessonPlan'),
(139,	45,	'App\\Video'),
(140,	45,	'App\\Video'),
(141,	45,	'App\\Video'),
(142,	45,	'App\\Video'),
(143,	19,	'App\\LessonPlan'),
(144,	19,	'App\\LessonPlan'),
(145,	19,	'App\\LessonPlan'),
(146,	38,	'App\\Message'),
(147,	38,	'App\\Message'),
(148,	50,	'App\\Video'),
(149,	50,	'App\\Video'),
(150,	50,	'App\\Video'),
(151,	45,	'App\\Video'),
(152,	45,	'App\\Video'),
(153,	26,	'App\\LessonPlan'),
(154,	26,	'App\\LessonPlan'),
(155,	26,	'App\\LessonPlan'),
(156,	26,	'App\\LessonPlan'),
(157,	41,	'App\\Message'),
(158,	65,	'App\\Video'),
(159,	65,	'App\\Video'),
(160,	62,	'App\\Video'),
(161,	62,	'App\\Video'),
(162,	40,	'App\\Message'),
(163,	40,	'App\\Message'),
(164,	40,	'App\\Message'),
(165,	40,	'App\\Message'),
(166,	40,	'App\\Message'),
(167,	62,	'App\\Video'),
(168,	67,	'App\\Video'),
(169,	38,	'App\\Message'),
(170,	30,	'App\\LessonPlan'),
(171,	30,	'App\\LessonPlan'),
(172,	30,	'App\\LessonPlan'),
(173,	30,	'App\\LessonPlan'),
(174,	30,	'App\\LessonPlan'),
(175,	30,	'App\\LessonPlan'),
(176,	30,	'App\\LessonPlan'),
(177,	59,	'App\\Message'),
(178,	65,	'App\\Message'),
(179,	74,	'App\\Video'),
(180,	74,	'App\\Video'),
(181,	74,	'App\\Message'),
(182,	74,	'App\\Message'),
(183,	74,	'App\\Message'),
(184,	74,	'App\\Message'),
(185,	74,	'App\\Message'),
(186,	83,	'App\\Video'),
(187,	83,	'App\\Video'),
(188,	83,	'App\\Video'),
(189,	83,	'App\\Video'),
(190,	83,	'App\\Video'),
(191,	83,	'App\\Video'),
(192,	83,	'App\\Video'),
(193,	83,	'App\\Video'),
(194,	83,	'App\\Video'),
(195,	83,	'App\\Video'),
(196,	83,	'App\\Video'),
(197,	83,	'App\\Video'),
(198,	83,	'App\\Video'),
(199,	83,	'App\\Video'),
(200,	83,	'App\\Video'),
(201,	83,	'App\\Video'),
(202,	83,	'App\\Video'),
(203,	83,	'App\\Video'),
(204,	83,	'App\\Video'),
(205,	83,	'App\\Video'),
(206,	83,	'App\\Video'),
(207,	83,	'App\\Video'),
(208,	83,	'App\\Video'),
(209,	83,	'App\\Video'),
(210,	83,	'App\\Video'),
(211,	83,	'App\\Video'),
(212,	83,	'App\\Video'),
(213,	83,	'App\\Video'),
(214,	83,	'App\\Video'),
(215,	83,	'App\\Video'),
(216,	83,	'App\\Video'),
(217,	83,	'App\\Video'),
(218,	87,	'App\\Video'),
(219,	87,	'App\\Video'),
(220,	88,	'App\\Video'),
(221,	88,	'App\\Video'),
(222,	88,	'App\\Video'),
(223,	90,	'App\\Video'),
(224,	90,	'App\\Video'),
(225,	92,	'App\\Video'),
(226,	92,	'App\\Video'),
(227,	93,	'App\\Video'),
(228,	93,	'App\\Video'),
(229,	94,	'App\\Video'),
(230,	94,	'App\\Video'),
(231,	94,	'App\\Video'),
(232,	94,	'App\\Video'),
(233,	76,	'App\\Message'),
(234,	94,	'App\\Video'),
(235,	94,	'App\\Video'),
(236,	94,	'App\\Video'),
(237,	94,	'App\\Video'),
(238,	33,	'App\\LessonPlan'),
(239,	33,	'App\\LessonPlan'),
(240,	33,	'App\\LessonPlan'),
(241,	33,	'App\\LessonPlan'),
(242,	33,	'App\\LessonPlan'),
(243,	33,	'App\\LessonPlan'),
(244,	33,	'App\\LessonPlan'),
(245,	72,	'App\\Message'),
(246,	72,	'App\\Message'),
(247,	72,	'App\\Message'),
(248,	72,	'App\\Message'),
(249,	72,	'App\\Message'),
(250,	76,	'App\\Message'),
(251,	76,	'App\\Message'),
(252,	76,	'App\\Message'),
(253,	76,	'App\\Message'),
(254,	82,	'App\\Message'),
(255,	82,	'App\\Message'),
(256,	83,	'App\\Message'),
(257,	83,	'App\\Message'),
(258,	83,	'App\\Message'),
(259,	84,	'App\\Message'),
(260,	84,	'App\\Message'),
(261,	84,	'App\\Message'),
(262,	84,	'App\\Message'),
(263,	85,	'App\\Message'),
(264,	85,	'App\\Message'),
(265,	85,	'App\\Message'),
(266,	85,	'App\\Message'),
(267,	97,	'App\\Video'),
(268,	97,	'App\\Video'),
(269,	97,	'App\\Video'),
(270,	97,	'App\\Video'),
(271,	97,	'App\\Video'),
(272,	97,	'App\\Video'),
(273,	97,	'App\\Video'),
(274,	91,	'App\\Message'),
(275,	91,	'App\\Message'),
(276,	91,	'App\\Message'),
(277,	91,	'App\\Message'),
(278,	91,	'App\\Message'),
(279,	91,	'App\\Message'),
(280,	91,	'App\\Message'),
(281,	91,	'App\\Message'),
(282,	98,	'App\\Video'),
(283,	98,	'App\\Video'),
(284,	98,	'App\\Video'),
(285,	108,	'App\\Video'),
(286,	108,	'App\\Video'),
(287,	108,	'App\\Video'),
(288,	108,	'App\\Video'),
(289,	108,	'App\\Video'),
(290,	108,	'App\\Video'),
(291,	108,	'App\\Video'),
(292,	108,	'App\\Video'),
(293,	108,	'App\\Video'),
(294,	108,	'App\\Video'),
(295,	108,	'App\\Video'),
(296,	126,	'App\\Video'),
(297,	126,	'App\\Video'),
(298,	126,	'App\\Video'),
(299,	126,	'App\\Video'),
(300,	126,	'App\\Video'),
(301,	126,	'App\\Video'),
(302,	139,	'App\\Video'),
(303,	139,	'App\\Video'),
(304,	139,	'App\\Video'),
(305,	95,	'App\\Message'),
(306,	95,	'App\\Message'),
(307,	95,	'App\\Message'),
(308,	95,	'App\\Message'),
(309,	95,	'App\\Message'),
(310,	95,	'App\\Message'),
(311,	95,	'App\\Message'),
(312,	95,	'App\\Message'),
(313,	95,	'App\\Message'),
(314,	95,	'App\\Message'),
(315,	95,	'App\\Message'),
(316,	95,	'App\\Message'),
(317,	94,	'App\\Message'),
(318,	94,	'App\\Message'),
(319,	94,	'App\\Message'),
(320,	94,	'App\\Message'),
(321,	94,	'App\\Message'),
(322,	94,	'App\\Message'),
(323,	94,	'App\\Message'),
(324,	96,	'App\\Message'),
(325,	96,	'App\\Message'),
(326,	94,	'App\\Message'),
(327,	141,	'App\\Video'),
(328,	141,	'App\\Video'),
(329,	141,	'App\\Video'),
(330,	144,	'App\\Video'),
(331,	143,	'App\\Video'),
(332,	144,	'App\\Video'),
(333,	117,	'App\\Video'),
(334,	117,	'App\\Video'),
(335,	112,	'App\\Message'),
(336,	112,	'App\\Message'),
(337,	112,	'App\\Message'),
(338,	111,	'App\\Message'),
(339,	111,	'App\\Message'),
(340,	103,	'App\\Message'),
(341,	103,	'App\\Message'),
(342,	112,	'App\\Message'),
(343,	18,	'App\\LessonPlan'),
(344,	18,	'App\\LessonPlan'),
(345,	18,	'App\\LessonPlan'),
(346,	160,	'App\\Video'),
(347,	160,	'App\\Video'),
(348,	160,	'App\\Video'),
(349,	160,	'App\\Video'),
(350,	172,	'App\\Video'),
(351,	172,	'App\\Video'),
(352,	172,	'App\\Video'),
(353,	178,	'App\\Video'),
(354,	200,	'App\\Video'),
(355,	199,	'App\\Video'),
(356,	199,	'App\\Video'),
(357,	199,	'App\\Video'),
(358,	199,	'App\\Video'),
(359,	199,	'App\\Video'),
(360,	199,	'App\\Video'),
(361,	199,	'App\\Video'),
(362,	199,	'App\\Video'),
(363,	208,	'App\\Video'),
(364,	208,	'App\\Video'),
(365,	208,	'App\\Video'),
(366,	208,	'App\\Video'),
(367,	208,	'App\\Video'),
(368,	208,	'App\\Video'),
(369,	208,	'App\\Video'),
(370,	208,	'App\\Video'),
(371,	208,	'App\\Video'),
(372,	208,	'App\\Video'),
(373,	208,	'App\\Video'),
(374,	208,	'App\\Video'),
(375,	209,	'App\\Video'),
(376,	209,	'App\\Video'),
(377,	209,	'App\\Video'),
(378,	209,	'App\\Video'),
(379,	209,	'App\\Video'),
(380,	209,	'App\\Video'),
(381,	209,	'App\\Video'),
(382,	209,	'App\\Video'),
(383,	209,	'App\\Video'),
(384,	209,	'App\\Video'),
(385,	214,	'App\\Video'),
(386,	215,	'App\\Video'),
(387,	215,	'App\\Video'),
(388,	215,	'App\\Video'),
(389,	215,	'App\\Video'),
(390,	215,	'App\\Video'),
(391,	112,	'App\\Message'),
(392,	221,	'App\\Video'),
(393,	221,	'App\\Video'),
(394,	221,	'App\\Video'),
(395,	112,	'App\\Message'),
(396,	226,	'App\\Video'),
(397,	227,	'App\\Video'),
(398,	226,	'App\\Video'),
(399,	226,	'App\\Video'),
(400,	226,	'App\\Video'),
(401,	226,	'App\\Video'),
(402,	239,	'App\\Video'),
(403,	239,	'App\\Video'),
(404,	239,	'App\\Video'),
(405,	239,	'App\\Video'),
(406,	239,	'App\\Video'),
(407,	239,	'App\\Video'),
(408,	113,	'App\\Message'),
(409,	113,	'App\\Message'),
(410,	113,	'App\\Message'),
(411,	113,	'App\\Message'),
(412,	113,	'App\\Message'),
(413,	113,	'App\\Message'),
(414,	113,	'App\\Message'),
(415,	113,	'App\\Message'),
(416,	113,	'App\\Message'),
(417,	113,	'App\\Message'),
(418,	113,	'App\\Message'),
(419,	113,	'App\\Message'),
(420,	113,	'App\\Message'),
(421,	236,	'App\\Video'),
(422,	236,	'App\\Video'),
(423,	114,	'App\\Message'),
(424,	114,	'App\\Message'),
(425,	114,	'App\\Message'),
(426,	114,	'App\\Message'),
(427,	114,	'App\\Message'),
(428,	115,	'App\\Message'),
(429,	116,	'App\\Message'),
(430,	116,	'App\\Message'),
(431,	116,	'App\\Message'),
(432,	116,	'App\\Message'),
(433,	116,	'App\\Message'),
(434,	61,	'App\\VideoDiscussionQuestionAnswer'),
(435,	61,	'App\\VideoDiscussionQuestionAnswer'),
(436,	61,	'App\\VideoDiscussionQuestionAnswer'),
(437,	61,	'App\\VideoDiscussionQuestionAnswer'),
(438,	61,	'App\\VideoDiscussionQuestionAnswer'),
(439,	66,	'App\\VideoDiscussionQuestionAnswer'),
(440,	68,	'App\\VideoDiscussionQuestionAnswer'),
(441,	69,	'App\\VideoDiscussionQuestionAnswer'),
(442,	70,	'App\\VideoDiscussionQuestionAnswer'),
(443,	77,	'App\\VideoDiscussionQuestionAnswer'),
(444,	93,	'App\\VideoDiscussionQuestionAnswer'),
(445,	93,	'App\\VideoDiscussionQuestionAnswer'),
(446,	94,	'App\\VideoDiscussionQuestionAnswer'),
(447,	94,	'App\\VideoDiscussionQuestionAnswer'),
(448,	118,	'App\\Message'),
(449,	118,	'App\\Message'),
(450,	118,	'App\\Message'),
(451,	118,	'App\\Message'),
(452,	118,	'App\\Message'),
(453,	118,	'App\\Message'),
(454,	118,	'App\\Message'),
(455,	118,	'App\\Message'),
(456,	118,	'App\\Message'),
(457,	118,	'App\\Message'),
(458,	118,	'App\\Message'),
(459,	98,	'App\\VideoDiscussionQuestionAnswer'),
(460,	99,	'App\\VideoDiscussionQuestionAnswer'),
(461,	98,	'App\\VideoDiscussionQuestionAnswer'),
(462,	101,	'App\\VideoDiscussionQuestionAnswer'),
(463,	119,	'App\\Message'),
(464,	119,	'App\\Message'),
(465,	119,	'App\\Message'),
(466,	119,	'App\\Message'),
(467,	119,	'App\\Message'),
(468,	119,	'App\\Message'),
(469,	104,	'App\\VideoDiscussionQuestionAnswer'),
(470,	104,	'App\\VideoDiscussionQuestionAnswer'),
(471,	105,	'App\\VideoDiscussionQuestionAnswer'),
(472,	105,	'App\\VideoDiscussionQuestionAnswer'),
(473,	104,	'App\\VideoDiscussionQuestionAnswer'),
(474,	106,	'App\\VideoDiscussionQuestionAnswer'),
(475,	106,	'App\\VideoDiscussionQuestionAnswer'),
(476,	108,	'App\\VideoDiscussionQuestionAnswer'),
(477,	108,	'App\\VideoDiscussionQuestionAnswer'),
(478,	108,	'App\\VideoDiscussionQuestionAnswer'),
(479,	120,	'App\\Message'),
(480,	120,	'App\\Message'),
(481,	114,	'App\\VideoDiscussionQuestionAnswer'),
(482,	107,	'App\\VideoDiscussionQuestionAnswer'),
(483,	119,	'App\\Message'),
(484,	58,	'App\\VideoDiscussionQuestionAnswer'),
(485,	120,	'App\\Message'),
(486,	121,	'App\\Message'),
(487,	121,	'App\\Message'),
(488,	59,	'App\\VideoDiscussionQuestionAnswer'),
(489,	119,	'App\\VideoDiscussionQuestionAnswer'),
(490,	116,	'App\\Message'),
(491,	116,	'App\\Message'),
(492,	116,	'App\\Message'),
(493,	122,	'App\\Message'),
(494,	122,	'App\\Message'),
(495,	129,	'App\\Message'),
(496,	129,	'App\\Message'),
(497,	129,	'App\\Message'),
(498,	129,	'App\\Message'),
(499,	129,	'App\\Message'),
(500,	129,	'App\\Message'),
(501,	129,	'App\\Message'),
(502,	129,	'App\\Message'),
(503,	129,	'App\\Message'),
(504,	129,	'App\\Message'),
(505,	129,	'App\\Message'),
(506,	129,	'App\\Message'),
(507,	129,	'App\\Message'),
(508,	129,	'App\\Message'),
(509,	129,	'App\\Message'),
(510,	132,	'App\\Message'),
(511,	132,	'App\\Message'),
(512,	130,	'App\\VideoDiscussionQuestionAnswer'),
(513,	131,	'App\\VideoDiscussionQuestionAnswer'),
(514,	133,	'App\\Message'),
(515,	133,	'App\\Message'),
(516,	133,	'App\\Message'),
(517,	133,	'App\\Message'),
(518,	135,	'App\\Message'),
(519,	135,	'App\\Message'),
(520,	135,	'App\\Message'),
(521,	136,	'App\\Message'),
(522,	134,	'App\\VideoDiscussionQuestionAnswer'),
(523,	134,	'App\\VideoDiscussionQuestionAnswer'),
(524,	143,	'App\\Message'),
(525,	143,	'App\\Message'),
(526,	143,	'App\\Message'),
(527,	143,	'App\\Message'),
(528,	143,	'App\\Message'),
(529,	143,	'App\\Message'),
(530,	143,	'App\\Message'),
(531,	143,	'App\\Message'),
(532,	143,	'App\\Message'),
(533,	143,	'App\\Message'),
(534,	143,	'App\\Message'),
(535,	143,	'App\\Message'),
(536,	143,	'App\\Message'),
(537,	143,	'App\\Message'),
(538,	143,	'App\\Message'),
(539,	143,	'App\\Message'),
(540,	144,	'App\\Message'),
(541,	144,	'App\\Message'),
(542,	144,	'App\\Message'),
(543,	144,	'App\\Message'),
(544,	144,	'App\\Message'),
(545,	144,	'App\\Message'),
(546,	144,	'App\\Message'),
(547,	144,	'App\\Message'),
(548,	144,	'App\\Message'),
(549,	144,	'App\\Message'),
(550,	144,	'App\\Message'),
(551,	144,	'App\\Message'),
(552,	144,	'App\\Message'),
(553,	144,	'App\\Message'),
(554,	144,	'App\\Message'),
(555,	144,	'App\\Message'),
(556,	144,	'App\\Message'),
(557,	144,	'App\\Message'),
(558,	144,	'App\\Message'),
(559,	144,	'App\\Message'),
(560,	139,	'App\\VideoDiscussionQuestionAnswer'),
(561,	164,	'App\\VideoDiscussionQuestionAnswer'),
(562,	164,	'App\\VideoDiscussionQuestionAnswer'),
(563,	165,	'App\\VideoDiscussionQuestionAnswer'),
(564,	165,	'App\\VideoDiscussionQuestionAnswer'),
(565,	167,	'App\\VideoDiscussionQuestionAnswer'),
(566,	180,	'App\\VideoDiscussionQuestionAnswer'),
(567,	180,	'App\\VideoDiscussionQuestionAnswer'),
(568,	182,	'App\\VideoDiscussionQuestionAnswer'),
(569,	180,	'App\\VideoDiscussionQuestionAnswer'),
(570,	184,	'App\\VideoDiscussionQuestionAnswer'),
(571,	184,	'App\\VideoDiscussionQuestionAnswer'),
(572,	187,	'App\\VideoDiscussionQuestionAnswer'),
(573,	104,	'App\\Message'),
(574,	104,	'App\\Message'),
(575,	104,	'App\\Message'),
(576,	174,	'App\\VideoDiscussionQuestionAnswer'),
(577,	174,	'App\\VideoDiscussionQuestionAnswer'),
(578,	174,	'App\\VideoDiscussionQuestionAnswer'),
(579,	174,	'App\\VideoDiscussionQuestionAnswer'),
(580,	174,	'App\\VideoDiscussionQuestionAnswer'),
(581,	182,	'App\\VideoDiscussionQuestionAnswer'),
(582,	184,	'App\\VideoDiscussionQuestionAnswer'),
(583,	70,	'App\\Resource'),
(584,	70,	'App\\Resource'),
(585,	70,	'App\\Resource'),
(586,	70,	'App\\Resource'),
(587,	70,	'App\\Resource'),
(588,	70,	'App\\Resource'),
(589,	211,	'App\\ProgressBar'),
(590,	211,	'App\\ProgressBar'),
(591,	211,	'App\\ProgressBar'),
(592,	211,	'App\\ProgressBar'),
(593,	211,	'App\\ProgressBar');

DROP TABLE IF EXISTS `esi_comments`;
CREATE TABLE `esi_comments` (
  `id` int(10) unsigned NOT NULL AUTO_INCREMENT,
  `author_id` int(10) unsigned NOT NULL,
  `content` text COLLATE utf8_unicode_ci NOT NULL,
  `approved` tinyint(1) NOT NULL,
  `created_at` timestamp NOT NULL DEFAULT '0000-00-00 00:00:00',
  `updated_at` timestamp NOT NULL DEFAULT '0000-00-00 00:00:00',
  `type` varchar(255) COLLATE utf8_unicode_ci DEFAULT NULL,
  `comment_date` date DEFAULT NULL,
  `parent_id` int(11) DEFAULT NULL,
  PRIMARY KEY (`id`)
) ENGINE=InnoDB DEFAULT CHARSET=utf8 COLLATE=utf8_unicode_ci;

INSERT INTO `esi_comments` (`id`, `author_id`, `content`, `approved`, `created_at`, `updated_at`, `type`, `comment_date`, `parent_id`) VALUES
(2,	1,	'hey look at these guys!',	1,	'2016-05-26 23:30:47',	'2016-05-26 23:30:47',	'admin',	NULL,	NULL),
(3,	1,	'comment comment comment',	1,	'2016-05-26 23:30:56',	'2016-05-26 23:30:56',	'user',	NULL,	NULL),
(4,	79,	'what do you guys think of these video? ',	1,	'2016-07-22 23:40:39',	'2016-07-22 23:40:39',	'user',	NULL,	NULL),
(5,	78,	' <a href=\"#\" class=\"stamp-link\" data-target=\"61\">@1:01</a> teacher plays music with infant, yay!  ',	1,	'2016-07-25 18:37:02',	'2016-07-25 18:37:02',	'user',	NULL,	NULL),
(6,	80,	'Happiest classroom on earth!  <a href=\"#\" class=\"stamp-link\" data-target=\"13\">@0:13</a>  ',	1,	'2016-07-25 18:52:41',	'2016-07-25 18:52:41',	'user',	NULL,	NULL),
(7,	79,	'@DorothySanchez\n ',	1,	'2016-07-25 19:15:22',	'2016-07-25 19:15:22',	'user',	NULL,	NULL),
(8,	79,	'@Patty Gaona\n ',	1,	'2016-07-25 19:15:34',	'2016-07-25 19:15:34',	'user',	NULL,	NULL),
(9,	79,	'flkdsfsnfk ',	1,	'2016-08-25 20:21:27',	'2016-08-25 20:21:27',	'user',	NULL,	NULL),
(10,	130,	'can we?> ',	1,	'2016-10-19 22:16:21',	'2016-10-19 22:16:21',	'user',	NULL,	NULL),
(11,	130,	'This is a great video! ',	1,	'2016-10-20 21:41:44',	'2016-10-20 21:41:44',	'admin',	NULL,	NULL),
(12,	79,	'Hello everyone!! \n ',	1,	'2016-10-20 21:42:24',	'2016-10-20 21:42:24',	'user',	NULL,	NULL),
(13,	130,	'Take a look <a href=\"#\" class=\"stamp-link\" data-target=\"19\">@0:19</a>  ',	1,	'2016-10-20 21:56:33',	'2016-10-20 21:56:33',	'user',	NULL,	NULL),
(15,	130,	'He was very excited! <a href=\"#\" class=\"stamp-link\" data-target=\"23\">@0:23</a>  ',	1,	'2016-10-21 22:15:01',	'2016-10-21 22:15:01',	'user',	NULL,	NULL),
(17,	88,	'Thank you for sharing the article! I think this is a great resource to share with our teachers. Often times, I think teachers face many barriers to asking great questions. I think especially for those working with infants and toddlers, we are worried about asking questions that are over the children\'s heads or that the experiences will lead to questions that the teachers themselves cannot answer. Although this is a great moment to engage in parallel learning with the children, the teachers may not like how vulnerable they feel in that moment. I really enjoyed the section on how and why questions. This is something that this initiative has helped me to think about in terms of moving my teachers away from just \'what the children know\' but also to helping the children explain how or why they came to that conclusion. I think the article gives some effective strategies to consider when using this line of questions. Lastly, I found it helpful to have more information than simply saying, \'use more open-ended questions\' with children. Although our teachers know what this means, it can be hard to come up with different questions. The examples listed are very tangible and could really assist our teachers with helping the children deepen their learning.\nMaegan',	1,	'2016-11-18 00:53:40',	'2016-11-18 00:53:40',	NULL,	NULL,	NULL),
(18,	47,	'I agree with Maegan.  I found it really interesting the way the article broke down the types of questions.  As I read these, it made me think of very specific teachers that I could share the different \"types\" of questions with.  I think that teachers sometimes get so caught up in trying to ask open-ended questions that they tend to not ask any questions at all. I believe that sharing this article will help them to think more about effective questions.  ',	1,	'2016-11-21 20:45:41',	'2016-11-21 20:45:41',	NULL,	NULL,	NULL),
(19,	88,	'This is Sommer.....having issues with getting logged into the website so I am logged in as Maegan.\nThis article really made me think about different types of questions we can be asking children. I can see teachers utilizing this article for more stimulating ways to ask questions that asks children to show rather than answer the question. Instead of predictable answers, these questions can bring out fresh insights and ideas, opening minds and enabling teachers and children to build knowledge together. I can see myself sharing this article with my teachers to deepen their understanding of asking questions.',	1,	'2016-11-29 20:26:03',	'2016-11-29 20:26:03',	NULL,	NULL,	NULL),
(20,	6,	'I enjoyed this article also and agree with all the comments posted so far.  This article made me think that the asking of questions by adults to children needs to be a mindful, intentional action if it is going to promote children\'s thinking and reasoning skills.  Closed-ended questions or \"impossible-to-answer\" questions just shut children down and often stop the play/exploration/experimenting that was occurring before the dreaded question was asked.  Teachers have the best intentions, as do parents, but what they don\'t realize is that asking quiz type questions doesn\'t result in the child learning anything; it seems to make US feel better, that we\'re \"teaching\" and doing our job.  The types of questions described in the article seem to follow a progression, maybe even somewhat a developmental progression if we think about infants, toddlers, preschoolers, and beyond.  The attention-focusing questions occur while children are exploring and getting to know materials, a step that has to happen according to the author before more complex explorations and questions can even make sense.  That makes sense to me!  My favorite sentence in the article is about when children ask questions: \"When children ask, they indicate that they want to know, and when they want to know, they are interested.\"  Maybe this is where it all has to start, with the child \"asking\" a question, whether verbally or non-verbally.  ',	1,	'2016-11-29 20:49:33',	'2016-11-29 20:49:33',	NULL,	NULL,	NULL),
(21,	133,	'When I first started reading the article, I was thrown off by the comment that wrong questions begin with things such as why, how or what.  It was interesting to continue reading and see that questions that typically begin with those words tend to cause anxiety in others because they may not have the correct answer to give.  To then go further with simply adding, Why do you think makes such huge sense!  The children are then able to identify what their reasoning is without having to worry about whether they are right or wrong about the question.  I love that we are able to also share this with infant and toddler teachers.  If our young infant and toddler children are exposed to this language and line of reasoning and encouraging of thought provocations at earlier ages, it will be amazing to see what they are then able to do once they get to preschool and can fully verbalize their reasoning and explanations.  This was a great article that really helps define questions and how we can further childrens learning and exploration.',	1,	'2016-12-01 01:00:08',	'2016-12-01 01:00:08',	NULL,	NULL,	NULL),
(22,	1,	'hi',	1,	'2016-12-05 16:23:04',	'2016-12-05 16:23:04',	NULL,	NULL,	NULL),
(23,	47,	'As I sat and watched in my classrooms, I found myself really listening for those questions.  In one classroom, the teachers were asking questions \"all the time.\"  When a child would say, \"I wore my new coat today.\"  Instead of just saying, \"I like your new coat.\"  The teacher said, \"I see you have a new coat.  I wore a coat today too.  I wonder why we both wore coats.\"  The teacher and child went on to have a back and forth exchange about the cold and wearing coats.  \nIn another room, a child was trying to get a tower to stand up, but it kept falling as they put the fourth block on.  The teacher watched this several times.  Instead of just telling the child the block on the bottom was too small, she stated a wondering, \"Hmm, I wonder why that tower keeps falling?  What could we try to make it stand up?\"  Two other children joined in and they had a rich discussion about different things to try.  When they came upon a solution, putting a bigger block on the bottom, the teacher stated the question and solution for the children.  Who were very pleased with the fact that they were able to figure it out together.  \nRight now, all three of my preschool rooms are very interested in the weather.  There is a great deal of discussion about cold and when it might snow.  And, of course, all the things they will do in the snow once it comes.  My toddler room is quite interested in water right now.  They are exploring putting water in different sized containers and also putting water outside and talking about stability and change.  \n',	1,	'2016-12-14 02:26:08',	'2016-12-14 02:26:08',	NULL,	NULL,	NULL),
(24,	1,	'Hi Michelle!\nIt sounds like your teachers and children are doing some great thinking, wondering, and exploring. Your examples nicely show how a teachers\' questions prompt children\'s actions. It seems like you observed \"how\", \"why\", and \"problem posing\" types of questions. I wonder if, after posing such open ended questions teachers also asked other types of questions (e.g., comparison questions, action questions) to scaffold children\'s thinking about their answers to those questions. For example, in working with the tower, did teachers ask, \"which one is bigger?\", or \"what happens if we put the larger block on the bottom?\"\n\n\n\n\n',	1,	'2016-12-15 01:06:48',	'2016-12-15 01:06:48',	NULL,	NULL,	NULL),
(25,	1,	'test ',	1,	'2017-06-22 19:59:26',	'2017-06-22 19:59:26',	'user',	NULL,	NULL),
(28,	1,	'kgjhg ',	1,	'2017-06-22 20:27:18',	'2017-06-22 20:27:18',	'user',	NULL,	NULL),
(30,	1,	'dfdfh ',	1,	'2017-06-22 20:49:52',	'2017-06-22 20:49:52',	'user',	NULL,	NULL),
(31,	1,	'test!! ',	1,	'2017-06-26 16:05:54',	'2017-06-26 16:05:54',	'user',	NULL,	NULL),
(32,	1,	'dfgj!!!! ',	1,	'2017-06-26 16:05:59',	'2017-06-26 16:05:59',	'user',	NULL,	NULL),
(33,	1,	'qe ',	1,	'2017-07-10 14:38:31',	'2017-07-10 14:38:31',	'user',	NULL,	NULL),
(34,	1,	'hello world!!',	1,	'2017-07-10 15:11:36',	'2017-07-10 15:11:36',	'user',	NULL,	NULL),
(37,	1,	'tyryrt',	1,	'2017-07-16 03:59:46',	'2017-07-16 03:59:46',	'{\"id\":6,\"machine_name\":\"super_admin\",\"display_name\":\"Super Admin\"}',	NULL,	NULL),
(38,	1,	'erttert',	1,	'2017-07-16 03:59:48',	'2017-07-16 03:59:48',	'{\"id\":6,\"machine_name\":\"super_admin\",\"display_name\":\"Super Admin\"}',	NULL,	NULL),
(39,	1,	'qwdqwd',	1,	'2017-07-16 04:02:43',	'2017-07-16 04:02:43',	'{\"id\":6,\"machine_name\":\"super_admin\",\"display_name\":\"Super Admin\"}',	NULL,	NULL),
(40,	1,	'erterte',	1,	'2017-07-16 04:02:46',	'2017-07-16 04:02:46',	'{\"id\":6,\"machine_name\":\"super_admin\",\"display_name\":\"Super Admin\"}',	NULL,	NULL),
(41,	1,	'sdfgdf',	1,	'2017-07-16 04:03:00',	'2017-07-16 04:03:00',	'admin',	NULL,	NULL),
(42,	1,	'asdfasdf',	1,	'2017-07-16 04:03:02',	'2017-07-16 04:03:02',	'admin',	NULL,	NULL),
(44,	1,	'ADMIN COMMENT',	1,	'2017-07-16 04:04:59',	'2017-07-16 04:04:59',	'admin',	NULL,	NULL),
(45,	1,	'ascascas',	1,	'2017-07-17 15:58:25',	'2017-07-17 15:58:25',	'{\"id\":6,\"machine_name\":\"super_admin\",\"display_name\":\"Super Admin\"}',	NULL,	NULL),
(46,	1,	'ascascsa',	1,	'2017-07-17 15:58:28',	'2017-07-17 15:58:28',	'{\"id\":6,\"machine_name\":\"super_admin\",\"display_name\":\"Super Admin\"}',	NULL,	NULL),
(47,	150,	'cghj',	1,	'2017-07-17 15:59:03',	'2017-07-17 15:59:03',	'{\"id\":3,\"machine_name\":\"master_teacher\",\"display_name\":\"Master Teacher\"}',	NULL,	NULL),
(48,	150,	'dfgjdfh',	1,	'2017-07-17 15:59:04',	'2017-07-17 15:59:04',	'{\"id\":3,\"machine_name\":\"master_teacher\",\"display_name\":\"Master Teacher\"}',	NULL,	NULL),
(49,	1,	'dfhsfdhsh',	1,	'2017-07-17 16:50:23',	'2017-07-17 16:50:23',	'',	NULL,	NULL),
(50,	1,	'sdfsdf',	1,	'2017-07-17 16:54:51',	'2017-07-17 16:54:51',	'',	NULL,	NULL),
(51,	1,	'SRFR',	1,	'2017-07-17 16:55:01',	'2017-07-17 16:55:01',	'',	NULL,	NULL),
(52,	1,	'truetuertur',	1,	'2017-07-17 16:56:45',	'2017-07-17 16:56:45',	'',	NULL,	NULL),
(53,	1,	'HELLO!',	1,	'2017-07-17 17:37:22',	'2017-07-17 17:37:22',	'',	'2017-07-12',	NULL),
(54,	1,	'HELLO 2 WITH DATE!',	1,	'2017-07-17 17:38:10',	'2017-07-17 17:38:10',	'',	'2017-05-10',	NULL),
(55,	150,	'<p>This is an Activity comment!</p>\n',	1,	'2017-07-18 17:53:32',	'2017-07-18 17:53:32',	'',	'2017-07-07',	NULL),
(56,	150,	'<p>wertwertwert</p>\n',	1,	'2017-07-18 18:10:37',	'2017-07-18 18:10:37',	'',	'2017-07-13',	NULL),
(58,	150,	'<p>ery5475</p>\n',	1,	'2017-07-18 18:16:49',	'2017-07-18 18:16:49',	'',	'2017-07-13',	NULL),
(59,	150,	'<p>ery5475</p>\n',	1,	'2017-07-18 18:16:51',	'2017-07-18 18:16:51',	'',	'2017-07-13',	NULL),
(60,	150,	'<p>ery5475</p>\n',	1,	'2017-07-18 18:16:58',	'2017-07-18 18:16:58',	'',	'2017-07-13',	NULL),
(61,	150,	'<p>ery5475</p>\n',	1,	'2017-07-18 18:17:04',	'2017-07-18 18:17:04',	'',	'2017-07-13',	NULL),
(62,	132,	'<p><span style=\"color:#8e44ad\"><span style=\"font-size:18px\">Hi. responding to message.</span></span></p>\n',	1,	'2017-07-25 20:28:44',	'2017-07-25 20:28:44',	NULL,	NULL,	NULL),
(63,	132,	'<p><span style=\"color:#8e44ad\"><span style=\"font-size:18px\">Hi. responding to message.</span></span></p>\n',	1,	'2017-07-25 20:29:02',	'2017-07-25 20:29:02',	NULL,	NULL,	NULL),
(64,	132,	'<p><span style=\"color:#8e44ad\"><span style=\"font-size:18px\">Hi. responding to message.</span></span></p>\n',	1,	'2017-07-25 20:29:12',	'2017-07-25 20:29:12',	NULL,	NULL,	NULL),
(65,	132,	'<p><span style=\"color:#8e44ad\"><span style=\"font-size:18px\">Hi. responding to message.</span></span></p>\n',	1,	'2017-07-25 20:29:20',	'2017-07-25 20:29:20',	NULL,	NULL,	NULL),
(66,	79,	'<p>hello there</p>\n',	1,	'2017-07-25 20:29:26',	'2017-07-25 20:29:26',	NULL,	NULL,	NULL),
(67,	79,	'<p>hello there</p>\n',	1,	'2017-07-25 20:29:26',	'2017-07-25 20:29:26',	NULL,	NULL,	NULL),
(68,	79,	'<p>hello there</p>\n',	1,	'2017-07-25 20:32:10',	'2017-07-25 20:32:10',	NULL,	NULL,	NULL),
(69,	79,	'<p>hello there</p>\n',	1,	'2017-07-25 20:32:10',	'2017-07-25 20:32:10',	NULL,	NULL,	NULL),
(70,	79,	'<p>hello there</p>\n',	1,	'2017-07-25 20:33:21',	'2017-07-25 20:33:21',	NULL,	NULL,	NULL),
(71,	79,	'<p>hello there</p>\r\n',	1,	'2017-07-25 20:33:59',	'2017-07-25 20:33:59',	NULL,	NULL,	NULL),
(72,	79,	'<p>hello there</p>\n',	1,	'2017-07-25 20:38:45',	'2017-07-25 20:38:45',	NULL,	NULL,	NULL),
(73,	79,	'<p>hello there<img alt=\"cool\" src=\"http://educare.inreact-um-esi.us-east-2.elasticbeanstalk.com/js/ckeditor/plugins/smiley/images/shades_smile.png\" style=\"height:23px; width:23px\" title=\"cool\" /></p>\n',	1,	'2017-07-25 20:38:45',	'2017-07-25 20:38:45',	NULL,	NULL,	NULL),
(74,	1,	'<p>Hello</p>\n',	1,	'2017-07-26 18:07:36',	'2017-07-26 18:07:36',	'',	'1992-06-26',	NULL),
(75,	1,	'<p>Hello</p>\n',	1,	'2017-07-26 18:07:37',	'2017-07-26 18:07:37',	'',	'1992-06-26',	NULL),
(76,	1,	'<p>Bye</p>\n',	1,	'2017-07-26 18:10:13',	'2017-07-26 18:10:13',	'',	'1957-02-01',	NULL),
(77,	1,	'<p>Bye</p>\n',	1,	'2017-07-26 18:10:21',	'2017-07-26 18:10:21',	'',	'1957-02-01',	NULL),
(78,	1,	'<p>lets sing</p>\n',	1,	'2017-07-26 18:51:16',	'2017-07-26 18:51:16',	'admin',	NULL,	NULL),
(79,	1,	'<p>lets sing</p>\n',	1,	'2017-07-26 18:51:21',	'2017-07-26 18:51:21',	'admin',	NULL,	NULL),
(80,	1,	'<p>lets sing</p>\n',	1,	'2017-07-26 18:51:22',	'2017-07-26 18:51:22',	'admin',	NULL,	NULL),
(81,	1,	'<p>lets sing</p>\n',	1,	'2017-07-26 18:51:23',	'2017-07-26 18:51:23',	'admin',	NULL,	NULL),
(82,	1,	'<p>lets sing</p>\n',	1,	'2017-07-26 18:51:23',	'2017-07-26 18:51:23',	'admin',	NULL,	NULL),
(83,	1,	'<p>lets sing</p>\n',	1,	'2017-07-26 18:51:23',	'2017-07-26 18:51:23',	'admin',	NULL,	NULL),
(88,	1,	' ',	1,	'2017-08-03 20:37:39',	'2017-08-03 20:37:39',	'admin',	NULL,	NULL),
(89,	1,	'<p>hello!</p> ',	1,	'2017-08-03 20:37:40',	'2017-08-03 20:37:40',	'admin',	NULL,	NULL),
(90,	1,	' ',	1,	'2017-08-03 20:37:40',	'2017-08-03 20:37:40',	'admin',	NULL,	NULL),
(91,	1,	' ',	1,	'2017-08-03 20:37:40',	'2017-08-03 20:37:40',	'admin',	NULL,	NULL),
(92,	1,	' ',	1,	'2017-08-03 20:42:50',	'2017-08-03 20:42:50',	'admin',	NULL,	NULL),
(93,	1,	' ',	1,	'2017-08-03 20:43:28',	'2017-08-03 20:43:28',	'admin',	NULL,	NULL),
(94,	79,	'<p>Hello!&nbsp;</p>',	1,	'2017-08-09 18:10:31',	'2017-08-09 18:10:31',	'',	'2017-08-09',	NULL),
(95,	79,	'<p>Hello!&nbsp;</p>',	1,	'2017-08-09 18:10:35',	'2017-08-09 18:10:35',	'',	'2017-08-09',	NULL),
(96,	79,	'<p>Hello!&nbsp;</p>',	1,	'2017-08-09 18:12:42',	'2017-08-09 18:12:42',	'',	'2017-08-09',	NULL),
(97,	79,	'<p>Hello!&nbsp;</p>',	1,	'2017-08-09 18:12:42',	'2017-08-09 18:12:42',	'',	'2017-08-09',	NULL),
(98,	79,	'<p>Hello!&nbsp;</p>',	1,	'2017-08-09 18:12:43',	'2017-08-09 18:12:43',	'',	'2017-08-09',	NULL),
(99,	79,	'<p>Great job</p>',	1,	'2017-08-09 18:26:44',	'2017-08-09 18:26:44',	'',	'2017-08-09',	NULL),
(100,	79,	'<p>Great job</p>',	1,	'2017-08-09 18:27:23',	'2017-08-09 18:27:23',	'',	'2017-08-09',	NULL),
(101,	79,	' ',	1,	'2017-08-10 19:50:29',	'2017-08-10 19:50:29',	'admin',	NULL,	NULL),
(102,	79,	' ',	1,	'2017-08-10 19:50:34',	'2017-08-10 19:50:34',	'admin',	NULL,	NULL),
(103,	79,	' ',	1,	'2017-08-10 19:50:39',	'2017-08-10 19:50:39',	'admin',	NULL,	NULL),
(104,	79,	' ',	1,	'2017-08-10 19:50:40',	'2017-08-10 19:50:40',	'admin',	NULL,	NULL),
(105,	79,	' ',	1,	'2017-08-10 19:50:40',	'2017-08-10 19:50:40',	'admin',	NULL,	NULL),
(106,	79,	'<p>I agree!</p> ',	1,	'2017-08-10 19:50:40',	'2017-08-10 19:50:40',	'admin',	NULL,	NULL),
(107,	79,	' ',	1,	'2017-08-10 19:50:40',	'2017-08-10 19:50:40',	'admin',	NULL,	NULL),
(108,	79,	' ',	1,	'2017-08-10 19:50:46',	'2017-08-10 19:50:46',	'admin',	NULL,	NULL),
(109,	79,	'<p>Hello!</p>',	1,	'2017-08-11 03:15:40',	'2017-08-11 03:15:40',	NULL,	NULL,	NULL),
(110,	79,	'<p>Hello!</p>',	1,	'2017-08-11 03:15:40',	'2017-08-11 03:15:40',	NULL,	NULL,	NULL),
(111,	79,	'<p>Hello!</p>',	1,	'2017-08-11 03:15:40',	'2017-08-11 03:15:40',	NULL,	NULL,	NULL),
(112,	79,	'<p>Hello!</p>',	1,	'2017-08-11 03:15:41',	'2017-08-11 03:15:41',	NULL,	NULL,	NULL),
(113,	79,	'<p>Hello!</p>',	1,	'2017-08-11 03:15:41',	'2017-08-11 03:15:41',	NULL,	NULL,	NULL),
(114,	79,	'<p>Hello!</p>',	1,	'2017-08-11 03:15:42',	'2017-08-11 03:15:42',	NULL,	NULL,	NULL),
(116,	1,	' ',	1,	'2017-08-11 18:42:04',	'2017-08-11 18:42:04',	'admin',	NULL,	NULL),
(119,	1,	'<p>This is a test comment.&nbsp;</p>',	1,	'2017-08-14 18:39:09',	'2017-08-14 18:39:09',	'',	'0000-00-00',	NULL),
(120,	1,	'<p>This is a test comment.&nbsp;</p>',	1,	'2017-08-14 18:39:19',	'2017-08-14 18:39:19',	'',	'2017-08-14',	NULL),
(121,	1,	'<p>This is a second test comment.&nbsp;</p>',	1,	'2017-08-14 18:49:26',	'2017-08-14 18:49:26',	'',	'2017-08-14',	NULL),
(122,	1,	'<p>Test: in order for the comment to post, you have to double click the \"record activity\" button.&nbsp;</p>',	1,	'2017-08-14 18:50:43',	'2017-08-14 18:50:43',	'',	'2017-08-14',	NULL),
(123,	1,	'<p>Test: this is to see what happens next.&nbsp;</p>',	1,	'2017-08-14 18:51:17',	'2017-08-14 18:51:17',	'',	'2017-08-14',	NULL),
(124,	1,	'<p>Test - this is internet explorer</p>',	1,	'2017-08-14 18:56:51',	'2017-08-14 18:56:51',	'',	'0000-00-00',	NULL),
(125,	1,	'<p>test 2</p>',	1,	'2017-08-14 19:09:26',	'2017-08-14 19:09:26',	'',	'2017-08-14',	NULL),
(126,	1,	'<p>test 2</p>',	1,	'2017-08-14 19:09:26',	'2017-08-14 19:09:26',	'',	'2017-08-14',	NULL),
(127,	1,	'<p>test 2</p>',	1,	'2017-08-14 19:09:40',	'2017-08-14 19:09:40',	'',	'2017-08-14',	NULL),
(129,	1,	'<p>Test IE</p>',	1,	'2017-08-15 14:45:46',	'2017-08-15 14:45:46',	'admin',	NULL,	NULL),
(130,	1,	'<p>Test: Chrome&nbsp;</p>',	1,	'2017-08-15 14:45:46',	'2017-08-15 14:45:46',	'admin',	NULL,	NULL),
(131,	1,	'<p>Test: Chrome&nbsp;</p>',	1,	'2017-08-15 14:45:51',	'2017-08-15 14:45:51',	'admin',	NULL,	NULL),
(132,	1,	'<p>Test IE</p>',	1,	'2017-08-15 14:46:29',	'2017-08-15 14:46:29',	'admin',	NULL,	NULL),
(133,	1,	'<p>comment&nbsp;</p>',	1,	'2017-08-17 15:03:20',	'2017-08-17 15:03:20',	'',	'2017-08-17',	NULL),
(134,	1,	'<p>hello this is an admin comment</p>',	1,	'2017-08-17 15:32:19',	'2017-08-17 15:32:19',	'admin',	NULL,	NULL),
(135,	1,	'<p>hello this is an admin comment</p>',	1,	'2017-08-17 15:32:20',	'2017-08-17 15:32:20',	'admin',	NULL,	NULL),
(136,	1,	'<p>hello this is an admin comment</p>',	1,	'2017-08-17 15:32:30',	'2017-08-17 15:32:30',	'admin',	NULL,	NULL),
(137,	1,	'<p>hello this is an admin comment</p>',	1,	'2017-08-17 15:33:07',	'2017-08-17 15:33:07',	'admin',	NULL,	NULL),
(138,	1,	'<p>hello this is an admin comment</p>',	1,	'2017-08-17 15:33:07',	'2017-08-17 15:33:07',	'admin',	NULL,	NULL),
(139,	1,	' ',	1,	'2017-08-17 21:38:59',	'2017-08-17 21:38:59',	'admin',	NULL,	NULL),
(140,	1,	' ',	1,	'2017-08-17 21:38:59',	'2017-08-17 21:38:59',	'admin',	NULL,	NULL),
(141,	1,	' ',	1,	'2017-08-18 17:46:25',	'2017-08-18 17:46:25',	'admin',	NULL,	NULL),
(144,	1,	'<p>Test comment 2 8/21/17</p>',	1,	'2017-08-21 15:30:57',	'2017-08-21 15:30:57',	'',	'2017-08-21',	NULL),
(145,	1,	'<p>New comment 8/21/17</p>',	1,	'2017-08-21 15:42:11',	'2017-08-21 15:42:11',	'admin',	NULL,	NULL),
(146,	1,	'<p>Comment 12:45&nbsp;</p>',	1,	'2017-08-21 16:45:28',	'2017-08-21 16:45:28',	NULL,	NULL,	NULL),
(150,	1,	' ',	1,	'2017-08-23 18:39:20',	'2017-08-23 18:39:20',	'admin',	NULL,	NULL),
(151,	1,	' ',	1,	'2017-08-24 15:11:46',	'2017-08-24 15:11:46',	'admin',	NULL,	NULL),
(152,	1,	' ',	1,	'2017-08-24 15:11:48',	'2017-08-24 15:11:48',	'admin',	NULL,	NULL),
(153,	1,	'<p>Test comment 1</p>',	1,	'2017-08-25 15:35:03',	'2017-08-25 15:35:03',	'',	'2017-08-25',	NULL),
(154,	1,	'<p><u><strong>Test comment 2&nbsp;</strong></u>&nbsp;<img title=\"smiley\" alt=\"smiley\" width=\"23\" height=\"23\" src=\"http://educare.inreact-um-esi.us-east-2.elasticbeanstalk.com/js/ckeditor/plugins/smiley/images/regular_smile.png\" /></p>',	1,	'2017-08-25 15:36:45',	'2017-08-25 15:36:45',	'',	'2017-08-25',	NULL),
(155,	1,	'<p>Test comment without a date&nbsp;</p>',	1,	'2017-08-25 15:37:42',	'2017-08-25 15:37:42',	'',	'0000-00-00',	NULL),
(156,	1,	'<ul><li><u><em><strong>Test admin comment 1</strong></em></u>&nbsp;</li></ul>',	1,	'2017-08-25 15:41:16',	'2017-08-25 15:41:16',	'admin',	NULL,	NULL),
(157,	1,	'<p>this is a new comment</p>',	1,	'2017-08-28 17:39:47',	'2017-08-28 17:39:47',	NULL,	NULL,	NULL),
(158,	1,	' ',	1,	'2017-09-20 18:13:27',	'2017-09-20 18:13:27',	'admin',	NULL,	NULL),
(160,	1,	'comment test  ',	1,	'2017-09-20 20:55:30',	'2017-09-20 20:55:30',	'admin',	NULL,	NULL),
(163,	1,	'h',	1,	'2017-09-20 21:00:55',	'2017-09-20 21:00:55',	NULL,	NULL,	NULL),
(164,	1,	'h',	1,	'2017-09-20 21:00:56',	'2017-09-20 21:00:56',	NULL,	NULL,	NULL),
(165,	1,	'h',	1,	'2017-09-20 21:00:58',	'2017-09-20 21:00:58',	NULL,	NULL,	NULL),
(166,	1,	'h',	1,	'2017-09-20 21:01:00',	'2017-09-20 21:01:00',	NULL,	NULL,	NULL),
(167,	1,	' ',	1,	'2017-09-20 21:08:34',	'2017-09-20 21:08:34',	'admin',	NULL,	NULL),
(168,	1,	'Comment ',	1,	'2017-09-21 14:59:43',	'2017-09-21 14:59:43',	'admin',	NULL,	NULL),
(169,	1,	'hello\n',	1,	'2017-09-21 18:53:50',	'2017-09-21 18:53:50',	NULL,	NULL,	NULL),
(170,	1,	'<p>comment 1&nbsp;</p>',	1,	'2017-09-25 12:42:56',	'2017-09-25 12:42:56',	'',	'0000-00-00',	NULL),
(171,	1,	'<p>comment 2</p>',	1,	'2017-09-25 12:47:20',	'2017-09-25 12:47:20',	'',	'2017-09-25',	NULL),
(173,	1,	'Test Comment 1',	1,	'2017-09-25 19:38:40',	'2017-09-25 19:38:40',	'admin',	NULL,	NULL),
(174,	1,	'Test comment 2',	1,	'2017-09-25 19:41:00',	'2017-09-25 19:41:00',	'admin',	NULL,	NULL),
(175,	1,	'<p>Test Comment 3</p>',	1,	'2017-09-25 19:44:00',	'2017-09-25 19:44:00',	'',	'0000-00-00',	NULL),
(176,	1,	'<p>Test Comment 4</p>',	1,	'2017-09-26 12:21:39',	'2017-09-26 12:21:39',	'',	'0000-00-00',	NULL),
(177,	1,	'test',	1,	'2017-09-28 19:06:22',	'2017-09-28 19:06:22',	NULL,	NULL,	NULL),
(178,	1,	'hello',	1,	'2017-09-29 17:24:02',	'2017-09-29 17:24:02',	NULL,	NULL,	NULL),
(179,	1,	'This test video is of animals  ',	1,	'2017-10-03 09:18:15',	'2017-10-03 09:18:15',	'admin',	NULL,	NULL),
(181,	1,	'Comment 1',	1,	'2017-10-03 11:48:50',	'2017-10-03 11:48:50',	NULL,	NULL,	NULL),
(182,	1,	'Comment 2',	1,	'2017-10-03 11:48:55',	'2017-10-03 11:48:55',	NULL,	NULL,	NULL),
(183,	1,	'Comment 3',	1,	'2017-10-03 11:49:00',	'2017-10-03 11:49:00',	NULL,	NULL,	NULL),
(184,	1,	'Comment 4',	1,	'2017-10-03 11:49:04',	'2017-10-03 11:49:04',	NULL,	NULL,	NULL),
(186,	150,	'hello ',	1,	'2017-10-04 15:18:27',	'2017-10-04 15:18:27',	'admin',	NULL,	NULL),
(187,	150,	'aWRQWER ',	1,	'2017-10-04 15:23:58',	'2017-10-04 15:23:58',	'admin',	NULL,	NULL),
(188,	150,	' ',	1,	'2017-10-04 15:23:59',	'2017-10-04 15:23:59',	'admin',	NULL,	NULL),
(189,	150,	' ',	1,	'2017-10-04 15:23:59',	'2017-10-04 15:23:59',	'admin',	NULL,	NULL),
(190,	150,	' ',	1,	'2017-10-04 15:24:01',	'2017-10-04 15:24:01',	'admin',	NULL,	NULL),
(191,	150,	' ',	1,	'2017-10-04 15:24:01',	'2017-10-04 15:24:01',	'admin',	NULL,	NULL),
(192,	150,	' ',	1,	'2017-10-04 15:24:01',	'2017-10-04 15:24:01',	'admin',	NULL,	NULL),
(193,	150,	' ',	1,	'2017-10-04 15:24:01',	'2017-10-04 15:24:01',	'admin',	NULL,	NULL),
(194,	150,	' ',	1,	'2017-10-04 15:24:01',	'2017-10-04 15:24:01',	'admin',	NULL,	NULL),
(195,	150,	' ',	1,	'2017-10-04 15:24:01',	'2017-10-04 15:24:01',	'admin',	NULL,	NULL),
(196,	150,	' ',	1,	'2017-10-04 15:24:02',	'2017-10-04 15:24:02',	'admin',	NULL,	NULL),
(197,	150,	' ',	1,	'2017-10-04 15:24:02',	'2017-10-04 15:24:02',	'admin',	NULL,	NULL),
(198,	150,	'RTUERT ',	1,	'2017-10-04 15:24:20',	'2017-10-04 15:24:20',	'admin',	NULL,	NULL),
(199,	150,	' ',	1,	'2017-10-04 15:24:20',	'2017-10-04 15:24:20',	'admin',	NULL,	NULL),
(200,	150,	' ',	1,	'2017-10-04 15:24:21',	'2017-10-04 15:24:21',	'admin',	NULL,	NULL),
(201,	150,	' ',	1,	'2017-10-04 15:24:21',	'2017-10-04 15:24:21',	'admin',	NULL,	NULL),
(202,	150,	' ',	1,	'2017-10-04 15:24:21',	'2017-10-04 15:24:21',	'admin',	NULL,	NULL),
(203,	150,	' ',	1,	'2017-10-04 15:24:22',	'2017-10-04 15:24:22',	'admin',	NULL,	NULL),
(204,	150,	' ',	1,	'2017-10-04 15:24:23',	'2017-10-04 15:24:23',	'admin',	NULL,	NULL),
(205,	150,	' ',	1,	'2017-10-04 15:24:23',	'2017-10-04 15:24:23',	'admin',	NULL,	NULL),
(206,	150,	' ',	1,	'2017-10-04 15:24:24',	'2017-10-04 15:24:24',	'admin',	NULL,	NULL),
(207,	150,	' ',	1,	'2017-10-04 15:24:27',	'2017-10-04 15:24:27',	'admin',	NULL,	NULL),
(208,	150,	' ',	1,	'2017-10-04 15:24:28',	'2017-10-04 15:24:28',	'admin',	NULL,	NULL),
(209,	150,	' ',	1,	'2017-10-04 15:24:28',	'2017-10-04 15:24:28',	'admin',	NULL,	NULL),
(210,	150,	' ',	1,	'2017-10-04 15:24:28',	'2017-10-04 15:24:28',	'admin',	NULL,	NULL),
(211,	150,	' ',	1,	'2017-10-04 15:24:30',	'2017-10-04 15:24:30',	'admin',	NULL,	NULL),
(212,	150,	' ',	1,	'2017-10-04 15:24:31',	'2017-10-04 15:24:31',	'admin',	NULL,	NULL),
(213,	150,	' ',	1,	'2017-10-04 15:24:31',	'2017-10-04 15:24:31',	'admin',	NULL,	NULL),
(214,	150,	' ',	1,	'2017-10-04 15:24:31',	'2017-10-04 15:24:31',	'admin',	NULL,	NULL),
(215,	150,	' ',	1,	'2017-10-04 15:24:31',	'2017-10-04 15:24:31',	'admin',	NULL,	NULL),
(216,	150,	'LKJNLKJ ',	1,	'2017-10-04 15:24:34',	'2017-10-04 15:24:34',	'admin',	NULL,	NULL),
(217,	150,	'serwer ',	1,	'2017-10-04 15:30:25',	'2017-10-04 15:30:25',	'admin',	NULL,	NULL),
(218,	1,	'Hello ',	1,	'2017-10-06 12:59:10',	'2017-10-06 12:59:10',	'admin',	NULL,	NULL),
(219,	1,	'Second comment ',	1,	'2017-10-06 12:59:44',	'2017-10-06 12:59:44',	'admin',	NULL,	NULL),
(220,	1,	'Comment 1\n ',	1,	'2017-10-09 12:47:33',	'2017-10-09 12:47:33',	'admin',	NULL,	NULL),
(221,	1,	'Comment 2\n ',	1,	'2017-10-09 12:47:43',	'2017-10-09 12:47:43',	'admin',	NULL,	NULL),
(223,	1,	'Comment 1 ',	1,	'2017-10-10 12:22:46',	'2017-10-10 12:22:46',	'admin',	NULL,	NULL),
(224,	1,	'Comment 2 ',	1,	'2017-10-10 12:23:08',	'2017-10-10 12:23:08',	'admin',	NULL,	NULL),
(225,	1,	'Hello, world! ',	1,	'2017-10-16 11:24:50',	'2017-10-16 11:24:50',	'admin',	NULL,	NULL),
(226,	1,	'Hello, world! ',	1,	'2017-10-16 11:24:50',	'2017-10-16 11:24:50',	'admin',	NULL,	NULL),
(227,	1,	'test! ',	1,	'2017-10-16 12:16:11',	'2017-10-16 12:16:11',	'admin',	NULL,	NULL),
(228,	1,	'a subcomment! ',	1,	'2017-10-16 12:24:39',	'2017-10-16 12:24:39',	'admin',	NULL,	NULL),
(229,	1,	'hello! ',	1,	'2017-10-16 12:47:58',	'2017-10-16 12:47:58',	'admin',	NULL,	NULL),
(231,	1,	'This is a \"Parent Comment\"! ',	1,	'2017-10-16 13:10:29',	'2017-10-16 13:10:29',	'admin',	NULL,	NULL),
(232,	1,	'This is a \"Child Comment\". ',	1,	'2017-10-16 13:10:52',	'2017-10-16 13:10:52',	'admin',	NULL,	231),
(234,	1,	'Dynamic sub comment!! ',	1,	'2017-10-16 14:06:24',	'2017-10-16 14:06:24',	'admin',	NULL,	NULL),
(235,	1,	'Sub-comment? ',	1,	'2017-10-16 14:06:40',	'2017-10-16 14:06:40',	'admin',	NULL,	NULL),
(236,	1,	'hello! ',	1,	'2017-10-16 14:09:02',	'2017-10-16 14:09:02',	'admin',	NULL,	NULL),
(237,	1,	'SUBCOMMENT! ',	1,	'2017-10-16 14:15:32',	'2017-10-16 14:15:32',	'admin',	NULL,	231),
(238,	1,	'Test comment!',	1,	'2017-10-16 14:24:30',	'2017-10-16 14:24:30',	'admin',	NULL,	NULL),
(239,	1,	'wyry45y',	1,	'2017-10-16 14:27:45',	'2017-10-16 14:27:45',	'admin',	NULL,	NULL),
(240,	1,	'TEST!',	1,	'2017-10-16 14:34:43',	'2017-10-16 14:34:43',	'admin',	NULL,	NULL),
(241,	1,	'TEST!',	1,	'2017-10-16 14:34:53',	'2017-10-16 14:34:53',	'admin',	NULL,	NULL),
(242,	1,	'sdfasdf',	1,	'2017-10-16 14:36:31',	'2017-10-16 14:36:31',	'admin',	NULL,	NULL),
(243,	1,	'TEST!',	1,	'2017-10-16 14:54:49',	'2017-10-16 14:54:49',	'admin',	NULL,	NULL),
(244,	1,	'dfgsdfgd',	1,	'2017-10-16 14:55:27',	'2017-10-16 14:55:27',	'admin',	NULL,	NULL),
(245,	1,	'teast',	1,	'2017-10-16 15:11:50',	'2017-10-16 15:11:50',	NULL,	NULL,	NULL),
(246,	1,	'hello!',	1,	'2017-10-16 15:11:59',	'2017-10-16 15:11:59',	NULL,	NULL,	NULL),
(247,	1,	'fef',	1,	'2017-10-16 15:15:09',	'2017-10-16 15:15:09',	NULL,	NULL,	NULL),
(248,	1,	'trhegh',	1,	'2017-10-16 15:17:14',	'2017-10-16 15:17:14',	NULL,	NULL,	NULL),
(249,	1,	'tyjty',	1,	'2017-10-16 15:19:07',	'2017-10-16 15:19:07',	NULL,	NULL,	NULL),
(250,	1,	'xfgdhjfgd',	1,	'2017-10-16 15:20:35',	'2017-10-16 15:20:35',	NULL,	NULL,	NULL),
(251,	1,	'sdfgsdfgs',	1,	'2017-10-16 15:20:36',	'2017-10-16 15:20:36',	NULL,	NULL,	NULL),
(252,	1,	'HELLO!',	1,	'2017-10-16 15:20:49',	'2017-10-16 15:20:49',	NULL,	NULL,	NULL),
(253,	1,	'NESTED!',	1,	'2017-10-16 15:21:49',	'2017-10-16 15:21:49',	NULL,	NULL,	252),
(254,	1,	'hello, world!',	1,	'2017-10-17 12:48:56',	'2017-10-17 12:48:56',	NULL,	NULL,	NULL),
(255,	1,	'why hello!',	1,	'2017-10-17 12:51:50',	'2017-10-17 12:51:50',	NULL,	NULL,	254),
(256,	1,	'Morbi ullamcorper blandit semper. In vel magna vitae libero vehicula condimentum. Aliquam erat volutpat. Quisque a orci nec velit iaculis vehicula. Morbi in facilisis justo. Nullam ultrices, mauris non consequat consectetur, lectus nibh sollicitudin orci, a euismod leo massa tristique sem. Nunc interdum tortor a blandit pharetra. Duis cursus commodo magna at condimentum. In eget mattis leo. Class aptent taciti sociosqu ad litora torquent per conubia nostra, per inceptos himenaeos. Ut pellentesque ultrices turpis tincidunt maximus. Curabitur condimentum nisi sit amet urna facilisis condimentum. Integer tincidunt in orci nec dignissim. Cras varius justo eget erat aliquet ullamcorper. Vestibulum ut massa sagittis, varius nulla eu, gravida velit. Aliquam ornare luctus sapien, at elementum velit consectetur vitae.\n\n',	1,	'2017-10-17 12:52:42',	'2017-10-17 12:52:42',	NULL,	NULL,	NULL),
(257,	1,	'Morbi ullamcorper blandit semper. In vel magna vitae libero vehicula condimentum. Aliquam erat volutpat. Quisque a orci nec velit iaculis vehicula. Morbi in facilisis justo. Nullam ultrices, mauris non consequat consectetur, lectus nibh sollicitudin orci, a euismod leo massa tristique sem. Nunc interdum tortor a blandit pharetra. Duis cursus commodo magna at condimentum. In eget mattis leo. Class aptent taciti sociosqu ad litora torquent per conubia nostra, per inceptos himenaeos. Ut pellentesque ultrices turpis tincidunt maximus. Curabitur condimentum nisi sit amet urna facilisis condimentum. Integer tincidunt in orci nec dignissim. Cras varius justo eget erat aliquet ullamcorper. Vestibulum ut massa sagittis, varius nulla eu, gravida velit. Aliquam ornare luctus sapien, at elementum velit consectetur vitae.\n\n',	1,	'2017-10-17 12:53:25',	'2017-10-17 12:53:25',	NULL,	NULL,	NULL),
(258,	1,	'Morbi ullamcorper blandit semper. In vel magna vitae libero vehicula condimentum. Aliquam erat volutpat. Quisque a orci nec velit iaculis vehicula. Morbi in facilisis justo. Nullam ultrices, mauris non consequat consectetur, lectus nibh sollicitudin orci, a euismod leo massa tristique sem. Nunc interdum tortor a blandit pharetra. Duis cursus commodo magna at condimentum. In eget mattis leo. Class aptent taciti sociosqu ad litora torquent per conubia nostra, per inceptos himenaeos. Ut pellentesque ultrices turpis tincidunt maximus. Curabitur condimentum nisi sit amet urna facilisis condimentum. Integer tincidunt in orci nec dignissim. Cras varius justo eget erat aliquet ullamcorper. Vestibulum ut massa sagittis, varius nulla eu, gravida velit. Aliquam ornare luctus sapien, at elementum velit consectetur vitae.\n\n',	1,	'2017-10-17 12:53:29',	'2017-10-17 12:53:29',	NULL,	NULL,	NULL),
(259,	1,	'asdasd',	1,	'2017-10-18 11:19:41',	'2017-10-18 11:19:41',	NULL,	NULL,	NULL),
(260,	1,	'asda',	1,	'2017-10-18 11:19:42',	'2017-10-18 11:19:42',	NULL,	NULL,	NULL),
(261,	1,	'dasd',	1,	'2017-10-18 11:19:43',	'2017-10-18 11:19:43',	NULL,	NULL,	NULL),
(262,	1,	'asdas',	1,	'2017-10-18 11:19:44',	'2017-10-18 11:19:44',	NULL,	NULL,	NULL),
(265,	1,	'l;ijn',	1,	'2017-10-18 11:29:22',	'2017-10-18 11:29:22',	NULL,	NULL,	NULL),
(267,	1,	'Comment 1 ',	1,	'2017-10-20 09:14:13',	'2017-10-20 09:14:13',	'admin',	NULL,	NULL),
(269,	1,	'Comment 3 ',	1,	'2017-10-20 09:14:56',	'2017-10-20 09:14:56',	'admin',	NULL,	NULL),
(272,	1,	'Comment 1.1 ',	1,	'2017-10-20 09:16:50',	'2017-10-20 09:16:50',	'admin',	NULL,	267),
(273,	1,	'Comment 3.1 ',	1,	'2017-10-20 09:18:23',	'2017-10-20 09:18:23',	'admin',	NULL,	269),
(274,	1,	'Comment 1 ',	1,	'2017-10-20 09:44:18',	'2017-10-20 09:44:18',	NULL,	NULL,	NULL),
(275,	1,	'Comment 1.1',	1,	'2017-10-20 09:44:31',	'2017-10-20 09:44:31',	NULL,	NULL,	274),
(276,	1,	'Comment 2',	1,	'2017-10-20 09:45:03',	'2017-10-20 09:45:03',	NULL,	NULL,	NULL),
(277,	1,	'Comment 3',	1,	'2017-10-20 09:45:09',	'2017-10-20 09:45:09',	NULL,	NULL,	NULL),
(279,	1,	'Comment 2.1',	1,	'2017-10-20 09:45:22',	'2017-10-20 09:45:22',	NULL,	NULL,	276),
(280,	1,	'Comment 3.1',	1,	'2017-10-20 09:45:33',	'2017-10-20 09:45:33',	NULL,	NULL,	277),
(282,	1,	'comment 1 ',	1,	'2017-10-24 12:56:48',	'2017-10-24 12:56:48',	'admin',	NULL,	NULL),
(284,	1,	'comment 1.1 ',	1,	'2017-10-24 12:58:34',	'2017-10-24 12:58:34',	'admin',	NULL,	282),
(285,	1,	'lgu ',	1,	'2017-11-01 13:04:13',	'2017-11-01 13:04:13',	'admin',	NULL,	NULL),
(286,	1,	'hello ',	1,	'2017-11-01 13:04:20',	'2017-11-01 13:04:20',	'admin',	NULL,	NULL),
(287,	1,	'hello ',	1,	'2017-11-01 13:12:42',	'2017-11-01 13:12:42',	'admin',	NULL,	285),
(288,	1,	'helo ',	1,	'2017-11-01 13:13:57',	'2017-11-01 13:13:57',	'admin',	NULL,	NULL),
(289,	1,	'hello ',	1,	'2017-11-01 13:14:03',	'2017-11-01 13:14:03',	'admin',	NULL,	NULL),
(290,	1,	'lkjglkjg ',	1,	'2017-11-01 13:16:21',	'2017-11-01 13:16:21',	'admin',	NULL,	NULL),
(292,	1,	'hi ',	1,	'2017-11-02 15:02:23',	'2017-11-02 15:02:23',	'admin',	NULL,	NULL),
(294,	1,	'hello again ',	1,	'2017-11-02 15:06:51',	'2017-11-02 15:06:51',	'admin',	NULL,	292),
(295,	1,	'hello to you again  ',	1,	'2017-11-02 15:08:21',	'2017-11-02 15:08:21',	'admin',	NULL,	289),
(296,	155,	'Comment 1 ',	1,	'2017-11-03 10:57:07',	'2017-11-03 10:57:07',	'admin',	NULL,	NULL),
(297,	155,	'Hello comment 1 ',	1,	'2017-11-03 10:57:51',	'2017-11-03 10:57:51',	'admin',	NULL,	296),
(298,	155,	'Reply 2 ',	1,	'2017-11-03 11:01:25',	'2017-11-03 11:01:25',	'admin',	NULL,	296),
(299,	155,	'Comment 2 ',	1,	'2017-11-03 11:02:44',	'2017-11-03 11:02:44',	'admin',	NULL,	NULL),
(300,	155,	'Hello 2 ',	1,	'2017-11-03 11:03:36',	'2017-11-03 11:03:36',	'admin',	NULL,	299),
(301,	155,	'Comment delete ',	1,	'2017-11-03 11:05:43',	'2017-11-03 11:05:43',	'admin',	NULL,	NULL),
(302,	1,	'hello  ',	1,	'2017-11-06 10:54:19',	'2017-11-06 10:54:19',	'admin',	NULL,	NULL),
(303,	1,	'hi ',	1,	'2017-11-06 10:54:40',	'2017-11-06 10:54:40',	'admin',	NULL,	NULL),
(304,	1,	'hello to you too ',	1,	'2017-11-06 10:55:07',	'2017-11-06 10:55:07',	'admin',	NULL,	302),
(305,	1,	'hello',	1,	'2017-11-07 09:42:16',	'2017-11-07 09:42:16',	NULL,	NULL,	NULL),
(306,	1,	'hi to you too ',	1,	'2017-11-07 09:42:23',	'2017-11-07 09:42:23',	NULL,	NULL,	NULL),
(307,	1,	'you suck ',	1,	'2017-11-07 09:42:29',	'2017-11-07 09:42:29',	NULL,	NULL,	NULL),
(308,	1,	'one ',	1,	'2017-11-07 09:42:38',	'2017-11-07 09:42:38',	NULL,	NULL,	NULL),
(309,	1,	'two ',	1,	'2017-11-07 09:42:42',	'2017-11-07 09:42:42',	NULL,	NULL,	NULL),
(310,	1,	'two ',	1,	'2017-11-07 09:42:47',	'2017-11-07 09:42:47',	NULL,	NULL,	NULL),
(311,	1,	'three',	1,	'2017-11-07 09:42:50',	'2017-11-07 09:42:50',	NULL,	NULL,	NULL),
(312,	1,	'four',	1,	'2017-11-07 09:42:53',	'2017-11-07 09:42:53',	NULL,	NULL,	NULL),
(313,	1,	'no',	1,	'2017-11-07 09:43:04',	'2017-11-07 09:43:04',	NULL,	NULL,	307),
(314,	1,	'3.1',	1,	'2017-11-07 09:43:18',	'2017-11-07 09:43:18',	NULL,	NULL,	311),
(315,	1,	'3.1',	1,	'2017-11-07 09:43:18',	'2017-11-07 09:43:18',	NULL,	NULL,	311),
(316,	1,	'2.1',	1,	'2017-11-07 09:43:25',	'2017-11-07 09:43:25',	NULL,	NULL,	309),
(317,	154,	'Hi, how are you?',	1,	'2017-11-07 09:46:40',	'2017-11-07 09:46:40',	NULL,	NULL,	NULL),
(318,	1,	'I\'m good, how are you?',	1,	'2017-11-07 09:47:03',	'2017-11-07 09:47:03',	NULL,	NULL,	317),
(321,	1,	'hello again',	1,	'2017-11-07 09:57:03',	'2017-11-07 09:57:03',	NULL,	NULL,	NULL),
(322,	1,	'new comment',	1,	'2017-11-07 09:59:07',	'2017-11-07 09:59:07',	NULL,	NULL,	NULL),
(324,	154,	'I\'m good how are you?',	1,	'2017-11-07 10:02:12',	'2017-11-07 10:02:12',	NULL,	NULL,	NULL),
(325,	155,	'I\'m good!',	1,	'2017-11-07 10:02:36',	'2017-11-07 10:02:36',	NULL,	NULL,	324),
(327,	1,	'hi ',	1,	'2017-11-07 14:44:43',	'2017-11-07 14:44:43',	'admin',	NULL,	NULL),
(328,	1,	'hey ',	1,	'2017-11-07 14:44:55',	'2017-11-07 14:44:55',	'admin',	NULL,	NULL),
(329,	1,	'hi to you  ',	1,	'2017-11-07 14:47:06',	'2017-11-07 14:47:06',	'admin',	NULL,	327),
(330,	1,	'hi ',	1,	'2017-11-09 08:21:10',	'2017-11-09 08:21:10',	'admin',	NULL,	NULL),
(331,	1,	'Hello ',	1,	'2017-11-09 08:22:05',	'2017-11-09 08:22:05',	'admin',	NULL,	NULL),
(332,	1,	'It\'s me ',	1,	'2017-11-09 08:23:25',	'2017-11-09 08:23:25',	'admin',	NULL,	330),
(333,	155,	'Comment 1 ',	1,	'2017-11-10 09:41:18',	'2017-11-10 09:41:18',	'admin',	NULL,	NULL),
(334,	155,	'Comment 1 reply ',	1,	'2017-11-10 09:42:06',	'2017-11-10 09:42:06',	'admin',	NULL,	333),
(335,	154,	'Hello',	1,	'2017-11-10 14:29:31',	'2017-11-10 14:29:31',	NULL,	NULL,	NULL),
(336,	154,	'Hi',	1,	'2017-11-10 14:29:51',	'2017-11-10 14:29:51',	NULL,	NULL,	NULL),
(337,	155,	'Hi',	1,	'2017-11-10 14:30:03',	'2017-11-10 14:30:03',	NULL,	NULL,	335),
(338,	154,	'Hi',	1,	'2017-11-10 14:30:48',	'2017-11-10 14:30:48',	NULL,	NULL,	NULL),
(339,	154,	'Hi',	1,	'2017-11-10 14:30:56',	'2017-11-10 14:30:56',	NULL,	NULL,	NULL),
(340,	155,	'Hello',	1,	'2017-11-10 14:47:19',	'2017-11-10 14:47:19',	NULL,	NULL,	NULL),
(341,	155,	'How are you?',	1,	'2017-11-10 14:47:26',	'2017-11-10 14:47:26',	NULL,	NULL,	340),
(342,	154,	'Go\n',	1,	'2017-11-10 14:47:28',	'2017-11-10 14:47:28',	NULL,	NULL,	NULL),
(343,	1,	'<p>Hello</p>',	1,	'2017-11-13 10:02:51',	'2017-11-13 10:02:51',	'',	'0000-00-00',	NULL),
(344,	1,	'hello',	1,	'2017-11-13 10:03:16',	'2017-11-13 10:03:16',	'admin',	NULL,	NULL),
(345,	1,	'hello',	1,	'2017-11-13 10:03:21',	'2017-11-13 10:03:21',	'admin',	NULL,	NULL),
(346,	1,	'hello ',	1,	'2017-11-14 07:13:46',	'2017-11-14 07:13:46',	'admin',	NULL,	NULL),
(347,	1,	'hi  ',	1,	'2017-11-14 07:13:59',	'2017-11-14 07:13:59',	'admin',	NULL,	NULL),
(348,	1,	'hello to you too  ',	1,	'2017-11-14 07:14:14',	'2017-11-14 07:14:14',	'admin',	NULL,	346),
(349,	1,	'hi to you too  ',	1,	'2017-11-14 07:14:38',	'2017-11-14 07:14:38',	'admin',	NULL,	347),
(350,	1,	'Hello ',	1,	'2017-11-15 13:53:51',	'2017-11-15 13:53:51',	'admin',	NULL,	NULL),
(351,	1,	'hi ',	1,	'2017-11-15 13:54:00',	'2017-11-15 13:54:00',	'admin',	NULL,	NULL),
(352,	1,	'hello to you too  ',	1,	'2017-11-15 13:54:43',	'2017-11-15 13:54:43',	'admin',	NULL,	350),
(354,	1,	'test ',	1,	'2017-11-21 18:02:24',	'2017-11-21 18:02:24',	'admin',	NULL,	NULL),
(355,	1,	'weryqeryqer ',	1,	'2017-11-21 18:18:12',	'2017-11-21 18:18:12',	'admin',	NULL,	NULL),
(356,	1,	'lkjh;hh ',	1,	'2017-11-21 18:18:20',	'2017-11-21 18:18:20',	'admin',	NULL,	NULL),
(357,	1,	'dgadsfgasdas ',	1,	'2017-11-21 18:18:35',	'2017-11-21 18:18:35',	'admin',	NULL,	356),
(358,	1,	'tyuetyueyrtterw ',	1,	'2017-11-21 18:18:48',	'2017-11-21 18:18:48',	'admin',	NULL,	356),
(359,	1,	'This is a Parent comment ',	1,	'2017-11-21 18:19:14',	'2017-11-21 18:19:14',	'admin',	NULL,	NULL),
(360,	1,	'CHILD ',	1,	'2017-11-21 18:19:30',	'2017-11-21 18:19:30',	'admin',	NULL,	359),
(361,	1,	'fdzgadfg ',	1,	'2017-11-21 18:19:51',	'2017-11-21 18:19:51',	'admin',	NULL,	NULL),
(362,	1,	'sfghsfghsfgh ',	1,	'2017-11-21 18:20:44',	'2017-11-21 18:20:44',	'admin',	NULL,	NULL),
(366,	1,	'<p>test</p> ',	1,	'2017-11-28 13:46:11',	'2017-11-28 13:46:11',	'admin',	NULL,	NULL),
(370,	1,	'<p>child comment</p> ',	1,	'2017-11-28 13:55:33',	'2017-11-28 13:55:33',	'admin',	NULL,	NULL),
(371,	1,	'<p>child comment</p> ',	1,	'2017-11-28 13:57:55',	'2017-11-28 13:57:55',	'admin',	NULL,	366),
(372,	1,	'<p>test!!!!</p> ',	1,	'2017-11-28 13:58:03',	'2017-11-28 13:58:03',	'admin',	NULL,	366),
(373,	1,	'<p>test</p> ',	1,	'2017-11-28 13:58:57',	'2017-11-28 13:58:57',	'admin',	NULL,	366),
(374,	1,	'<p>CHILD 2!</p> ',	1,	'2017-11-28 13:59:12',	'2017-11-28 13:59:12',	'admin',	NULL,	370),
(378,	1,	'<p>test!</p> ',	1,	'2017-11-28 14:05:28',	'2017-11-28 14:05:28',	'admin',	NULL,	NULL),
(379,	1,	'<p>child!</p> ',	1,	'2017-11-28 14:05:33',	'2017-11-28 14:05:33',	'admin',	NULL,	378),
(381,	1,	'<p>test for 378</p> ',	1,	'2017-11-28 14:09:49',	'2017-11-28 14:09:49',	'admin',	NULL,	378),
(382,	1,	'<p>TEST!</p> ',	1,	'2017-11-28 14:12:12',	'2017-11-28 14:12:12',	'admin',	NULL,	378),
(383,	1,	'<p>child</p> ',	1,	'2017-11-28 14:14:16',	'2017-11-28 14:14:16',	'admin',	NULL,	378),
(384,	1,	'<p>final child</p> ',	1,	'2017-11-28 14:15:42',	'2017-11-28 14:15:42',	'admin',	NULL,	378),
(385,	1,	'<p>test</p> ',	1,	'2017-11-29 11:09:37',	'2017-11-29 11:09:37',	'admin',	NULL,	NULL),
(386,	1,	'<p>hello</p> ',	1,	'2017-11-30 12:05:12',	'2017-11-30 12:05:12',	'admin',	NULL,	NULL),
(387,	1,	'<p>bye</p><p>&nbsp;</p> ',	1,	'2017-11-30 12:05:18',	'2017-11-30 12:05:18',	'admin',	NULL,	NULL),
(388,	1,	'<p>hi</p> ',	1,	'2017-11-30 12:05:25',	'2017-11-30 12:05:25',	'admin',	NULL,	NULL),
(389,	1,	'<p>no</p> ',	1,	'2017-11-30 12:05:32',	'2017-11-30 12:05:32',	'admin',	NULL,	NULL),
(390,	1,	'<p>hello</p> ',	1,	'2017-11-30 12:05:47',	'2017-11-30 12:05:47',	'admin',	NULL,	NULL),
(391,	1,	'<p>hu</p>',	1,	'2017-12-05 10:46:30',	'2017-12-05 10:46:30',	NULL,	NULL,	335),
(392,	1,	'<p>test</p> ',	1,	'2017-12-11 15:22:52',	'2017-12-11 15:22:52',	'admin',	NULL,	NULL),
(393,	1,	'<p>test</p> ',	1,	'2017-12-11 15:22:54',	'2017-12-11 15:22:54',	'admin',	NULL,	NULL),
(394,	1,	'<p>test</p> ',	1,	'2017-12-11 15:22:56',	'2017-12-11 15:22:56',	'admin',	NULL,	NULL),
(395,	1,	'<p>agwarg</p>',	1,	'2017-12-12 14:10:20',	'2017-12-12 14:10:20',	NULL,	NULL,	NULL),
(396,	1,	'<p>gfdgfdgfds</p> ',	1,	'2017-12-12 19:17:36',	'2017-12-12 19:17:36',	'admin',	NULL,	NULL),
(397,	1,	'<p>Make sure that if you add an a column, annotations should be added to that area to get the best intervention results.</p> ',	1,	'2017-12-12 22:37:16',	'2017-12-12 22:37:16',	'admin',	NULL,	NULL),
(398,	1,	'<p>test child comment</p> ',	1,	'2017-12-13 14:29:24',	'2017-12-13 14:29:24',	'admin',	NULL,	NULL),
(399,	1,	'<p>hello</p> ',	1,	'2017-12-13 14:29:34',	'2017-12-13 14:29:34',	'admin',	NULL,	NULL),
(400,	1,	'<p>test</p> ',	1,	'2017-12-13 14:31:02',	'2017-12-13 14:31:02',	'admin',	NULL,	399),
(401,	1,	'<p>test</p> ',	1,	'2017-12-13 14:31:09',	'2017-12-13 14:31:09',	'admin',	NULL,	400),
(402,	1,	'<p>This is a comment.</p> ',	1,	'2017-12-20 14:01:49',	'2017-12-20 14:01:49',	'admin',	NULL,	NULL),
(403,	1,	'<p>fdafdsfdas</p> ',	1,	'2017-12-20 14:01:57',	'2017-12-20 14:01:57',	'admin',	NULL,	402),
(404,	1,	'<p>fdafdc3333</p> ',	1,	'2017-12-20 14:02:08',	'2017-12-20 14:02:08',	'admin',	NULL,	402),
(405,	1,	'<p>dfsdfasfdsa</p> ',	1,	'2017-12-20 14:02:25',	'2017-12-20 14:02:25',	'admin',	NULL,	403),
(406,	1,	'<p>dfadfsadf</p> ',	1,	'2017-12-20 14:02:32',	'2017-12-20 14:02:32',	'admin',	NULL,	405),
(407,	1,	'<p>fdsafdsfdsa3332</p> ',	1,	'2017-12-20 14:02:43',	'2017-12-20 14:02:43',	'admin',	NULL,	406),
(408,	1,	'<p>test</p>',	1,	'2017-12-20 14:47:12',	'2017-12-20 14:47:12',	NULL,	NULL,	NULL),
(409,	1,	'<p>test</p>',	1,	'2017-12-20 14:47:19',	'2017-12-20 14:47:19',	NULL,	NULL,	NULL),
(410,	1,	'<p>test</p>',	1,	'2017-12-20 14:47:29',	'2017-12-20 14:47:29',	NULL,	NULL,	408),
(415,	1,	'<p>qewfqwfqwe</p>',	1,	'2017-12-20 14:53:05',	'2017-12-20 14:53:05',	NULL,	NULL,	NULL),
(416,	1,	'<p>wfsdfsf</p>',	1,	'2017-12-20 14:53:20',	'2017-12-20 14:53:20',	NULL,	NULL,	NULL),
(417,	1,	'<p>test</p>',	1,	'2017-12-20 14:54:05',	'2017-12-20 14:54:05',	NULL,	NULL,	416),
(418,	1,	'<p>test</p>',	1,	'2017-12-20 14:54:12',	'2017-12-20 14:54:12',	NULL,	NULL,	417),
(419,	1,	'<p>hello</p>',	1,	'2017-12-20 14:57:44',	'2017-12-20 14:57:44',	NULL,	NULL,	415),
(420,	1,	'<p>HEY</p>',	1,	'2017-12-20 14:58:10',	'2017-12-20 14:58:10',	NULL,	NULL,	418),
(421,	1,	'<p>Comment 1</p> ',	1,	'2017-12-21 07:18:03',	'2017-12-21 07:18:03',	'admin',	NULL,	NULL),
(422,	1,	'<p>Comment 1.1.1</p> ',	1,	'2017-12-21 07:18:19',	'2017-12-21 07:18:19',	'admin',	NULL,	421),
(423,	154,	'<p>Hellllloooooo out there!</p>',	1,	'2017-12-21 08:56:15',	'2017-12-21 08:56:15',	NULL,	NULL,	NULL),
(425,	1,	'<p>Hi</p>',	1,	'2017-12-21 08:57:02',	'2017-12-21 08:57:02',	NULL,	NULL,	423),
(426,	1,	'<p>Hi friend</p>',	1,	'2017-12-21 08:57:46',	'2017-12-21 08:57:46',	NULL,	NULL,	424),
(427,	154,	'<p>hiiiiiii</p>',	1,	'2017-12-21 09:03:14',	'2017-12-21 09:03:14',	NULL,	NULL,	NULL),
(429,	1,	'<p>Hello</p>',	1,	'2018-01-02 00:24:15',	'2018-01-02 00:24:15',	NULL,	NULL,	NULL),
(431,	1,	'<p>Great, how are you?</p>',	1,	'2018-01-02 00:24:40',	'2018-01-02 00:24:40',	NULL,	NULL,	430),
(432,	1,	'<p>Fantastic</p>',	1,	'2018-01-02 00:24:53',	'2018-01-02 00:24:53',	NULL,	NULL,	431),
(433,	1,	'<p>Hello</p>',	1,	'2018-01-12 11:18:23',	'2018-01-12 11:18:23',	NULL,	NULL,	NULL),
(434,	1,	'fasfsdfd ',	1,	'2018-01-22 12:41:04',	'2018-01-22 12:41:04',	'user',	NULL,	NULL),
(436,	1,	'hello world! ',	1,	'2018-01-22 13:18:56',	'2018-01-22 13:18:56',	'user',	NULL,	NULL),
(437,	1,	'FINAL! ',	1,	'2018-01-22 13:19:51',	'2018-01-22 13:19:51',	'user',	NULL,	NULL),
(438,	1,	'HI! ',	1,	'2018-01-22 13:27:03',	'2018-01-22 13:27:03',	'user',	NULL,	NULL),
(439,	1,	'Maybe sometime before that? ',	1,	'2018-01-22 14:14:09',	'2018-01-22 14:14:09',	'user',	NULL,	NULL),
(440,	1,	'Ok ',	1,	'2018-01-22 14:22:38',	'2018-01-22 14:22:38',	'user',	NULL,	NULL),
(441,	1,	'bluefdasfdsds ',	1,	'2018-01-23 10:25:57',	'2018-01-23 10:25:57',	'user',	NULL,	NULL),
(442,	1,	'dfsdfs ',	1,	'2018-01-23 10:26:10',	'2018-01-23 10:26:10',	'user',	NULL,	NULL),
(443,	1,	'this is a comment! ',	1,	'2018-01-24 14:28:43',	'2018-01-24 14:28:43',	'user',	NULL,	NULL),
(444,	1,	'rgerger ',	1,	'2018-01-25 16:15:39',	'2018-01-25 16:15:39',	'user',	NULL,	NULL),
(445,	1,	' ',	1,	'2018-01-25 16:15:51',	'2018-01-25 16:15:51',	'user',	NULL,	NULL),
(446,	1,	'gfdgdfgdf ',	1,	'2018-01-25 16:17:10',	'2018-01-25 16:17:10',	'user',	NULL,	NULL),
(447,	1,	'dfgfdgd ',	1,	'2018-01-25 16:17:18',	'2018-01-25 16:17:18',	'user',	NULL,	NULL),
(448,	1,	'<p>fdfsdfsdf</p>',	1,	'2018-01-31 11:20:46',	'2018-01-31 11:20:46',	NULL,	NULL,	NULL),
(449,	1,	'<p>fdfsdfs</p>',	1,	'2018-01-31 11:20:54',	'2018-01-31 11:20:54',	NULL,	NULL,	NULL),
(450,	1,	'<p>fsdfsd</p>',	1,	'2018-01-31 11:20:58',	'2018-01-31 11:20:58',	NULL,	NULL,	NULL),
(451,	1,	'<p>fsdfs</p>',	1,	'2018-01-31 11:21:00',	'2018-01-31 11:21:00',	NULL,	NULL,	NULL),
(452,	1,	'<p>fsdfsd</p>',	1,	'2018-01-31 11:21:05',	'2018-01-31 11:21:05',	NULL,	NULL,	451),
(453,	1,	'<p>fsdfs</p>',	1,	'2018-01-31 11:21:08',	'2018-01-31 11:21:08',	NULL,	NULL,	NULL),
(454,	1,	'<p>dfsdf</p>',	1,	'2018-01-31 11:21:13',	'2018-01-31 11:21:13',	NULL,	NULL,	453),
(455,	1,	'<p>egfdg</p>',	1,	'2018-01-31 11:21:55',	'2018-01-31 11:21:55',	NULL,	NULL,	452),
(456,	1,	'<p>gfdgd</p>',	1,	'2018-01-31 11:21:59',	'2018-01-31 11:21:59',	NULL,	NULL,	455),
(457,	1,	'<p>gdfgd</p>',	1,	'2018-01-31 11:22:12',	'2018-01-31 11:22:12',	NULL,	NULL,	455),
(458,	1,	'<p>gdfgd</p>',	1,	'2018-01-31 11:22:23',	'2018-01-31 11:22:23',	NULL,	NULL,	452),
(459,	1,	'hi',	1,	'2018-01-31 11:30:14',	'2018-01-31 11:30:14',	'user',	NULL,	NULL),
(460,	1,	'Response',	1,	'2018-01-31 11:31:09',	'2018-01-31 11:31:09',	'user',	NULL,	NULL),
(461,	1,	'helloo',	1,	'2018-01-31 11:41:11',	'2018-01-31 11:41:11',	'user',	NULL,	NULL),
(462,	1,	'hey!',	1,	'2018-01-31 11:44:11',	'2018-01-31 11:44:11',	'user',	NULL,	NULL),
(463,	1,	'<p>vdfsdfsdf</p>',	1,	'2018-01-31 14:04:15',	'2018-01-31 14:04:15',	NULL,	NULL,	NULL),
(464,	1,	'<p>fdsfsdfs</p>',	1,	'2018-01-31 14:04:25',	'2018-01-31 14:04:25',	NULL,	NULL,	NULL),
(465,	1,	'<p>sdfsdf</p>',	1,	'2018-01-31 14:04:28',	'2018-01-31 14:04:28',	NULL,	NULL,	NULL),
(466,	1,	'<p>fdsfsdf</p>',	1,	'2018-01-31 14:04:30',	'2018-01-31 14:04:30',	NULL,	NULL,	NULL),
(467,	1,	'<p>fsdfs</p>',	1,	'2018-01-31 14:04:34',	'2018-01-31 14:04:34',	NULL,	NULL,	NULL),
(468,	1,	'<p>dfsdf</p>',	1,	'2018-01-31 14:04:41',	'2018-01-31 14:04:41',	NULL,	NULL,	NULL),
(469,	159,	'asdf',	1,	'2018-02-01 08:46:21',	'2018-02-01 08:46:21',	'user',	NULL,	NULL),
(470,	159,	'Testing',	1,	'2018-02-01 08:49:41',	'2018-02-01 08:49:41',	'user',	NULL,	NULL),
(471,	159,	'h',	1,	'2018-02-01 08:55:08',	'2018-02-01 08:55:08',	'user',	NULL,	NULL),
(472,	159,	'testing 2',	1,	'2018-02-01 08:57:06',	'2018-02-01 08:57:06',	'user',	NULL,	NULL),
(473,	159,	'Team 2',	1,	'2018-02-01 09:04:58',	'2018-02-01 09:04:58',	'user',	NULL,	NULL),
(474,	154,	'!!',	1,	'2018-02-01 09:05:05',	'2018-02-01 09:05:05',	'user',	NULL,	NULL),
(475,	159,	'Team 2 test reply',	1,	'2018-02-01 09:05:43',	'2018-02-01 09:05:43',	'user',	NULL,	NULL),
(476,	159,	'hello',	1,	'2018-02-01 09:10:15',	'2018-02-01 09:10:15',	'user',	NULL,	NULL),
(477,	159,	'test',	1,	'2018-02-01 09:15:36',	'2018-02-01 09:15:36',	'user',	NULL,	NULL),
(478,	159,	'test b',	1,	'2018-02-01 09:16:28',	'2018-02-01 09:16:28',	'user',	NULL,	NULL),
(479,	159,	'<p>Test Reply</p>',	1,	'2018-02-01 10:09:25',	'2018-02-01 10:09:25',	NULL,	NULL,	NULL),
(480,	159,	'<p>Test</p>',	1,	'2018-02-01 10:09:32',	'2018-02-01 10:09:32',	NULL,	NULL,	NULL),
(482,	154,	'test',	1,	'2018-02-02 08:25:27',	'2018-02-02 08:25:27',	'user',	NULL,	NULL),
(483,	1,	'<p>helllllooooooo</p>',	1,	'2018-02-02 08:25:37',	'2018-02-02 08:25:37',	NULL,	NULL,	NULL),
(484,	154,	'Hello',	1,	'2018-02-02 08:32:17',	'2018-02-02 08:32:17',	'user',	NULL,	NULL),
(485,	159,	'<p>aaaaaaaaaaaaaaaaaaaaaaaaaaaaaaaaaaaaaaaaaaaaaaaaaaaaaaaaaaaaaaaaaaaaaaaaaaaaaaaaaaaaaaaaaaaaaaaaaaaaaaaaaaaaaaaaaaaaaaaaaaaaaaaaaaaaaaaaaaaaaaaaaaaaaaaaaaaaaaaaaaaaaaaaaaaaaaaaaaaaaaaaaaaaaaaaaaaaaaaaaaaaaaaaaaaaaaaaaaaaaaaaaaaaaaaaaaaaaaaaaaaaaaaaaaaaaaaaaaaaaaaaaaaaaaaaaaaaaaaaaaaaaaaaaaaaaaaaaaaaaaaaaaaaaaaaaaaaaaaaaaaaaaaaaaaaaaaaaaaaaaaaaaaaaaaaaaaaaaaaaaaaaaaaaaaaaaaaaaaaaaaaaaaaaaaaaaaaaaaaaaaaaaaaaaaaaaaaaaaaaaaaaaaaaaaaaaaaaaaaaaaaaaaaaaaaaaaaaaaaaaaaaaaaaaaaaaaaaaaaaaaaaaaaaaaaaaaaaaaaaaaaaaaaaaaaaaaaaaaaaaaaaaaaaaaaaaaaaaaaaaaaaaaaaaaaaaaaaaaaaaaaaaaaaaaaaaaaaaaaaaaaaaaaaaaaaaaaaaaaaaaaaaaaaaaaaaaaaaaaaaaaaaaaaaaaaaaaaaaaaaaaaaaaaaaaaaaaaaaaaaaaaaaaaaaaaaaaaaaaaaaaaaaaaaaaaaaaaaaaaaaaaaaaaaaaaaaaaaaaaaaaaaaaaaaaaaaaaaaaaaaaaaaaaaaaaaaaaaaaaaaaaaaaaaaaaaaaaaaaaaaaaaaaaaaaaaaaaaaaaaaaaaaaaaaaaaaaaaaaaaaaaaaaaaaaaaaaaaaaaaaaaaaaaaaaaaaaaaaaaaaaaaaaaaaaaaaaaaaaaaaaaaaaaaaaaaaaaaaaaaaaaaaaaaaaaaaaaaaaaaaaaaaaaaaaaaaaaaaaaaaaaaaaaaaaaaaaaaaaaaaaaaaaaaaaaaaaaaaaaaaaaaaaaaaaaaaaaaaaaaaaaaaaaaaaaaaaaaaaaaaaaaaaaaaaaaaaaaaaaaaaaaaaaaaaaaaaaaaaaaaaaaaaaaaaaaaaaaaaaaaaaaaaaaaaaaaaaaaaaaaaaaaaaaaaaaaaaaaaaaaaaaaaaaaaaaaaaaaaaaaaaaaaaaaaaaaaaaaaaaaaaaaaaaaaaaaaaaaaaaaaaaaaaaaaaaaaaaaaaaaaaaaaaaaaaaaaaaaaaaaaaaaaaaaaaaaaaaaaaaaaaaaaaaaaaaaaaaaaaaaaaaaaaaaaaaaaaaaaaaaaaaaaaaaaaaaaaaaaaaaaaaaaaaaaaaaaaaaaaaaaaaaaaaaaaaaaaaaaaaaaaaaaaaaaaaaaaaaaaaaaaaaaaaaaaaaaaaaaaaaaaaaaaaaaaaaaaaaaaaaaaaaaaaaaaaaaaaaaaaaaaaaaaaaaaaaaaaaaaaaaaaaaaaaaaaaaaaaaaaaaaaaaaaaaaaaaaaaaaaaaaaaaaaaaaaaaaaaaaaaaaaaaaaaaaaaaaaaaaaaaaaaaaaaaaaaaaaaaaaaaaaaaaaaaaaaaaaaaaaaaaaaaaaaaaaaaaaaaaaaaaaaaaaaaaaaaaaaaaaaaaaaaaaaaaaaaaaaaaaaaaaaaaaaaaaaaaaaaaaaaaaaaaaaaaaaaaaaaaaaaaaaaaaaaaaaaaaaaaaaaaaaaaaaaaaaaaaaaaaaaaaaaaaaaaaaaaaaaaaaaaaaaaaaaaaaaaaaaaaaaaaaaaaaaaaaaaaaaaaaaaaaaaaaaaaaaaaaaaaaaaaaaaaaaaaaaaaaaaaaaaaaaaaaaaaaaaaaaaaaaaaaaaaaaaaaaaaaaaaaaaaaaaaaaaaaaaaaaaaaaaaaaaaaaaaaaaaaaaaaaaaaaaaaaaaaaaaaaaaaaaaaaaaaaaaaaaaaaaaaaaaaaaaaaaaaaaaaaaaaaaaaaaaaaaaaaaaaaaaaaaaaaaaaaaaaaaaaaaaaaaaaaaaaaaaaaaaaaaaaaaaaaaaaaaaaaaaaaaaaaaaaaaaaaaaaaaaaaaaaaaaaaaaaaaaaaaaaaaaaaaaaaaaaaaaaaaaaaaaaaaaaaaaaaaaaaaaaaaaaaaaaaaaaaaaaaaaaaaaaaaaaaaaaaaaaaaaaaaaaaaaaaaaaaaaaaaaaaaaaaaaaaaaaaaaaaaaaaaaaaaaaaaaaaaaaaaaaaaaaaaaaaaaaaaaaaaaaaaaaaaaaaaaaaaaaaaaaaaaaaaaaaaaaaaaaaaaaaaaaaaaaaaaaaaaaaaaaaaaaaaaaaaaaaaaaaaaaaaaaaaaaaaaaaaaaaaaaaaaaaaaaaaaaaaaaaaaaaaaaaaaaaaaaaaaaaaaaaaaaaaaaaaaaaaaaaaaaaaaaaaaaaaaaaaaaaaaaaaaaaaaaaaaaaaaaaaaaaaaaaaaaaaaaaaaaaaaaaaaaaaaaaaaaaaaaaaaaaaaaaaaaaaaaaaaaaaaaaaaaaaaaaaaaaaaaaaaaaaaaaaaaaaaaaaaaaaaaaaaaaaaaaaaaaaaaaaaaaaaaaaaaaaaaaaaaaaaaaaaaaaaaaaaaaaaaaaaaaaaaaaaaaaaaaaaaaaaaaaaaaaaaaaaaaaaaaaaaaaaaaaaaaaaaaaaaaaaaaaaaaaaaaaaaaaaaaaaaaaaaaaaaaaaaaaaaaaaaaaaaaaaaaaaaaaaaaaaaaaaaaaaaaaaaaaaaaaaaaaaaaaaaaaaaaaaaaaaaaaaaaaaaaaaaaaaaaaaaaaaaaaaaaaaaaaaaaaaaaaaaaaaaaaaaaaaaaaaaaaaaaaaaaaaaaaaaaaaaaaaaaaaaaaaaaaaaaaaaaaaaaaaaaaaaaaaaaaaaaaaaaaaaaaaaaaaaaaaaaaaaaaaaaaaaaaaaaaaaaaaaaaaaaaaaaaaaaaaaaaaaaaaaaaaaaaaaaaaaaaaaaaaaaaaaaaaaaaaaaaaaaaaaaaaaaaaaaaaaaaaaaaaaaaaaaaaaaaaaaaaaaaaaaaaaaaaaaaaaaaaaaaaaaaaaaaaaaaaaaaaaaaaaaaaaaaaaaaaaaaaaaaaaaaaaaaaaaaaaaaaaaaaaaaaaaaaaaaaaaaaaaaaaaaaaaaaaaaaaaaaaaaaaaaaaaaaaaaaaaaaaaaaaaaaaaaaaaaaaaaaaaaaaaaaaaaaaaaaaaaaaaaaaaaaaaaaaaaaaaaaaaaaaaaaaaaaaaaaaaaaaaaaaaaaaaaaaaaaaaaaaaaaaaaaaaaaaaaaaaaaaaaaaaaaaaaaaaaaaaaaaaaaaaaaaaaaaaaaaaaaaaaaaaaaaaaaaaaaaaaaaaaaaaaaaaaaaaaaaaaaaaaaaaaaaaaaaaaaaaaaaaaaaaaaaaaaaaaaaaaaaaaaaaaaaaaaaaaaaaaaaaaaaaaaaaaaaaaaaaaaaaaaaaaaaaaaaaaaaaaaaaaaaaaaaaaaaaaaaaaaaaaaaaaaaaaaaaaaaaaaaaaaaaaaaaaaaaaaaaaaaaaaaaaaaaaaaaaaaaaaaaaaaaaaaaaaaaaaaaaaaaaaaaaaaaaaaaaaaaaaaaaaaaaaaaaaaaaaaaaaaaaaaaaaaaaaaaaaaaaaaaaaaaaaaaaaaaaaaaaaaaaaaaaaaaaaaaaaaaaaaaaaaaaaaaaaaaaaaaaaaaaaaaaaaaaaaaaaaaaaaaaaaaaaaaaaaaaaaaaaaaaaaaaaaaaaaaaaaaaaaaaaaaaaaaaaaaaaaaaaaaaaaaaaaaaaaaaaaaaaaaaaaaaaaaaaaaaaaaaaaaaaaaaaaaaaaaaaaaaaaaaaaaaaaaaaaaaaaaaaaaaaaaaaaaaaaaaaaaaaaaaaaaaaaaaaaaaaaaaaaaaaaaaaaaaaaaaaaaaaaaaaaaaaaaaaaaaaaaaaaaaaaaaaaaaaaaaaaaaaaaaaaaaaaaaaaaaaaaaaaaaaaaaaaaaaaaaaaaaaaaaaaaaaaaaaaaaaaaaaaaaaaaaaaaaaaaaaaaaaaaaaaaaaaaaaaaaaaaaaaaaaaaaaaaaaaaaaaaaaaaaaaaaaaaaaaaaaaaaaaaaaaaaaaaaaaaaaaaaaaaaaaaaaaaaaaaaaaaaaaaaaaaaaaaaaaaaaaaaaaaaaaaaaaaaaaaaaaaaaaaaaaaaaaaaaaaaaaaaaaaaaaaaaaaaaaaaaaaaaaaaaaaaaaaaaaaaaaaaaaaaaaaaaaaaaaaaaaaaaaaaaaaaaaaaaaaaaaaaaaaaaaaaaaaaaaaaaaaaaaaaaaaaaaaaaaaaaaaaaaaaaaaaaaaaaaaaaaaaaaaaaaaaaaaaaaaaaaaaaaaaaaaaaaaaaaaaaaaaaaaaaaaaaaaaaaaaaaaaaaaaaaaaaaaaaaaaaaaaaaaaaaaaaaaaaaaaaaaaaaaaaaaaaaaaaaaaaaaaaaaaaaaaaaaaaaaaaaaaaaaaaaaaaaaaaaaaaaaaaaaaaaaaaaaaaaaaaaaaaaaaaaaaaaaaaaaaaaaaaaaaaaaaaaaaaaaaaaaaaaaaaaaaaaaaaaaaaaaaaaaaaaaaaaaaaaaaaaaaaaaaaaaaaaaaaaaaaaaaaaaaaaaaaaaaaaaaaaaaaaaaaaaaaaaaaaaaaaaaaaaaaaaaaaaaaaaaaaaaaaaaaaaaaaaaaaaaaaaaaaaaaaaaaaaaaaaaaaaaaaaaaaaaaaaaaaaaaaaaaaaaaaaaaaaaaaaaaaaaaaaaaaaaaaaaaaaaaaaaaaaaaaaaaaaaaaaaaaaaaaaaaaaaaaaaaaaaaaaaaaaaaaaaaaaaaaaaaaaaaaaaaaaaaaaaaaaaaaaaaaaaaaaaaaaaaaaaaaaaaaaaaaaaaaaaaaaaaaaaaaaaaaaaaaaaaaaaaaaaaaaaaaaaaaaaaaaaaaaaaaaaaaaaaaaaaaaaaaaaaaaaaaaaaaaaaaaaaaaaaaaaaaaaaaaaaaaaaaaaaaaaaaaaaaaaaaaaaaaaaaaaaaaaaaaaaaaaaaaaaaaaaaaaaaaaaaaaaaaaaaaaaaaaaaaaaaaaaaaaaaaaaaaaaaaaaaaaaaaaaaaaaaaaaaaaaaaaaaaaaaaaaaaaaaaaaaaaaaaaaaaaaaaaaaaaaaaaaaaaaaaaaaaaaaaaaaaaaaaaaaaaaaaaaaaaaaaaaaaaaaaaaaaaaaaaaaaaaaaaaaaaaaaaaaaaaaaaaaaaaaaaaaaaaaaaaaaaaaaaaaaaaaaaaaaaaaaaaaaaaaaaaaaaaaaaaaaaaaaaaaaaaaaaaaaaaaaaaaaaaaaaaaaaaaaaaaaaaaaaaaaaaaaaaaaaaaaaaaaaaaaaaaaaaaaaaaaaaaaaaaaaaaaaaaaaaaaaaaaaaaaaaaaaaaaaaaaaaaaaaaaaaaaaaaaaaaaaaaaaaaaaaaaaaaaaaaaaaaaaaaaaaaaaaaaaaaaaaaaaaaaaaaaaaaaaaaaaaaaaaaaaaaaaaaaaaaaaaaaaaaaaaaaaaaaaaaaaaaaaaaaaaaaaaaaaaaaaaaaaaaaaaaaaaaaaaaaaaaaaaaaaaaaaaaaaaaaaaaaaaaaaaaaaaaaaaaaaaaaaaaaaaaaaaaaaaaaaaaaaaaaaaaaaaaaaaaaaaaaaaaaaaaaaaaaaaaaaaaaaaaaaaaaaaaaaaaaaaaaaaaaaaaaaaaaaaaaaaaaaaaaaaaaaaaaaaaaaaaaaaaaaaaaaaaaaaaaaaaaaaaaaaaaaaaaaaaaaaaaaaaaaaaaaaaaaaaaaaaaaaaaaaaaaaaaaaaaaaaaaaaaaaaaaaaaaaaaaaaaaaaaaaaaaaaaaaaaaaaaaaaaaaaaaaaaaaaaaaaaaaaaaaaaaaaaaaaaaaaaaaaaaaaaaaaaaaaaaaaaaaaaaaaaaaaaaaaaaaaaaaaaaaaaaaaaaaaaaaaaaaaaaaaaaaaaaaaaaaaaaaaaaaaaaaaaaaaaaaaaaaaaaaaaaaaaaaaaaaaaaaaaaaaaaaaaaaaaaaaaaaaaaaaaaaaaaaaaaaaaaaaaaaaaaaaaaaaaaaaaaaaaaaaaaaaaaaaaaaaaaaaaaaaaaaaaaaaaaaaaaaaaaaaaaaaaaaaaaaaaaaaaaaaaaaaaaaaaaaaaaaaaaaaaaaaaaaaaaaaaaaaaaaaaaaaaaaaaaaaaaaaaaaaaaaaaaaaaaaaaaaaaaaaaaaaaaaaaaaaaaaaaaaaaaaaaaaaaaaaaaaaaaaaaaaaaaaaaaaaaaaaaaaaaaaaaaaaaaaaaaaaaaaaaaaaaaaaaaaaaaaaaaaaaaaaaaaaaaaaaaaaaaaaaaaaaaaaaaaaaaaaaaaaaaaaaaaaaaaaaaaaaaaaaaaaaaaaaaaaaaaaaaaaaaaaaaaaaaaaaaaaaaaaaaaaaaaaaaaaaaaaaaaaaaaaaaaaaaaaaaaaaaaaaaaaaaaaaaaaaaaaaaaaaaaaaaaaaaaaaaaaaaaaaaaaaaaaaaaaaaaaaaaaaaaaaaaaaaaaaaaaaaaaaaaaaaaaaaaaaaaaaaaaaaaaaaaaaaaaaaaaaaaaaaaaaaaaaaaaaaaaaaaaaaaaaaaaaaaaaaaaaaaaaaaaaaaaaaaaaaaaaaaaaaaaaaaaaaaaaaaaaaaaaaaaaaaaaaaaaaaaaaaaaaaaaaaaaaaaaaaaaaaaaaaaaaaaaaaaaaaaaaaaaaaaaaaaaaaaaaaaaaaaaaaaaaaaaaaaaaaaaaaaaaaaaaaaaaaaaaaaaaaaaaaaaaaaaaaaaaaaaaaaaaaaaaaaaaaaaaaaaaaaaaaaaaaaaaaaaaaaaaaaaaaaaaaaaaaaaaaaaaaaaaaaaaaaaaaaaaaaaaaaaaaaaaaaaaaaaaaaaaaaaaaaaaaaaaaaaaaaaaaaaaaaaaaaaaaaaaaaaaaaaaaaaaaaaaaaaaaaaaaaaaaaaaaaaaaaaaaaaaaaaaaaaaaaaaaaaaaaaaaaaaaaaaaaaaaaaaaaaaaaaaaaaaaaaaaaaaaaaaaaaaaaaaaaaaaaaaaaaaaaaaaaaaaaaaaaaaaaaaaaaaaaaaaaaaaaaaaaaaaaaaaaaaaaaaaaaaaaaaaaaaaaaaaaaaaaaaaaaaaaaaaaaaaaaaaaaaaaaaaaaaaaaaaaaaaaaaaaaaaaaaaaaaaaaaaaaaaaaaaaaaaaaaaaaaaaaaaaaaaaaaaaaaaaaaaaaaaaaaaaaaaaaaaaaaaaaaaaaaaaaaaaaaaaaaaaaaaaaaaaaaaaaaaaaaaaaaaaaaaaaaaaaaaaaaaaaaaaaaaaaaaaaaaaaaaaaaaaaaaaaaaaaaaaaaaaaaaaaaaaaaaaaaaaaaaaaaaaaaaaaaaaaaaaaaaaaaaaaaaaaaaaaaaaaaaaaaaaaaaaaaaaaaaaaaaaaaaaaaaaaaaaaaaaaaaaaaaaaaaaaaaaaaaaaaaaaaaaaaaaaaaaaaaaaaaaaaaaaaaaaaaaaaaaaaaaaaaaaaaaaaaaaaaaaaaaaaaaaaaaaaaaaaaaaaaaaaaaaaaaaaaaaaaaaaaaaaaaaaaaaaaaaaaaaaaaaaaaaaaaaaaaaaaaaaaaaaaaaaaaaaaaaaaaaaaaaaaaaaaaaaaaaaaaaaaaaaaaaaaaaaaaaaaaaaaaaaaaaaaaaaaaaaaaaaaaaaaaaaaaaaaaaaaaaaaaaaaaaaaaaaaaaaaaaaaaaaaaaaaaaaaaaaaaaaaaaaaaaaaaaaaaaaaaaaaaaaaaaaaaaaaaaaaaaaaaaaaaaaaaaaaaaaaaaaaaaaaaaaaaaaaaaaaaaaaaaaaaaaaaaaaaaaaaaaaaaaaaaaaaaaaaaaaaaaaaaaaaaaaaaaaaaaaaaaaaaaaaaaaaaaaaaaaaaaaaaaaaaaaaaaaaaaaaaaaaaaaaaaaaaaaaaaaaaaaaaaaaaaaaaaaaaaaaaaaaaaaaaaaaaaaaaaaaaaaaaaaaaaaaaaaaaaaaaaaaaaaaaaaaaaaaaaaaaaaaaaaaaaaaaaaaaaaaaaaaaaaaaaaaaaaaaaaaaaaaaaaaaaaaaaaaaaaaaaaaaaaaaaaaaaaaaaaaaaaaaaaaaaaaaaaaaaaaaaaaaaaaaaaaaaaaaaaaaaaaaaaaaaaaaaaaaaaaaaaaaaaaaaaaaaaaaaaaaaaaaaaaaaaaaaaaaaaaaaaaaaaaaaaaaaaaaaaaaaaaaaaaaaaaaaaaaaaaaaaaaaaaaaaaaaaaaaaaaaaaaaaaaaaaaaaaaaaaaaaaaaaaaaaaaaaaaaaaaaaaaaaaaaaaaaaaaaaaaaaaaaaaaaaaaaaaaaaaaaaaaaaaaaaaaaaaaaaaaaaaaaaaaaaaaaaaaaaaaaaaaaaaaaaaaaaaaaaaaaaaaaaaaaaaaaaaaaaaaaaaaaaaaaaaaaaaaaaaaaaaaaaaaaaaaaaaaaaaaaaaaaaaaaaaaaaaaaaaaaaaaaaaaaaaaaaaaaaaaaaaaaaaaaaaaaaaaaaaaaaaaaaaaaaaaaaaaaaaaaaaaaaaaaaaaaaaaaaaaaaaaaaaaaaaaaaaaaaaaaaaaaaaaaaaaaaaaaaaaaaaaaaaaaaaaaaaaaaaaaaaaaaaaaaaaaaaaaaaaaaaaaaaaaaaaaaaaaaaaaaaaaaaaaaaaaaaaaaaaaaaaaaaaaaaaaaaaaaaaaaaaaaaaaaaaaaaaaaaaaaaaaaaaaaaaaaaaaaaaaaaaaaaaaaaaaaaaaaaaaaaaaaaaaaaaaaaaaaaaaaaaaaaaaaaaaaaaaaaaaaaaaaaaaaaaaaaaaaaaaaaaaaaaaaaaaaaaaaaaaaaaaaaaaaaaaaaaaaaaaaaaaaaaaaaaaaaaaaaaaaaaaaaaaaaaaaaaaaaaaaaaaaaaaaaaaaaaaaaaaaaaaaaaaaaaaaaaaaaaaaaaaaaaaaaaaaaaaaaaaaaaaaaaaaaaaaaaaaaaaaaaaaaaaaaaaaaaaaaaaaaaaaaaaaaaaaaaaaaaaaaaaaaaaaaaaaaaaaaaaaaaaaaaaaaaaaaaaaaaaaaaaaaaaaaaaaaaaaaaaaaaaaaaaaaaaaaaaaaaaaaaaaaaaaaaaaaaaaaaaaaaaaaaaaaaaaaaaaaaaaaaaaaaaaaaaaaaaaaaaaaaaaaaaaaaaaaaaaaaaaaaaaaaaaaaaaaaaaaaaaaaaaaaaaaaaaaaaaaaaaaaaaaaaaaaaaaaaaaaaaaaaaaaaaaaaaaaaaaaaaaaaaaaaaaaaaaaaaaaaaaaaaaaaaaaaaaaaaaaaaaaaaaaaaaaaaaaaaaaaaaaaaaaaaaaaaaaaaaaaaaaaaaaaaaaaaaaaaaaaaaaaaaaaaaaaaaaaaaaaaaaaaaaaaaaaaaaaaaaaaaaaaaaaaaaaaaaaaaaaaaaaaaaaaaaaaaaaaaaaaaaaaaaaaaaaaaaaaaaaaaaaaaaaaaaaaaaaaaaaaaaaaaaaaaaaaaaaaaaaaaaaaaaaaaaaaaaaaaaaaaaaaaaaaaaaaaaaaaaaaaaaaaaaaaaaaaaaaaaaaaaaaaaaaaaaaaaaaaaaaaaaaaaaaaaaaaaaaaaaaaaaaaaaaaaaaaaaaaaaaaaaaaaaaaaaaaaaaaaaaaaaaaaaaaaaaaaaaaaaaaaaaaaaaaaaaaaaaaaaaaaaaaaaaaaaaaaaaaaaaaaaaaaaaaaaaaaaaaaaaaaaaaaaaaaaaaaaaaaaaaaaaaaaaaaaaaaaaaaaaaaaaaaaaaaaaaaaaaaaaaaaaaaaaaaaaaaaaaaaaaaaaaaaaaaaaaaaaaaaaaaaaaaaaaaaaaaaaaaaaaaaaaaaaaaaaaaaaaaaaaaaaaaaaaaaaaaaaaaaaaaaaaaaaaaaaaaaaaaaaaaaaaaaaaaaaaaaaaaaaaaaaaaaaaaaaaaaaaaaaaaaaaaaaaaaaaaaaaaaaaaaaaaaaaaaaaaaaaaaaaaaaaaaaaaaaaaaaaaaaaaaaaaaaaaaaaaaaaaaaaaaaaaaaaaaaaaaaaaaaaaaaaaaaaaaaaaaaaaaaaaaaaaaaaaaaaaaaaaaaaaaaaaaaaaaaaaaaaaaaaaaaaaaaaaaaaaaaaaaaaaaaaaaaaaaaaaaaaaaaaaaaaaaaaaaaaaaaaaaaaaaaaaaaaaaaaaaaaaaaaaaaaaaaaaaaaaaaaaaaaaaaaaaaaaaaaaaaaaaaaaaaaaaaaaaaaaaaaaaaaaaaaaaaaaaaaaaaaaaaaaaaaaaaaaaaaaaaaaaaaaaaaaaaaaaaaaaaaaaaaaaaaaaaaaaaaaaaaaaaaaaaaaaaaaaaaaaaaaaaaaaaaaaaaaaaaaaaaaaaaaaaaaaaaaaaaaaaaaaaaaaaaaaaaaaaaaaaaaaaaaaaaaaaaaaaaaaaaaaaaaaaaaaaaaaaaaaaaaaaaaaaaaaaaaaaaaaaaaaaaaaaaaaaaaaaaaaaaaaaaaaaaaaaaaaaaaaaaaaaaaaaaaaaaaaaaaaaaaaaaaaaaaaaaaaaaaaaaaaaaaaaaaaaaaaaaaaaaaaaaaaaaaaaaaaaaaaaaaaaaaaaaaaaaaaaaaaaaaaaaaaaaaaaaaaaaaaaaaaaaaaaaaaaaaaaaaaaaaaaaaaaaaaaaaaaaaaaaaaaaaaaaaaaaaaaaaaaaaaaaaaaaaaaaaaaaaaaaaaaaaaaaaaaaaaaaaaaaaaaaaaaaaaaaaaaaaaaaaaaaaaaaaaaaaaaaaaaaaaaaaaaaaaaaaaaaaaaaaaaaaaaaaaaaaaaaaaaaaaaaaaaaaaaaaaaaaaaaaaaaaaaaaaaaaaaaaaaaaaaaaaaaaaaaaaaaaaaaaaaaaaaaaaaaaaaaaaaaaaaaaaaaaaaaaaaaaaaaaaaaaaaaaaaaaaaaaaaaaaaaaaaaaaaaaaaaaaaaaaaaaaaaaaaaaaaaaaaaaaaaaaaaaaaaaaaaaaaaaaaaaaaaaaaaaaaaaaaaaaaaaaaaaaaaaaaaaaaaaaaaaaaaaaaaaaaaaaaaaaaaaaaaaaaaaaaaaaaaaaaaaaaaaaaaaaaaaaaaaaaaaaaaaaaaaaaaaaaaaaaaaaaaaaaaaaaaaaaaaaaaaaaaaaaaaaaaaaaaaaaaaaaaaaaaaaaaaaaaaaaaaaaaaaaaaaaaaaaaaaaaaaaaaaaaaaaaaaaaaaaaaaaaaaaaaaaaaaaaaaaaaaaaaaaaaaaaaaaaaaaaaaaaaaaaaaaaaaaaaaaaaaaaaaaaaaaaaaaaaaaaaaaaaaaaaaaaaaaaaaaaaaaaaaaaaaaaaaaaaaaaaaaaaaaaaaaaaaaaaaaaaaaaaaaaaaaaaaaaaaaaaaaaaaaaaaaaaaaaaaaaaaaaaaaaaaaaaaaaaaaaaaaaaaaaaaaaaaaaaaaaaaaaaaaaaaaaaaaaaaaaaaaaaaaaaaaaaaaaaaaaaaaaaaaaaaaaaaaaaaaaaaaaaaaaaaaaaaaaaaaaaaaaaaaaaaaaaaaaaaaaaaaaaaaaaaaaaaaaaaaaaaaaaaaaaaaaaaaaaaaaaaaaaaaaaaaaaaaaaaaaaaaaaaaaaaaaaaaaaaaaaaaaaaaaaaaaaaaaaaaaaaaaaaaaaaaaaaaaaaaaaaaaaaaaaaaaaaaaaaaaaaaaaaaaaaaaaaaaaaaaaaaaaaaaaaaaaaaaaaaaaaaaaaaaaaaaaaaaaaaaaaaaaaaaaaaaaaaaaaaaaaaaaaaaaaaaaaaaaaaaaaaaaaaaaaaaaaaaaaaaaaaaaaaaaaaaaaaaaaaaaaaaaaaaaaaaaaaaaaaaaaaaaaaaaaaaaaaaaaaaaaaaaaaaaaaaaaaaaaaaaaaaaaaaaaaaaaaaaaaaaaaaaaaaaaaaaaaaaaaaaaaaaaaaaaaaaaaaaaaaaaaaaaaaaaaaaaaaaaaaaaaaaaaaaaaaaaaaaaaaaaaaaaaaaaaaaaaaaaaaaaaaaaaaaaaaaaaaaaaaaaaaaaaaaaaaaaaaaaaaaaaaaaaaaaaaaaaaaaaaaaaaaaaaaaaaaaaaaaaaaaaaaaaaaaaaaaaaaaaaaaaaaaaaaaaaaaaaaaaaaaaaaaaaaaaaaaaaaaaaaaaaaaaaaaaaaaaaaaaaaaaaaaaaaaaaaaaaaaaaaaaaaaaaaaaaaaaaaaaaaaaaaaaaaaaaaaaaaaaaaaaaaaaaaaaaaaaaaaaaaaaaaaaaaaaaaaaaaaaaaaaaaaaaaaaaaaaaaaaaaaaaaaaaaaaaaaaaaaaaaaaaaaaaaaaaaaaaaaaaaaaaaaaaaaaaaaaaaaaaaaaaaaaaaaaaaaaaaaaaaaaaaaaaaaaaaaaaaaaaaaaaaaaaaaaaaaaaaaaaaaaaaaaaaaaaaaaaaaaaaaaaaaaaaaaaaaaaaaaaaaaaaaaaaaaaaaaaaaaaaaaaaaaaaaaaaaaaaaaaaaaaaaaaaaaaaaaaaaaaaaaaaaaaaaaaaaaaaaaaaaaaaaaaaaaaaaaaaaaaaaaaaaaaaaaaaaaaaaaaaaaaaaaaaaaaaaaaaaaaaaaaaaaaaaaaaaaaaaaaaaaaaaaaaaaaaaaaaaaaaaaaaaaaaaaaaaaaaaaaaaaaaaaaaaaaaaaaaaaaaaaaaaaaaaaaaaaaaaaaaaaaaaaaaaaaaaaaaaaaaaaaaaaaaaaaaaaaaaaaaaaaaaaaaaaaaaaaaaaaaaaaaaaaaaaaaaaaaaaaaaaaaaaaaaaaaaaaaaaaaaaaaaaaaaaaaaaaaaaaaaaaaaaaaaaaaaaaaaaaaaaaaaaaaaaaaaaaaaaaaaaaaaaaaaaaaaaaaaaaaaaaaaaaaaaaaaaaaaaaaaaaaaaaaaaaaaaaaaaaaaaaaaaaaaaaaaaaaaaaaaaaaaaaaaaaaaaaaaaaaaaaaaaaaaaaaaaaaaaaaaaaaaaaaaaaaaaaaaaaaaaaaaaaaaaaaaaaaaaaaaaaaaaaaaaaaaaaaaaaaaaaaaaaaaaaaaaaaaaaaaaaaaaaaaaaaaaaaaaaaaaaaaaaaaaaaaaaaaaaaaaaaaaaaaaaaaaaaaaaaaaaaaaaaaaaaaaaaaaaaaaaaaaaaaaaaaaaaaaaaaaaaaaaaaaaaaaaaaaaaaaaaaaaaaaaaaaaaaaaaaaaaaaaaaaaaaaaaaaaaaaaaaaaaaaaaaaaaaaaaaaaaaaaaaaaaaaaaaaaaaaaaaaaaaaaaaaaaaaaaaaaaaaaaaaaaaaaaaaaaaaaaaaaaaaaaaaaaaaaaaaaaaaaaaaaaaaaaaaaaaaaaaaaaaaaaaaaaaaaaaaaaaaaaaaaaaaaaaaaaaaaaaaaaaaaaaaaaaaaaaaaaaaaaaaaaaaaaaaaaaaaaaaaaaaaaaaaaaaaaaaaaaaaaaaaaaaaaaaaaaaaaaaaaaaaaaaaaaaaaaaaaaaaaaaaaaaaaaaaaaaaaaaaaaaaaaaaaaaaaaaaaaaaaaaaaaaaaaaaaaaaaaaaaaaaaaaaaaaaaaaaaaaaaaaaaaaaaaaaaaaaaaaaaaaaaaaaaaaaaaaaaaaaaaaaaaaaaaaaaaaaaaaaaaaaaaaaaaaaaaaaaaaaaaaaaaaaaaaaaaaaaaaaaaaaaaaaaaaaaaaaaaaaaaaaaaaaaaaaaaaaaaaaaaaaaaaaaaaaaaaaaaaaaaaaaaaaaaaaaaaaaaaaaaaaaaaaaaaaaaaaaaaaaaaaaaaaaaaaaaaaaaaaaaaaaaaaaaaaaaaaaaaaaaaaaaaaaaaaaaaaaaaaaaaaaaaaaaaaaaaaaaaaaaaaaaaaaaaaaaaaaaaaaaaaaaaaaaaaaaaaaaaaaaaaaaaaaaaaaaaaaaaaaaaaaaaaaaaaaaaaaaaaaaaaaaaaaaaaaaaaaaaaaaaaaaaaaaaaaaaaaaaaaaaaaaaaaaaaaaaaaaaaaaaaaaaaaaaaaaaaaaaaaaaaaaaaaaaaaaaaaaaaaaaaaaaaaaaaaaaaaaaaaaaaaaaaaaaaaaaaaaaaaaaaaaaaaaaaaaaaaaaaaaaaaaaaaaaaaaaaaaaaaaaaaaaaaaaaaaaaaaaaaaaaaaaaaaaaaaaaaaaaaaaaaaaaaaaaaaaaaaaaaaaaaaaaaaaaaaaaaaaaaaaaaaaaaaaaaaaaaaaaaaaaaaaaaaaaaaaaaaaaaaaaaaaaaaaaaaaaaaaaaaaaaaaaaaaaaaaaaaaaaaaaaaaaaaaaaaaaaaaaaaaaaaaaaaaaaaaaaaaaaaaaaaaaaaaaaaaaaaaaaaaaaaaaaaaaaaaaaaaaaaaaaaaaaaaaaaaaaaaaaaaaaaaaaaaaaaaaaaaaaaaaaaaaaaaaaaaaaaaaaaaaaaaaaaaaaaaaaaaaaaaaaaaaaaaaaaaaaaaaaaaaaaaaaaaaaaaaaaaaaaaaaaaaaaaaaaaaaaaaaaaaaaaaaaaaaaaaaaaaaaaaaaaaaaaaaaaaaaaaaaaaaaaaaaaaaaaaaaaaaaaaaaaaaaaaaaaaaaaaaaaaaaaaaaaaaaaaaaaaaaaaaaaaaaaaaaaaaaaaaaaaaaaaaaaaaaaaaaaaaaaaaaaaaaaaaaaaaaaaaaaaaaaaaaaaaaaaaaaaaaaaaaaaaaaaaaaaaaaaaaaaaaaaaaaaaaaaaaaaaaaaaaaaaaaaaaaaaaaaaaaaaaaaaaaaaaaaaaaaaaaaaaaaaaaaaaaaaaaaaaaaaaaaaaaaaaaaaaaaaaaaaaaaaaaaaaaaaaaaaaaaaaaaaaaaaaaaaaaaaaaaaaaaaaaaaaaaaaaaaaaaaaaaaaaaaaaaaaaaaaaaaaaaaaaaaaaaaaaaaaaaaaaaaaaaaaaaaaaaaaaaaaaaaaaaaaaaaaaaaaaaaaaaaaaaaaaaaaaaaaaaaaaaaaaaaaaaaaaaaaaaaaaaaaaaaaaaaaaaaaaaaaaaaaaaaaaaaaaaaaaaaaaaaaaaaaaaaaaaaaaaaaaaaaaaaaaaaaaaaaaaaaaaaaaaaaaaaaaaaaaaaaaaaaaaaaaaaaaaaaaaaaaaaaaaaaaaaaaaaaaaaaaaaaaaaaaaaaaaaaaaaaaaaaaaaaaaaaaaaaaaaaaaaaaaaaaaaaaaaaaaaaaaaaaaaaaaaaaaaaaaaaaaaaaaaaaaaaaaaaaaaaaaaaaaaaaaaaaaaaaaaaaaaaaaaaaaaaaaaaaaaaaaaaaaaaaaaaaaaaaaaaaaaaaaaaaaaaaaaaaaaaaaaaaaaaaaaaaaaaaaaaaaaaaaaaaaaaaaaaaaaaaaaaaaaaaaaaaaaaaaaaaaaaaaaaaaaaaaaaaaaaaaaaaaaaaaaaaaaaaaaaaaaaaaaaaaaaaaaaaaaaaaaaaaaaaaaaaaaaaaaaaaaaaaaaaaaaaaaaaaaaaaaaaaaaaaaaaaaaaaaaaaaaaaaaaaaaaaaaaaaaaaaaaaaaaaaaaaaaaaaaaaaaaaaaaaaaaaaaaaaaaaaaaaaaaaaaaaaaaaaaaaaaaaaaaaaaaaaaaaaaaaaaaaaaaaaaaaaaaaaaaaaaaaaaaaaaaaaaaaaaaaaaaaaaaaaaaaaaaaaaaaaaaaaaaaaaaaaaaaaaaaaaaaaaaaaaaaaaaaaaaaaaaaaaaaaaaaaaaaaaaaaaaaaaaaaaaaaaaaaaaaaaaaaaaaaaaaaaaaaaaaaaaaaaaaaaaaaaaaaaaaaaaaaaaaaaaaaaaaaaaaaaaaaaaaaaaaaaaaaaaaaaaaaaaaaaaaaaaaaaaaaaaaaaaaaaaaaaaaaaaaaaaaaaaaaaaaaaaaaaaaaaaaaaaaaaaaaaaaaaaaaaaaaaaaaaaaaaaaaaaaaaaaaaaaaaaaaaaaaaaaaaaaaaaaaaaaaaaaaaaaaaaaaaaaaaaaaaaaaaaaaaaaaaaaaaaaaaaaaaaaaaaaaaaaaaaaaaaaaaaaaaaaaaaaaaaaaaaaaaaaaaaaaaaaaaaaaaaaaaaaaaaaaaaaaaaaaaaaaaaaaaaaaaaaaaaaaaaaaaaaaaaaaaaaaaaaaaaaaaaaaaaaaaaaaaaaaaaaaaaaaaaaaaaaaaaaaaaaaaaaaaaaaaaaaaaaaaaaaaaaaaaaaaaaaaaaaaaaaaaaaaaaaaaaaaaaaaaaaaaaaaaaaaaaaaaaaaaaaaaaaaaaaaaaaaaaaaaaaaaaaaaaaaaaaaaaaaaaaaaaaaaaaaaaaaaaaaaaaaaaaaaaaaaaaaaaaaaaaaaaaaaaaaaaaaaaaaaaaaaaaaaaaaaaaaaaaaaaaaaaaaaaaaaaaaaaaaaaaaaaaaaaaaaaaaaaaaaaaaaaaaaaaaaaaaaaaaaaaaaaaaaaaaaaaaaaaaaaaaaaaaaaaaaaaaaaaaaaaaaaaaaaaaaaaaaaaaaaaaaaaaaaaaaaaaaaaaaaaaaaaaaaaaaaaaaaaaaaaaaaaaaaaaaaaaaaaaaaaaaaaaaaaaaaaaaaaaaaaaaaaaaaaaaaaaaaaaaaaaaaaaaaaaaaaaaaaaaaaaaaaaaaaaaaaaaaaaaaaaaaaaaaaaaaaaaaaaaaaaaaaaaaaaaaaaaaaaaaaaaaaaaaaaaaaaaaaaaaaaaaaaaaaaaaaaaaaaaaaaaaaaaaaaaaaaaaaaaaaaaaaaaaaaaaaaaaaaaaaaaaaaaaaaaaaaaaaaaaaaaaaaaaaaaaaaaaaaaaaaaaaaaaaaaaaaaaaaaaaaaaaaaaaaaaaaaaaaaaaaaaaaaaaaaaaaaaaaaaaaaaaaaaaaaaaaaaaaaaaaaaaaaaaaaaaaaaaaaaaaaaaaaaaaaaaaaaaaaaaaaaaaaaaaaaaaaaaaaaaaaaaaaaaaaaaaaaaaaaaaaaaaaaaaaaaaaaaaaaaaaaaaaaaaaaaaaaaaaaaaaaaaaaaaaaaaaaaaaaaaaaaaaaaaaaaaaaaaaaaaaaaaaaaaaaaaaaaaaaaaaaaaaaaaaaaaaaaaaaaaaaaaaaaaaaaaaaaaaaaaaaaaaaaaaaaaaaaaaaaaaaaaaaaaaaaaaaaaaaaaaaaaaaaaaaaaaaaaaaaaaaaaaaaaaaaaaaaaaaaaaaaaaaaaaaaaaaaaaaaaaaaaaaaaaaaaaaaaaaaaaaaaaaaaaaaaaaaaaaaaaaaaaaaaaaaaaaaaaaaaaaaaaaaaaaaaaaaaaaaaaaaaaaaaaaaaaaaaaaaaaaaaaaaaaaaaaaaaaaaaaaaaaaaaaaaaaaaaaaaaaaaaaaaaaaaaaaaaaaaaaaaaaaaaaaaaaaaaaaaaaaaaaaaaaaaaaaaaaaaaaaaaaaaaaaaaaaaaaaaaaaaaaaaaaaaaaaaaaaaaaaaaaaaaaaaaaaaaaaaaaaaaaaaaaaaaaaaaaaaaaaaaaaaaaaaaaaaaaaaaaaaaaaaaaaaaaaaaaaaaaaaaaaaaaaaaaaaaaaaaaaaaaaaaaaaaaaaaaaaaaaaaaaaaaaaaaaaaaaaaaaaaaaaaaaaaaaaaaaaaaaaaaaaaaaaaaaaaaaaaaaaaaaaaaaaaaaaaaaaaaaaaaaaaaaaaaaaaaaaaaaaaaaaaaaaaaaaaaaaaaaaaaaaaaaaaaaaaaaaaaaaaaaaaaaaaaaaaaaaaaaaaaaaaaaaaaaaaaaaaaaaaaaaaaaaaaaaaaaaaaaaaaaaaaaaaaaaaaaaaaaaaaaaaaaaaaaaaaaaaaaaaaaaaaaaaaaaaaaaaaaaaaaaaaaaaaaaaaaaaaaaaaaaaaaaaaaaaaaaaaaaaaaaaaaaaaaaaaaaaaaaaaaaaaaaaaaaaaaaaaaaaaaaaaaaaaaaaaaaaaaaaaaaaaaaaaaaaaaaaaaaaaaaaaaaaaaaaaaaaaaaaaaaaaaaaaaaaaaaaaaaaaaaaaaaaaaaaaaaaaaaaaaaaaaaaaaaaaaaaaaaaaaaaaaaaaaaaaaaaaaaaaaaaaaaaaaaaaaaaaaaaaaaaaaaaaaaaaaaaaaaaaaaaaaaaaaaaaaaaaaaaaaaaaaaaaaaaaaaaaaaaaaaaaaaaaaaaaaaaaaaaaaaaaaaaaaaaaaaaaaaaaaaaaaaaaaaaaaaaaaaaaaaaaaaaaaaaaaaaaaaaaaaaaaaaaaaaaaaaaaaaaaaaaaaaaaaaaaaaaaaaaaaaaaaaaaaaaaaaaaaaaaaaaaaaaaaaaaaaaaaaaaaaaaaaaaaaaaaaaaaaaaaaaaaaaaaaaaaaaaaaaaaaaaaaaaaaaaaaaaaaaaaaaaaaaaaaaaaaaaaaaaaaaaaaaaaaaaaaaaaaaaaaaaaaaaaaaaaaaaaaaaaaaaaaaaaaaaaaaaaaaaaaaaaaaaaaaaaaaaaaaaaaaaaaaaaaaaaaaaaaaaaaaaaaaaaaaaaaaaaaaaaaaaaaaaaaaaaaaaaaaaaaaaaaaaaaaaaaaaaaaaaaaaaaaaaaaaaaaaaaaaaaaaaaaaaaaaaaaaaaaaaaaaaaaaaaaaaaaaaaaaaaaaaaaaaaaaaaaaaaaaaaaaaaaaaaaaaaaaaaaaaaaaaaaaaaaaaaaaaaaaaaaaaaaaaaaaaaaaaaaaaaaaaaaaaaaaaaaaaaaaaaaaaaaaaaaaaaaaaaaaaaaaaaaaaaaaaaaaaaaaaaaaaaaaaaaaaaaaaaaaaaaaaaaaaaaaaaaaaaaaaaaaaaaaaaaaaaaaaaaaaaaaaaaaaaaaaaaaaaaaaaaaaaaaaaaaaaaaaaaaaaaaaaaaaaaaaaaaaaaaaaaaaaaaaaaaaaaaaaaaaaaaaaaaaaaaaaaaaaaaaaaaaaaaaaaaaaaaaaaaaaaaaaaaaaaaaaaaaaaaaaaaaaaaaaaaaaaaaaaaaaaaaaaaaaaaaaaaaaaaaaaaaaaaaaaaaaaaaaaaaaaaaaaaaaaaaaaaaaaaaaaaaaaaaaaaaaaaaaaaaaaaaaaaaaaaaaaaaaaaaaaaaaaaaaaaaaaaaaaaaaaaaaaaaaaaaaaaaaaaaaaaaaaaaaaaaaaaaaaaaaaaaaaaaaaaaaaaaaaaaaaaaaaaaaaaaaaaaaaaaaaaaaaaaaaaaaaaaaaaaaaaaaaaaaaaaaaaaaaaaaaaaaaaaaaaaaaaaaaaaaaaaaaaaaaaaaaaaaaaaaaaaaaaaaaaaaaaaaaaaaaaaaaaaaaaaaaaaaaaaaaaaaaaaaaaaaaaaaaaaaaaaaaaaaaaaaaaaaaaaaaaaaaaaaaaaaaaaaaaaaaaaaaaaaaaaaaaaaaaaaaaaaaaaaaaaaaaaaaaaaaaaaaaaaaaaaaaaaaaaaaaaaaaaaaaaaaaaaaaaaaaaaaaaaaaaaaaaaaaaaaaaaaaaaaaaaaaaaaaaaaaaaaaaaaaaaaaaaaaaaaaaaaaaaaaaaaaaaaaaaaaaaaaaaaaaaaaaaaaaaaaaaaaaaaaaaaaaaaaaaaaaaaaaaaaaaaaaaaaaaaaaaaaaaaaaaaaaaaaaaaaaaaaaaaaaaaaaaaaaaaaaaaaaaaaaaaaaaaaaaaaaaaaaaaaaaaaaaaaaaaaaaaaaaaaaaaaaaaaaaaaaaaaaaaaaaaaaaaaaaaaaaaaaaaaaaaaaaaaaaaaaaaaaaaaaaaaaaaaaaaaaaaaaaaaaaaaaaaaaaaaaaaaaaaaaaaaaaaaaaaaaaaaaaaaaaaaaaaaaaaaaaaaaaaaaaaaaaaaaaaaaaaaaaaaaaaaaaaaaaaaaaaaaaaaaaaaaaaaaaaaaaaaaaaaaaaaaaaaaaaaaaaaaaaaaaaaaaaaaaaaaaaaaaaaaaaaaaaaaaaaaaaaaaaaaaaaaaaaaaaaaaaaaaaaaaaaaaaaaaaaaaaaaaaaaaaaaaaaaaaaaaaaaaaaaaaaaaaaaaaaaaaaaaaaaaaaaaaaaaaaaaaaaaaaaaaaaaaaaaaaaaaaaaaaaaaaaaaaaaaaaaaaaaaaaaaaaaaaaaaaaaaaaaaaaaaaaaaaaaaaaaaaaaaaaaaaaaaaaaaaaaaaaaaaaaaaaaaaaaaaaaaaaaaaaaaaaaaaaaaaaaaaaaaaaaaaaaaaaaaaaaaaaaaaaaaaaaaaaaaaaaaaaaaaaaaaaaaaaaaaaaaaaaaaaaaaaaaaaaaaaaaaaaaaaaaaaaaaaaaaaaaaaaaaaaaaaaaaaaaaaaaaaaaaaaaaaaaaaaaaaaaaaaaaaaaaaaaaaaaaaaaaaaaaaaaaaaaaaaaaaaaaaaaaaaaaaaaaaaaaaaaaaaaaaaaaaaaaaaaaaaaaaaaaaaaaaaaaaaaaaaaaaaaaaaaaaaaaaaaaaaaaaaaaaaaaaaaaaaaaaaaaaaaaaaaaaaaaaaaaaaaaaaaaaaaaaaaaaaaaaaaaaaaaaaaaaaaaaaaaaaaaaaaaaaaaaaaaaaaaaaaaaaaaaaaaaaaaaaaaaaaaaaaaaaaaaaaaaaaaaaaaaaaaaaaaaaaaaaaaaaaaaaaaaaaaaaaaaaaaaaaaaaaaaaaaaaaaaaaaaaaaaaaaaaaaaaaaaaaaaaaaaaaaaaaaaaaaaaaaaaaaaaaaaaaaaaaaaaaaaaaaaaaaaaaaaaaaaaaaaaaaaaaaaaaaaaaaaaaaaaaaaaaaaaaaaaaaaaaaaaaaaaaaaaaaaaaaaaaaaaaaaaaaaaaaaaaaaaaaaaaaaaaaaaaaaaaaaaaaaaaaaaaaaaaaaaaaaaaaaaaaaaaaaaaaaaaaaaaaaaaaaaaaaaaaaaaaaaaaaaaaaaaaaaaaaaaaaaaaaaaaaaaaaaaaaaaaaaaaaaaaaaaaaaaaaaaaaaaaaaaaaaaaaaaaaaaaaaaaaaaaaaaaaaaaaaaaaaaaaaaaaaaaaaaaaaaaaaaaaaaaaaaaaaaaaaaaaaaaaaaaaaaaaaaaaaaaaaaaaaaaaaaaaaaaaaaaaaaaaaaaaaaaaaaaaaaaaaaaaaaaaaaaaaaaaaaaaaaaaaaaaaaaaaaaaaaaaaaaaaaaaaaaaaaaaaaaaaaaaaaaaaaaaaaaaaaaaaaaaaaaaaaaaaaaaaaaaaaaaaaaaaaaaaaaaaaaaaaaaaaaaaaaaaaaaaaaaaaaaaaaaaaaaaaaaaaaaaaaaaaaaaaaaaaaaaaaaaaaaaaaaaaaaaaaaaaaaaaaaaaaaaaaaaaaaaaaaaaaaaaaaaaaaaaaaaaaaaaaaaaaaaaaaaaaaaaaaaaaaaaaaaaaaaaaaaaaaaaaaaaaaaaaaaaaaaaaaaaaaaaaaaaaaaaaaaaaaaaaaaaaaaaaaaaaaaaaaaaaaaaaaaaaaaaaaaaaaaaaaaaaaaaaaaaaaaaaaaaaaaaaaaaaaaaaaaaaaaaaaaaaaaaaaaaaaaaaaaaaaaaaaaaaaaaaaaaaaaaaaaaaaaaaaaaaaaaaaaaaaaaaaaaaaaaaaaaaaaaaaaaaaaaaaaaaaaaaaaaaaaaaaaaaaaaaaaaaaaaaaaaaaaaaaaaaaaaaaaaaaaaaaaaaaaaaaaaaaaaaaaaaaaaaaaaaaaaaaaaaaaaaaaaaaaaaaaaaaaaaaaaaaaaaaaaaaaaaaaaaaaaaaaaaaaaaaaaaaaaaaaaaaaaaaaaaaaaaaaaaaaaaaaaaaaaaaaaaaaaaaaaaaaaaaaaaaaaaaaaaaaaaaaaaaaaaaaaaaaaaaaaaaaaaaaaaaaaaaaaaaaaaaaaaaaaaaaaaaaaaaaaaaaaaaaaaaaaaaaaaaaaaaaaaaaaaaaaaaaaaaaaaaaaaaaaaaaaaaaaaaaaaaaaaaaaaaaaaaaaaaaaaaaaaaaaaaaaaaaaaaaaaaaaaaaaaaaaaaaaaaaaaaaaaaaaaaaaaaaaaaaaaaaaaaaaaaaaaaaaaaaaaaaaaaaaaaaaaaaaaaaaaaaaaaaaaaaaaaaaaaaaaaaaaaaaaaaaaaaaaaaaaaaaaaaaaaaaaaaaaaaaaaaaaaaaaaaaaaaaaaaaaaaaaaaaaaaaaaaaaaaaaaaaaaaaaaaaaaaaaaaaaaaaaaaaaaaaaaaaaaaaaaaaaaaaaaaaaaaaaaaaaaaaaaaaaaaaaaaaaaaaaaaaaaaaaaaaaaaaaaaaaaaaaaaaaaaaaaaaaaaaaaaaaaaaaaaaaaaaaaaaaaaaaaaaaaaaaaaaaaaaaaaaaaaaaaaaaaaaaaaaaaaaaaaaaaaaaaaaaaaaaaaaaaaaaaaaaaaaaaaaaaaaaaaaaaaaaaaaaaaaaaaaaaaaaaaaaaaaaaaaaaaaaaaaaaaaaaaaaaaaaaaaaaaaaaaaaaaaaaaaaaaaaaaaaaaaaaaaaaaaaaaaaaaaaaaaaaaaaaaaaaaaaaaaaaaaaaaaaaaaaaaaaaaaaaaaaaaaaaaaaaaaaaaaaaaaaaaaaaaaaaaaaaaaaaaaaaaaaaaaaaaaaaaaaaaaaaaaaaaaaaaaaaaaaaaaaaaaaaaaaaaaaaaaaaaaaaaaaaaaaaaaaaaaaaaaaaaaaaaaaaaaaaaaaaaaaaaaaaaaaaaaaaaaaaaaaaaaaaaaaaaaaaaaaaaaaaaaaaaaaaaaaaaaaaaaaaaaaaaaaaaaaaaaaaaaaaaaaaaaaaaaaaaaaaaaaaaaaaaaaaaaaaaaaaaaaaaaaaaaaaaaaaaaaaaaaaaaaaaaaaaaaaaaaaaaaaaaaaaaaaaaaaaaaaaaaaaaaaaaaaaaaaaaaaaaaaaaaaaaaaaaaaaaaaaaaaaaaaaaaaaaaaaaaaaaaaaaaaaaaaaaaaaaaaaaaaaaaaaaaaaaaaaaaaaaaaaaaaaaaaaaaaaaaaaaaaaaaaaaaaaaaaaaaaaaaaaaaaaaaaaaaaaaaaaaaaaaaaaaaaaaaaaaaaaaaaaaaaaaaaaaaaaaaaaaaaaaaaaaaaaaaaaaaaaaaaaaaaaaaaaaaaaaaaaaaaaaaaaaaaaaaaaaaaaaaaaaaaaaaaaaaaaaaaaaaaaaaaaaaaaaaaaaaaaaaaaaaaaaaaaaaaaaaaaaaaaaaaaaaaaaaaaaaaaaaaaaaaaaaaaaaaaaaaaaaaaaaaaaaaaaaaaaaaaaaaaaaaaaaaaaaaaaaaaaaaaaaaaaaaaaaaaaaaaaaaaaaaaaaaaaaaaaaaaaaaaaaaaaaaaaaaaaaaaaaaaaaaaaaaaaaaaaaaaaaaaaaaaaaaaaaaaaaaaaaaaaaaaaaaaaaaaaaaaaaaaaaaaaaaaaaaaaaaaaaaaaaaaaaaaaaaaaaaaaaaaaaaaaaaaaaaaaaaaaaaaaaaaaaaaaaaaaaaaaaaaaaaaaaaaaaaaaaaaaaaaaaaaaaaaaaaaaaaaaaaaaaaaaaaaaaaaaaaaaaaaaaaaaaaaaaaaaaaaaaaaaaaaaaaaaaaaaaaaaaaaaaaaaaaaaaaaaaaaaaaaaaaaaaaaaaaaaaaaaaaaaaaaaaaaaaaaaaaaaaaaaaaaaaaaaaaaaaaaaaaaaaaaaaaaaaaaaaaaaaaaaaaaaaaaaaaaaaaaaaaaaaaaaaaaaaaaaaaaaaaaaaaaaaaaaaaaaaaaaaaaaaaaaaaaaaaaaaaaaaaaaaaaaaaaaaaaaaaaaaaaaaaaaaaaaaaaaaaaaaaaaaaaaaaaaaaaaaaaaaaaaaaaaaaaaaaaaaaaaaaaaaaaaaaaaaaaaaaaaaaaaaaaaaaaaaaaaaaaaaaaaaaaaaaaaaaaaaaaaaaaaaaaaaaaaaaaaaaaaaaaaaaaaaaaaaaaaaaaaaaaaaaaaaaaaaaaaaaaaaaaaaaaaaaaaaaaaaaaaaaaaaaaaaaaaaaaaaaaaaaaaaaaaaaaaaaaaaaaaaaaaaaaaaaaaaaaaaaaaaaaaaaaaaaaaaaaaaaaaaaaaaaaaaaaaaaaaaaaaaaaaaaaaaaaaaaaaaaaaaaaaaaaaaaaaaaaaaaaaaaaaaaaaaaaaaaaaaaaaaaaaaaaaaaaaaaaaaaaaaaaaaaaaaaaaaaaaaaaaaaaaaaaaaaaaaaaaaaaaaaaaaaaaaaaaaaaaaaaaaaaaaaaaaaaaaaaaaaaaaaaaaaaaaaaaaaaaaaaaaaaaaaaaaaaaaaaaaaaaaaaaaaaaaaaaaaaaaaaaaaaaaaaaaaaaaaaaaaaaaaaaaaaaaaaaaaaaaaaaaaaaaaaaaaaaaaaaaaaaaaaaaaaaaaaaaaaaaaaaaaaaaaaaaaaaaaaaaaaaaaaaaaaaaaaaaaaaaaaaaaaaaaaaaaaaaaaaaaaaaaaaaaaaaaaaaaaaaaaaaaaaaaaaaaaaaaaaaaaaaaaaaaaaaaaaaaaaaaaaaaaaaaaaaaaaaaaaaaaaaaaaaaaaaaaaaaaaaaaaaaaaaaaaaaaaaaaaaaaaaaaaaaaaaaaaaaaaaaaaaaaaaaaaaaaaaaaaaaaaaaaaaaaaaaaaaaaaaaaaaaaaaaaaaaaaaaaaaaaaaaaaaaaaaaaaaaaaaaaaaaaaaaaaaaaaaaaaaaaaaaaaaaaaaaaaaaaaaaaaaaaaaaaaaaaaaaaaaaaaaaaaaaaaaaaaaaaaaaaaaaaaaaaaaaaaaaaaaaaaaaaaaaaaaaaaaaaaaaaaaaaaaaaaaaaaaaaaaaaaaaaaaaaaaaaaaaaaaaaaaaaaaaaaaaaaaaaaaaaaaaaaaaaaaaaaaaaaaaaaaaaaaaaaaaaaaaaaaaaaaaaaaaaaaaaaaaaaaaaaaaaaaaaaaaaaaaaaaaaaaaaaaaaaaaaaaaaaaaaaaaaaaaaaaaaaaaaaaaaaaaaaaaaaaaaaaaaaaaaaaaaaaaaaaaaaaaaaaaaaaaaaaaaaaaaaaaaaaaaaaaaaaaaaaaaaaaaaaaaaaaaaaaaaaaaaaaaaaaaaaaaaaaaaaaaaaaaaaaaaaaaaaaaaaaaaaaaaaaaaaaaaaaaaaaaaaaaaaaaaaaaaaaaaaaaaaaaaaaaaaaaaaaaaaaaaaaaaaaaaaaaaaaaaaaaaaaaaaaaaaaaaaaaaaaaaaaaaaaaaaaaaaaaaaaaaaaaaaaaaaaaaaaaaaaaaaaaaaaaaaaaaaaaaaaaaaaaaaaaaaaaaaaaaaaaaaaaaaaaaaaaaaaaaaaaaaaaaaaaaaaaaaaaaaaaaaaaaaaaaaaaaaaaaaaaaaaaaaaaaaaaaaaaaaaaaaaaaaaaaaaaaaaaaaaaaaaaaaaaaaaaaaaaaaaaaaaaaaaaaaaaaaaaaaaaaaaaaaaaaaaaaaaaaaaaaaaaaaaaaaaaaaaaaaaaaaaaaaaaaaaaaaaaaaaaaaaaaaaaaaaaaaaaaaaaaaaaaaaaaaaaaaaaaaaaaaaaaaaaaaaaaaaaaaaaaaaaaaaaaaaaaaaaaaaaaaaaaaaaaaaaaaaaaaaaaaaaaaaaaaaaaaaaaaaaaaaaaaaaaaaaaaaaaaaaaaaaaaaaaaaaaaaaaaaaaaaaaaaaaaaaaaaaaaaaaaaaaaaaaaaaaaaaaaaaaaaaaaaaaaaaaaaaaaaaaaaaaaaaaaaaaaaaaaaaaaaaaaaaaaaaaaaaaaaaaaaaaaaaaaaaaaaaaaaaaaaaaaaaaaaaaaaaaaaaaaaaaaaaaaaaaaaaaaaaaaaaaaaaaaaaaaaaaaaaaaaaaaaaaaaaaaaaaaaaaaaaaaaaaaaaaaaaaaaaaaaaaaaaaaaaaaaaaaaaaaaaaaaaaaaaaaaaaaaaaaaaaaaaaaaaaaaaaaaaaaaaaaaaaaaaaaaaaaaaaaaaaaaaaaaaaaaaaaaaaaaaaaaaaaaaaaaaaaaaaaaaaaaaaaaaaaaaaaaaaaaaaaaaaaaaaaaaaaaaaaaaaaaaaaaaaaaaaaaaaaaaaaaaaaaaaaaaaaaaaaaaaaaaaaaaaaaaaaaaaaaaaaaaaaaaaaaaaaaaaaaaaaaaaaaaaaaaaaaaaaaaaaaaaaaaaaaaaaaaaaaaaaaaaaaaaaaaaaaaaaaaaaaaaaaaaaaaaaaaaaaaaaaaaaaaaaaaaaaaaaaaaaaaaaaaaaaaaaaaaaaaaaaaaaaaaaaaaaaaaaaaaaaaaaaaaaaaaaaaaaaaaaaaaaaaaaaaaaaaaaaaaaaaaaaaaaaaaaaaaaaaaaaaaaaaaaaaaaaaaaaaaaaaaaaaaaaaaaaaaaaaaaaaaaaaaaaaaaaaaaaaaaaaaaaaaaaaaaaaaaaaaaaaaaaaaaaaaaaaaaaaaaaaaaaaaaaaaaaaaaaaaaaaaaaaaaaaaaaaaaaaaaaaaaaaaaaaaaaaaaaaaaaaaaaaaaaaaaaaaaaaaaaaaaaaaaaaaaaaaaaaaaaaaaaaaaaaaaaaaaaaaaaaaaaaaaaaaaaaaaaaaaaaaaaaaaaaaaaaaaaaaaaaaaaaaaaaaaaaaaaaaaaaaaaaaaaaaaaaaaaaaaaaaaaaaaaaaaaaaaaaaaaaaaaaaaaaaaaaaaaaaaaaaaaaaaaaaaaaaaaaaaaaaaaaaaaaaaaaaaaaaaaaaaaaaaaaaaaaaaaaaaaaaaaaaaaaaaaaaaaaaaaaaaaaaaaaaaaaaaaaaaaaaaaaaaaaaaaaaaaaaaaaaaaaaaaaaaaaaaaaaaaaaaaaaaaaaaaaaaaaaaaaaaaaaaaaaaaaaaaaaaaaaaaaaaaaaaaaaaaaaaaaaaaaaaaaaaaaaaaaaaaaaaaaaaaaaaaaaaaaaaaaaaaaaaaaaaaaaaaaaaaaaaaaaaaaaaaaaaaaaaaaaaaaaaaaaaaaaaaaaaaaaaaaaaaaaaaaaaaaaaaaaaaaaaaaaaaaaaaaaaaaaaaaaaaaaaaaaaaaaaaaaaaaaaaaaaaaaaaaaaaaaaaaaaaaaaaaaaaaaaaaaaaaaaaaaaaaaaaaaaaaaaaaaaaaaaaaaaaaaaaaaaaaaaaaaaaaaaaaaaaaaaaaaaaaaaaaaaaaaaaaaaaaaaaaaaaaaaaaaaaaaaaaaaaaaaaaaaaaaaaaaaaaaaaaaaaaaaaaaaaaaaaaaaaaaaaaaaaaaaaaaaaaaaaaaaaaaaaaaaaaaaaaaaaaaaaaaaaaaaaaaaaaaaaaaaaaaaaaaaaaaaaaaaaaaaaaaaaaaaaaaaaaaaaaaaaaaaaaaaaaaaaaaaaaaaaaaaaaaaaaaaaaaaaaaaaaaaaaaaaaaaaaaaaaaaaaaaaaaaaaaaaaaaaaaaaaaaaaaaaaaaaaaaaaaaaaaaaaaaaaaaaaaaaaaaaaaaaaaaaaaaaaaaaaaaaaaaaaaaaaaaaaaaaaaaaaaaaaaaaaaaaaaaaaaaaaaaaaaaaaaaaaaaaaaaaaaaaaaaaaaaaaaaaaaaaaaaaaaaaaaaaaaaaaaaaaaaaaaaaaaaaaaaaaaaaaaaaaaaaaaaaaaaaaaaaaaaaaaaaaaaaaaaaaaaaaaaaaaaaaaaaaaaaaaaaaaaaaaaaaaaaaaaaaaaaaaaaaaaaaaaaaaaaaaaaaaaaaaaaaaaaaaaaaaaaaaaaaaaaaaaaaaaaaaaaaaaaaaaaaaaaaaaaaaaaaaaaaaaaaaaaaaaaaaaaaaaaaaaaaaaaaaaaaaaaaaaaaaaaaaaaaaaaaaaaaaaaaaaaaaaaaaaaaaaaaaaaaaaaaaaaaaaaaaaaaaaaaaaaaaaaaaaaaaaaaaaaaaaaaaaaaaaaaaaaaaaaaaaaaaaaaaaaaaaaaaaaaaaaaaaaaaaaaaaaaaaaaaaaaaaaaaaaaaaaaaaaaaaaaaaaaaaaaaaaaaaaaaaaaaaaaaaaaaaaaaaaaaaaaaaaaaaaaaaaaaaaaaaaaaaaaaaaaaaaaaaaaaaaaaaaaaaaaaaaaaaaaaaaaaaaaaaaaaaaaaaaaaaaaaaaaaaaaaaaaaaaaaaaaaaaaaaaaaaaaaaaaaaaaaaaaaaaaaaaaaaaaaaaaaaaaaaaaaaaaaaaaaaaaaaaaaaaaaaaaaaaaaaaaaaaaaaaaaaaaaaaaaaaaaaaaaaaaaaaaaaaaaaaaaaaaaaaaaaaaaaaaaaaaaaaaaaaaaaaaaaaaaaaaaaaaaaaaaaaaaaaaaaaaaaaaaaaaaaaaaaaaaaaaaaaaaaaaaaaaaaaaaaaaaaaaaaaaaaaaaaaaaaaaaaaaaaaaaaaaaaaaaaaaaaaaaaaaaaaaaaaaaaaaaaaaaaaaaaaaaaaaaaaaaaaaaaaaaaaaaaaaaaaaaaaaaaaaaaaaaaaaaaaaaaaaaaaaaaaaaaaaaaaaaaaaaaaaaaaaaaaaaaaaaaaaaaaaaaaaaaaaaaaaaaaaaaaaaaaaaaaaaaaaaaaaaaaaaaaaaaaaaaaaaaaaaaaaaaaaaaaaaaaaaaaaaaaaaaaaaaaaaaaaaaaaaaaaaaaaaaaaaaaaaaaaaaaaaaaaaaaaaaaaaaaaaaaaaaaaaaaaaaaaaaaaaaaaaaaaaaaaaaaaaaaaaaaaaaaaaaaaaaaaaaaaaaaaaaaaaaaaaaaaaaaaaaaaaaaaaaaaaaaaaaaaaaaaaaaaaaaaaaaaaaaaaaaaaaaaaaaaaaaaaaaaaaaaaaaaaaaaaaaaaaaaaaaaaaaaaaaaaaaaaaaaaaaaaaaaaaaaaaaaaaaaaaaaaaaaaaaaaaaaaaaaaaaaaaaaaaaaaaaaaaaaaaaaaaaaaaaaaaaaaaaaaaaaaaaaaaaaaaaaaaaaaaaaaaaaaaaaaaaaaaaaaaaaaaaaaaaaaaaaaaaaaaaaaaaaaaaaaaaaaaaaaaaaaaaaaaaaaaaaaaaaaaaaaaaaaaaaaaaaaaaaaaaaaaaaaaaaaaaaaaaaaaaaaaaaaaaaaaaaaaaaaaaaaaaaaaaaaaaaaaaaaaaaaaaaaaaaaaaaaaaaaaaaaaaaaaaaaaaaaaaaaaaaaaaaaaaaaaaaaaaaaaaaaaaaaaaaaaaaaaaaaaaaaaaaaaaaaaaaaaaaaaaaaaaaaaaaaaaaaaaaaaaaaaaaaaaaaaaaaaaaaaaaaaaaaaaaaaaaaaaaaaaaaaaaaaaaaaaaaaaaaaaaaaaaaaaaaaaaaaaaaaaaaaaaaaaaaaaaaaaaaaaaaaaaaaaaaaaaaaaaaaaaaaaaaaaaaaaaaaaaaaaaaaaaaaaaaaaaaaaaaaaaaaaaaaaaaaaaaaaaaaaaaaaaaaaaaaaaaaaaaaaaaaaaaaaaaaaaaaaaaaaaaaaaaaaaaaaaaaaaaaaaaaaaaaaaaaaaaaaaaaaaaaaaaaaaaaaaaaaaaaaaaaaaaaaaaaaaaaaaaaaaaaaaaaaaaaaaaaaaaaaaaaaaaaaaaaaaaaaaaaaaaaaaaaaaaaaaaaaaaaaaaaaaaaaaaaaaaaaaaaaaaaaaaaaaaaaaaaaaaaaaaaaaaaaaaaaaaaaaaaaaaaaaaaaaaaaaaaaaaaaaaaaaaaaaaaaaaaaaaaaaaaaaaaaaaaaaaaaaaaaaaaaaaaaaaaaaaaaaaaaaaaaaaaaaaaaaaaaaaaaaaaaaaaaaaaaaaaaaaaaaaaaaaaaaaaaaaaaaaaaaaaaaaaaaaaaaaaaaaaaaaaaaaaaaaaaaaaaaaaaaaaaaaaaaaaaaaaaaaaaaaaaaaaaaaaaaaaaaaaaaaaaaaaaaaaaaaaaaaaaaaaaaaaaaaaaaaaaaaaaaaaaaaaaaaaaaaaaaaaaaaaaaaaaaaaaaaaaaaaaaaaaaaaaaaaaaaaaaaaaaaaaaaaaaaaaaaaaaaaaaaaaaaaaaaaaaaaaaaaaaaaaaaaaaaaaaaaaaaaaaaaaaaaaaaaaaaaaaaaaaaaaaaaaaaaaaaaaaaaaaaaaaaaaaaaaaaaaaaaaaaaaaaaaaaaaaaaaaaaaaaaaaaaaaaaaaaaaaaaaaaaaaaaaaaaaaaaaaaaaaaaaaaaaaaaaaaaaaaaaaaaaaaaaaaaaaaaaaaaaaaaaaaaaaaaaaaaaaaaaaaaaaaaaaaaaaaaaaaaaaaaaaaaaaaaaaaaaaaaaaaaaaaaaaaaaaaaaaaaaaaaaaaaaaaaaaaaaaaaaaaaaaaaaaaaaaaaaaaaaaaaaaaaaaaaaaaaaaaaaaaaaaaaaaaaaaaaaaaaaaaaaaaaaaaaaaaaaaaaaaaaaaaaaaaaaaaaaaaaaaaaaaaaaaaaaaaaaaaaaaaaaaaaaaaaaaaaaaaaaaaaaaaaaaaaaaaaaaaaaaaaaaaaaaaaaaaaaaaaaaaaaaaaaaaaaaaaaaaaaaaaaaaaaaaaaaaaaaaaaaaaaaaaaaaaaaaaaaaaaaaaaaaaaaaaaaaaaaaaaaaaaaaaaaaaaaaaaaaaaaaaaaaaaaaaaaaaaaaaaaaaaaaaaaaaaaaaaaaaaaaaaaaaaaaaaaaaaaaaaaaaaaaaaaaaaaaaaaaaaaaaaaaaaaaaaaaaaaaaaaaaaaaaaaaaaaaaaaaaaaaaaaaaaaaaaaaaaaaaaaaaaaaaaaaaaaaaaaaaaaaaaaaaaaaaaaaaaaaaaaaaaaaaaaaaaaaaaaaaaaaaaaaaaaaaaaaaaaaaaaaaaaaaaaaaaaaaaaaaaaaaaaaaaaaaaaaaaaaaaaaaaaaaaaaaaaaaaaaaaaaaaaaaaaaaaaaaaaaaaaaaaaaaaaaaaaaaaaaaaaaaaaaaaaaaaaaaaaaaaaaaaaaaaaaaaaaaaaaaaaaaaaaaaaaaaaaaaaaaaaaaaaaaaaaaaaaaaaaaaaaaaaaaaaaaaaaaaaaaaaaaaaaaaaaaaaaaaaaaaaaaaaaaaaaaaaaaaaaaaaaaaaaaaaaaaaaaaaaaaaaaaaaaaaaaaaaaaaaaaaaaaaaaaaaaaaaaaaaaaaaaaaaaaaaaaaaaaaaaaaaaaaaaaaaaaaaaaaaaaaaaaaaaaaaaaaaaaaaaaaaaaaaaaaaaaaaaaaaaaaaaaaaaaaaaaaaaaaaaaaaaaaaaaaaaaaaaaaaaaaaaaaaaaaaaaaaaaaaaaaaaaaaaaaaaaaaaaaaaaaaaaaaaaaaaaaaaaaaaaaaaaaaaaaaaaaaaaaaaaaaaaaaaaaaaaaaaaaaaaaaaaaaaaaaaaaaaaaaaaaaaaaaaaaaaaaaaaaaaaaaaaaaaaaaaaaaaaaaaaaaaaaaaaaaaaaaaaaaaaaaaaaaaaaaaaaaaaaaaaaaaaaaaaaaaaaaaaaaaaaaaaaaaaaaaaaaaaaaaaaaaaaaaaaaaaaaaaaaaaaaaaaaaaaaaaaaaaaaaaaaaaaaaaaaaaaaaaaaaaaaaaaaaaaaaaaaaaaaaaaaaaaaaaaaaaaaaaaaaaaaaaaaaaaaaaaaaaaaaaaaaaaaaaaaaaaaaaaaaaaaaaaaaaaaaaaaaaaaaaaaaaaaaaaaaaaaaaaaaaaaaaaaaaaaaaaaaaaaaaaaaaaaaaaaaaaaaaaaaaaaaaaaaaaaaaaaaaaaaaaaaaaaaaaaaaaaaaaaaaaaaaaaaaaaaaaaaaaaaaaaaaaaaaaaaaaaaaaaaaaaaaaaaaaaaaaaaaaaaaaaaaaaaaaaaaaaaaaaaaaaaaaaaaaaaaaaaaaaaaaaaaaaaaaaaaaaaaaaaaaaaaaaaaaaaaaaaaaaaaaaaaaaaaaaaaaaaaaaaaaaaaaaaaaaaaaaaaaaaaaaaaaaaaaaaaaaaaaaaaaaaaaaaaaaaaaaaaaaaaaaaaaaaaaaaaaaaaaaaaaaaaaaaaaaaaaaaaaaaaaaaaaaaaaaaaaaaaaaaaaaaaaaaaaaaaaaaaaaaaaaaaaaaaaaaaaaaaaaaaaaaaaaaaaaaaaaaaaaaaaaaaaaaaaaaaaaaaaaaaaaaaaaaaaaaaaaaaaaaaaaaaaaaaaaaaaaaaaaaaaaaaaaaaaaaaaaaaaaaaaaaaaaaaaaaaaaaaaaaaaaaaaaaaaaaaaaaaaaaaaaaaaaaaaaaaaaaaaaaaaaaaaaaaaaaaaaaaaaaaaaaaaaaaaaaaaaaaaaaaaaaaaaaaaaaaaaaaaaaaaaaaaaaaaaaaaaaaaaaaaaaaaaaaaaaaaaaaaaaaaaaaaaaaaaaaaaaaaaaaaaaaaaaaaaaaaaaaaaaaaaaaaaaaaaaaaaaaaaaaaaaaaaaaaaaaaaaaaaaaaaaaaaaaaaaaaaaaaaaaaaaaaaaaaaaaaaaaaaaaaaaaaaaaaaaaaaaaaaaaaaaaaaaaaaaaaaaaaaaaaaaaaaaaaaaaaaaaaaaaaaaaaaaaaaaaaaaaaaaaaaaaaaaaaaaaaaaaaaaaaaaaaaaaaaaaaaaaaaaaaaaaaaaaaaaaaaaaaaaaaaaaaaaaaaaaaaaaaaaaaaaaaaaaaaaaaaaaaaaaaaaaaaaaaaaaaaaaaaaaaaaaaaaaaaaaaaaaaaaaaaaaaaaaaaaaaaaaaaaaaaaaaaaaaaaaaaaaaaaaaaaaaaaaaaaaaaaaaaaaaaaaaaaaaaaaaaaaaaaaaaaaaaaaaaaaaaaaaaaaaaaaaaaaaaaaaaaaaaaaaaaaaaaaaaaaaaaaaaaaaaaaaaaaaaaaaaaaaaaaaaaaaaaaaaaaaaaaaaaaaaaaaaaaaaaaaaaaaaaaaaaaaaaaaaa</p>',	1,	'2018-02-02 08:50:58',	'2018-02-02 08:50:58',	NULL,	NULL,	NULL),
(486,	159,	'<p>test 2</p>',	1,	'2018-02-02 08:53:39',	'2018-02-02 08:53:39',	NULL,	NULL,	NULL),
(487,	159,	'<p>test</p>',	1,	'2018-02-02 08:53:53',	'2018-02-02 08:53:53',	NULL,	NULL,	NULL),
(488,	154,	'k',	1,	'2018-02-02 08:57:19',	'2018-02-02 08:57:19',	'user',	NULL,	NULL),
(489,	154,	'lk',	1,	'2018-02-02 08:58:23',	'2018-02-02 08:58:23',	'user',	NULL,	NULL),
(490,	154,	'<p>mic mic bungee</p>',	1,	'2018-02-02 09:19:52',	'2018-02-02 09:19:52',	NULL,	NULL,	432),
(491,	154,	'<p>did you see my bag</p><p>&nbsp;</p>',	1,	'2018-02-02 09:20:29',	'2018-02-02 09:20:29',	NULL,	NULL,	490),
(492,	154,	'<p>did you see my bag</p>',	1,	'2018-02-02 09:29:59',	'2018-02-02 09:29:59',	NULL,	NULL,	491),
(493,	159,	'<p>test</p>',	1,	'2018-02-02 10:13:35',	'2018-02-02 10:13:35',	NULL,	NULL,	NULL),
(494,	159,	'<p>test</p>',	1,	'2018-02-02 10:13:45',	'2018-02-02 10:13:45',	NULL,	NULL,	NULL),
(495,	154,	'<p>dfsdfsd</p>',	1,	'2018-02-05 14:55:12',	'2018-02-05 14:55:12',	NULL,	NULL,	NULL),
(496,	154,	'<p>fsdfsd</p>',	1,	'2018-02-05 14:55:31',	'2018-02-05 14:55:31',	NULL,	NULL,	NULL),
(497,	154,	'<p>fsdfs</p>',	1,	'2018-02-05 14:55:33',	'2018-02-05 14:55:33',	NULL,	NULL,	NULL),
(498,	1,	'<p>hjbf;kb</p>',	1,	'2018-02-05 14:55:34',	'2018-02-05 14:55:34',	NULL,	NULL,	NULL),
(499,	154,	'<p>sdfsd</p>',	1,	'2018-02-05 14:55:35',	'2018-02-05 14:55:35',	NULL,	NULL,	NULL),
(500,	1,	'<p>elf&#39;oHF</p>',	1,	'2018-02-05 14:55:37',	'2018-02-05 14:55:37',	NULL,	NULL,	NULL),
(501,	154,	'<p>sfdf</p>',	1,	'2018-02-05 14:55:39',	'2018-02-05 14:55:39',	NULL,	NULL,	NULL),
(502,	154,	'<p>fdsf</p>',	1,	'2018-02-05 14:55:41',	'2018-02-05 14:55:41',	NULL,	NULL,	NULL),
(503,	1,	'<p>JBECLjqb</p>',	1,	'2018-02-05 14:55:41',	'2018-02-05 14:55:41',	NULL,	NULL,	NULL),
(504,	1,	'<p>hbfhbeF</p>',	1,	'2018-02-05 14:56:02',	'2018-02-05 14:56:02',	NULL,	NULL,	NULL),
(505,	1,	'<p>HI</p>',	1,	'2018-02-05 14:56:25',	'2018-02-05 14:56:25',	NULL,	NULL,	504),
(506,	1,	'<p>HELLOOOO</p>',	1,	'2018-02-05 14:56:32',	'2018-02-05 14:56:32',	NULL,	NULL,	504),
(507,	1,	'<p>ayyy</p>',	1,	'2018-02-05 14:56:44',	'2018-02-05 14:56:44',	NULL,	NULL,	506),
(508,	1,	'<p>gggg</p>',	1,	'2018-02-05 14:57:04',	'2018-02-05 14:57:04',	NULL,	NULL,	505),
(509,	1,	'<p>hey!</p>',	1,	'2018-02-05 14:58:07',	'2018-02-05 14:58:07',	NULL,	NULL,	NULL),
(510,	1,	'<p>dvdvdv</p>',	1,	'2018-02-14 14:54:53',	'2018-02-14 14:54:53',	NULL,	NULL,	NULL),
(511,	1,	'<p>dvdvdv</p>',	1,	'2018-02-14 14:55:00',	'2018-02-14 14:55:00',	NULL,	NULL,	NULL),
(512,	1,	'dscsdc',	1,	'2018-02-14 15:02:09',	'2018-02-14 15:02:09',	'user',	NULL,	NULL),
(513,	1,	'gdfgfd',	1,	'2018-02-22 10:59:23',	'2018-02-22 10:59:23',	'user',	NULL,	NULL),
(514,	1,	'<p>dfdsf</p>',	1,	'2018-02-26 12:37:39',	'2018-02-26 12:37:39',	NULL,	NULL,	NULL),
(515,	1,	'<p>fsdfs</p>',	1,	'2018-02-26 12:37:45',	'2018-02-26 12:37:45',	NULL,	NULL,	NULL),
(516,	1,	'<p>sdfsdf</p>',	1,	'2018-02-26 12:37:48',	'2018-02-26 12:37:48',	NULL,	NULL,	NULL),
(517,	1,	'<p>dsfsdf</p>',	1,	'2018-02-26 12:37:50',	'2018-02-26 12:37:50',	NULL,	NULL,	NULL),
(518,	154,	'<p>hjkh</p>',	1,	'2018-03-01 15:23:41',	'2018-03-01 15:23:41',	NULL,	NULL,	NULL),
(519,	154,	'<p>ljklkj</p>',	1,	'2018-03-01 15:23:50',	'2018-03-01 15:23:50',	NULL,	NULL,	NULL),
(520,	154,	'<p>kljfk;lajsdf;jask;lfjadjfs</p>',	1,	'2018-03-01 15:24:00',	'2018-03-01 15:24:00',	NULL,	NULL,	NULL),
(521,	1,	'<p>jgjh</p>',	1,	'2018-03-01 16:01:14',	'2018-03-01 16:01:14',	NULL,	NULL,	NULL),
(522,	155,	'hi',	1,	'2018-03-01 16:54:35',	'2018-03-01 16:54:35',	'user',	NULL,	NULL),
(523,	155,	'dczdcz',	1,	'2018-03-02 10:47:56',	'2018-03-02 10:47:56',	'user',	NULL,	NULL),
(528,	1,	'<p>fsdfsdf</p>',	1,	'2018-03-05 15:20:24',	'2018-03-05 15:20:24',	NULL,	NULL,	NULL),
(534,	1,	'<p>sdasdasd</p>',	1,	'2018-03-05 15:22:16',	'2018-03-05 15:22:16',	NULL,	NULL,	NULL),
(536,	1,	'<p>fsdfsdf</p>',	1,	'2018-03-05 15:23:47',	'2018-03-05 15:23:47',	NULL,	NULL,	NULL),
(537,	1,	'<p>fsdfsdf</p>',	1,	'2018-03-05 15:23:52',	'2018-03-05 15:23:52',	NULL,	NULL,	536),
(538,	1,	'<p>fsdfsdf</p>',	1,	'2018-03-05 15:23:59',	'2018-03-05 15:23:59',	NULL,	NULL,	537),
(539,	1,	'<p>fdsfsdf</p>',	1,	'2018-03-05 15:24:01',	'2018-03-05 15:24:01',	NULL,	NULL,	NULL),
(540,	1,	'<p>1</p>',	1,	'2018-03-05 15:24:31',	'2018-03-05 15:24:31',	NULL,	NULL,	NULL),
(541,	1,	'<p>2</p>',	1,	'2018-03-05 15:24:33',	'2018-03-05 15:24:33',	NULL,	NULL,	NULL),
(542,	1,	'<p>3</p>',	1,	'2018-03-05 15:24:35',	'2018-03-05 15:24:35',	NULL,	NULL,	NULL),
(543,	1,	'<p>sdadsadasd</p>',	1,	'2018-03-05 15:26:10',	'2018-03-05 15:26:10',	NULL,	NULL,	NULL),
(544,	1,	'<p>5</p>',	1,	'2018-03-05 15:27:49',	'2018-03-05 15:27:49',	NULL,	NULL,	NULL),
(545,	1,	'<p>5</p>',	1,	'2018-03-05 15:27:49',	'2018-03-05 15:27:49',	NULL,	NULL,	NULL),
(546,	1,	'<p>5</p>',	1,	'2018-03-05 15:27:52',	'2018-03-05 15:27:52',	NULL,	NULL,	NULL),
(547,	1,	'<p>6</p>',	1,	'2018-03-05 15:27:57',	'2018-03-05 15:27:57',	NULL,	NULL,	NULL),
(548,	1,	'<p>7</p>',	1,	'2018-03-05 15:28:07',	'2018-03-05 15:28:07',	NULL,	NULL,	NULL),
(549,	1,	'<p>fdfsdfs</p>',	1,	'2018-03-05 15:29:44',	'2018-03-05 15:29:44',	NULL,	NULL,	NULL),
(550,	1,	'<p>sdfsdfs</p>',	1,	'2018-03-05 15:29:47',	'2018-03-05 15:29:47',	NULL,	NULL,	NULL),
(552,	1,	'<p>2</p>',	1,	'2018-03-05 15:31:20',	'2018-03-05 15:31:20',	NULL,	NULL,	549),
(553,	1,	'<p>3</p>',	1,	'2018-03-05 15:31:23',	'2018-03-05 15:31:23',	NULL,	NULL,	549),
(554,	1,	'<p>dfsdfsdf</p>',	1,	'2018-03-05 15:35:00',	'2018-03-05 15:35:00',	NULL,	NULL,	NULL),
(555,	1,	'<p>dfsdfsdf</p>',	1,	'2018-03-05 15:35:04',	'2018-03-05 15:35:04',	NULL,	NULL,	554),
(556,	1,	'<p>vfdfv</p>',	1,	'2018-03-05 15:36:06',	'2018-03-05 15:36:06',	NULL,	NULL,	555),
(557,	1,	'<p>vfdvfdvd</p>',	1,	'2018-03-05 15:36:09',	'2018-03-05 15:36:09',	NULL,	NULL,	556),
(558,	1,	'<p>gfdgfdg</p>',	1,	'2018-03-05 15:39:20',	'2018-03-05 15:39:20',	NULL,	NULL,	NULL),
(559,	1,	'<p>fgdfgdfg</p>',	1,	'2018-03-05 15:39:23',	'2018-03-05 15:39:23',	NULL,	NULL,	NULL),
(560,	1,	'Ah! Got it.',	1,	'2018-03-08 20:15:38',	'2018-03-08 20:15:38',	'user',	NULL,	NULL),
(561,	1,	'Yeah, it is great!',	1,	'2018-03-13 10:46:13',	'2018-03-13 10:46:13',	'user',	NULL,	NULL),
(562,	1,	'I think it\'s awesome!',	1,	'2018-03-13 10:46:25',	'2018-03-13 10:46:25',	'user',	NULL,	NULL),
(563,	1,	'Cool! What part of Miami?',	1,	'2018-03-13 10:46:37',	'2018-03-13 10:46:37',	'user',	NULL,	NULL),
(564,	1,	'Thats amazing!',	1,	'2018-03-13 10:56:03',	'2018-03-13 10:56:03',	'user',	NULL,	NULL),
(566,	1,	'What makes you think he was in Miami Beach, Demo Teacher?',	1,	'2018-03-14 13:49:58',	'2018-03-14 13:49:58',	'user',	NULL,	NULL),
(567,	154,	'I think he was in Miami Beach because his license plate was a Miami Beach license plate, ESI.',	1,	'2018-03-14 13:50:40',	'2018-03-14 13:50:40',	'user',	NULL,	NULL),
(568,	1,	'You\'re right!',	1,	'2018-03-14 13:51:03',	'2018-03-14 13:51:03',	'user',	NULL,	NULL),
(569,	1,	'Ok, that makes sense Demo Teacher, thank you!',	1,	'2018-03-14 13:52:57',	'2018-03-14 13:52:57',	'user',	NULL,	NULL),
(570,	1,	'When did you see him eat strawberries?',	1,	'2018-03-14 13:53:29',	'2018-03-14 13:53:29',	'user',	NULL,	NULL),
(571,	154,	'He was eating strawberries in the dining hall.',	1,	'2018-03-14 13:53:54',	'2018-03-14 13:53:54',	'user',	NULL,	NULL),
(572,	1,	'yugvj',	1,	'2018-03-19 11:46:35',	'2018-03-19 11:46:35',	'user',	NULL,	NULL),
(573,	79,	'<p>csdfdsf</p>',	1,	'2018-03-26 15:54:57',	'2018-03-26 15:54:57',	NULL,	NULL,	NULL),
(574,	79,	'<p>fsdfsdf</p>',	1,	'2018-03-26 15:55:01',	'2018-03-26 15:55:01',	NULL,	NULL,	NULL),
(575,	79,	'<p>fsdfsd</p>',	1,	'2018-03-26 15:55:07',	'2018-03-26 15:55:07',	NULL,	NULL,	574),
(576,	1,	'Yeah he was in the beach!!!!',	1,	'2018-04-10 10:39:46',	'2018-04-10 10:39:46',	'user',	NULL,	NULL),
(577,	1,	'Yes, it was in Cuba!',	1,	'2018-04-10 11:01:58',	'2018-04-10 11:01:58',	'user',	NULL,	NULL),
(578,	1,	'REPLY TO LA HAVANA, CUBA',	1,	'2018-04-10 11:02:18',	'2018-04-10 11:02:18',	'user',	NULL,	NULL),
(579,	1,	'Response to \"La Havana Cuba\"',	1,	'2018-04-10 11:03:55',	'2018-04-10 11:03:55',	'user',	NULL,	NULL),
(580,	1,	'HE WAS IN THE BEACH',	1,	'2018-04-10 11:06:54',	'2018-04-10 11:06:54',	'user',	NULL,	NULL),
(581,	1,	'IN LA HAVANA CUBA!!!',	1,	'2018-04-10 11:08:13',	'2018-04-10 11:08:13',	'user',	NULL,	NULL),
(582,	1,	'Yes he did!',	1,	'2018-04-10 11:12:07',	'2018-04-10 11:12:07',	'user',	NULL,	NULL),
(583,	1,	'qwetqwet',	1,	'2018-04-17 09:48:08',	'2018-04-17 09:48:08',	'',	NULL,	NULL),
(584,	1,	'qwerqwer',	1,	'2018-04-17 09:48:11',	'2018-04-17 09:48:11',	'',	NULL,	NULL),
(585,	1,	'dhfghdf',	1,	'2018-04-17 09:48:24',	'2018-04-17 09:48:24',	'',	NULL,	NULL),
(586,	1,	'sdfsaFDSA',	1,	'2018-04-17 09:50:45',	'2018-04-17 09:50:45',	'',	NULL,	NULL),
(587,	1,	'Uploaded as private, now going to make it public!',	1,	'2018-04-17 09:57:14',	'2018-04-17 09:57:14',	'',	NULL,	NULL),
(588,	1,	'It\'s public!!!',	1,	'2018-04-17 09:57:33',	'2018-04-17 09:57:33',	'',	NULL,	587),
(589,	1,	'dfdtut',	1,	'2018-04-17 10:11:43',	'2018-04-17 10:11:43',	'',	NULL,	NULL),
(590,	1,	'sdyst',	1,	'2018-04-17 10:11:46',	'2018-04-17 10:11:46',	'',	NULL,	NULL),
(591,	1,	'tgargr',	1,	'2018-04-17 10:11:54',	'2018-04-17 10:11:54',	'',	NULL,	589),
(592,	1,	'sddryhsr',	1,	'2018-04-17 10:17:57',	'2018-04-17 10:17:57',	'',	NULL,	NULL),
(593,	1,	'wreewW',	1,	'2018-04-17 10:18:01',	'2018-04-17 10:18:01',	'',	NULL,	592);

DROP TABLE IF EXISTS `esi_cycles`;
CREATE TABLE `esi_cycles` (
  `id` int(10) unsigned NOT NULL AUTO_INCREMENT,
  `author_id` int(11) NOT NULL,
  `created_at` timestamp NULL DEFAULT NULL,
  `updated_at` timestamp NULL DEFAULT NULL,
  `title` varchar(255) COLLATE utf8_unicode_ci NOT NULL,
  `color` varchar(255) COLLATE utf8_unicode_ci NOT NULL,
  PRIMARY KEY (`id`)
) ENGINE=InnoDB DEFAULT CHARSET=utf8 COLLATE=utf8_unicode_ci;

INSERT INTO `esi_cycles` (`id`, `author_id`, `created_at`, `updated_at`, `title`, `color`) VALUES
(1,	1,	'2017-07-12 17:31:53',	'2017-07-12 17:31:53',	'Cycle 1',	'Blue'),
(2,	1,	'2017-07-12 17:32:15',	'2017-07-12 17:32:15',	'Cycle 2',	'Blue'),
(3,	1,	'2017-07-12 17:33:47',	'2017-07-12 17:33:47',	'Cycle 3',	'Sky Blue');

DROP TABLE IF EXISTS `esi_cycle_progresses`;
CREATE TABLE `esi_cycle_progresses` (
  `id` int(10) unsigned NOT NULL AUTO_INCREMENT,
  `cycle_id` int(11) NOT NULL,
  `cycle_step_id` int(11) NOT NULL,
  `author_id` int(11) NOT NULL,
  `completed` int(11) NOT NULL DEFAULT '0',
  `created_at` timestamp NULL DEFAULT NULL,
  `updated_at` timestamp NULL DEFAULT NULL,
  PRIMARY KEY (`id`)
) ENGINE=InnoDB DEFAULT CHARSET=utf8 COLLATE=utf8_unicode_ci;


DROP TABLE IF EXISTS `esi_cycle_steps`;
CREATE TABLE `esi_cycle_steps` (
  `id` int(10) unsigned NOT NULL AUTO_INCREMENT,
  `cycle_id` int(11) NOT NULL,
  `object_id` int(11) NOT NULL,
  `object_type` varchar(255) COLLATE utf8_unicode_ci NOT NULL,
  `type` varchar(255) COLLATE utf8_unicode_ci NOT NULL,
  `created_at` timestamp NULL DEFAULT NULL,
  `updated_at` timestamp NULL DEFAULT NULL,
  PRIMARY KEY (`id`)
) ENGINE=InnoDB DEFAULT CHARSET=utf8 COLLATE=utf8_unicode_ci;

INSERT INTO `esi_cycle_steps` (`id`, `cycle_id`, `object_id`, `object_type`, `type`, `created_at`, `updated_at`) VALUES
(1,	2,	43,	'annotation',	'0',	'2017-07-13 18:03:03',	'2017-07-13 18:03:03'),
(2,	3,	44,	'annotation',	'0',	'2017-07-13 18:05:10',	'2017-07-13 18:05:10');

DROP TABLE IF EXISTS `esi_delete_requests`;
CREATE TABLE `esi_delete_requests` (
  `id` int(10) unsigned NOT NULL AUTO_INCREMENT,
  `author_id` varchar(255) COLLATE utf8_unicode_ci NOT NULL,
  `object_id` varchar(255) COLLATE utf8_unicode_ci NOT NULL,
  `object_type` varchar(255) COLLATE utf8_unicode_ci NOT NULL,
  `created_at` timestamp NULL DEFAULT NULL,
  `updated_at` timestamp NULL DEFAULT NULL,
  `deleter_id` int(11) NOT NULL,
  `approved` int(11) NOT NULL,
  PRIMARY KEY (`id`)
) ENGINE=InnoDB DEFAULT CHARSET=utf8 COLLATE=utf8_unicode_ci;

INSERT INTO `esi_delete_requests` (`id`, `author_id`, `object_id`, `object_type`, `created_at`, `updated_at`, `deleter_id`, `approved`) VALUES
(3,	'150',	'83',	'App\\Video',	'2017-10-04 13:50:09',	'2017-10-12 11:16:10',	1,	1),
(4,	'149',	'87',	'App\\Video',	'2017-10-12 10:39:53',	'2017-10-12 11:14:45',	1,	1),
(5,	'149',	'58',	'App\\Video',	'2017-10-12 11:47:12',	'2017-10-20 08:19:20',	1,	1),
(6,	'149',	'56',	'App\\Video',	'2017-10-12 11:49:34',	'2017-10-12 11:49:51',	1,	1),
(7,	'154',	'77',	'App\\ProgressBar',	'2017-11-10 13:45:03',	'2017-11-10 13:45:03',	0,	0),
(8,	'154',	'85',	'App\\ProgressBar',	'2017-11-10 13:45:07',	'2017-11-10 13:45:07',	0,	0),
(9,	'154',	'85',	'App\\ProgressBar',	'2017-11-10 13:45:09',	'2017-11-10 13:45:09',	0,	0),
(10,	'154',	'85',	'App\\ProgressBar',	'2017-11-10 13:45:10',	'2017-11-10 13:45:10',	0,	0),
(11,	'154',	'77',	'App\\ProgressBar',	'2017-11-10 13:45:12',	'2017-11-10 13:45:12',	0,	0),
(12,	'154',	'116',	'App\\Message',	'2018-02-02 08:50:55',	'2018-02-02 08:50:55',	0,	0),
(13,	'154',	'122',	'App\\Message',	'2018-02-02 09:18:24',	'2018-02-02 09:18:24',	0,	0);

DROP TABLE IF EXISTS `esi_documentables`;
CREATE TABLE `esi_documentables` (
  `document_id` int(10) unsigned NOT NULL,
  `documentable_id` int(10) unsigned NOT NULL,
  `documentable_type` varchar(255) COLLATE utf8_unicode_ci NOT NULL
) ENGINE=InnoDB DEFAULT CHARSET=utf8 COLLATE=utf8_unicode_ci;

INSERT INTO `esi_documentables` (`document_id`, `documentable_id`, `documentable_type`) VALUES
(1,	4,	'App\\LessonPlan'),
(3,	3,	'App\\Resource'),
(4,	11,	'App\\Video'),
(5,	11,	'App\\Video'),
(6,	11,	'App\\Video'),
(7,	4,	'App\\Resource'),
(8,	5,	'App\\Resource'),
(9,	6,	'App\\Resource'),
(10,	7,	'App\\Resource'),
(11,	8,	'App\\Resource'),
(12,	9,	'App\\Resource'),
(13,	10,	'App\\Resource'),
(15,	12,	'App\\Resource'),
(17,	14,	'App\\Video'),
(18,	24,	'App\\Video'),
(19,	24,	'App\\Video'),
(20,	24,	'App\\Video'),
(21,	24,	'App\\Video'),
(22,	12,	'App\\LessonPlan'),
(23,	12,	'App\\LessonPlan'),
(24,	12,	'App\\LessonPlan'),
(25,	12,	'App\\LessonPlan'),
(26,	12,	'App\\LessonPlan'),
(27,	12,	'App\\LessonPlan'),
(28,	12,	'App\\LessonPlan'),
(29,	14,	'App\\LessonPlan'),
(30,	15,	'App\\LessonPlan'),
(31,	16,	'App\\LessonPlan'),
(32,	21,	'App\\Resource'),
(33,	17,	'App\\LessonPlan'),
(34,	17,	'App\\LessonPlan'),
(35,	17,	'App\\LessonPlan'),
(36,	17,	'App\\LessonPlan'),
(37,	17,	'App\\LessonPlan'),
(38,	17,	'App\\LessonPlan'),
(39,	18,	'App\\LessonPlan'),
(40,	20,	'App\\LessonPlan'),
(41,	20,	'App\\LessonPlan'),
(42,	18,	'App\\LessonPlan'),
(43,	45,	'App\\Video'),
(44,	24,	'App\\LessonPlan'),
(45,	45,	'App\\Video'),
(46,	45,	'App\\Video'),
(47,	45,	'App\\Video'),
(48,	50,	'App\\Video'),
(49,	50,	'App\\Video'),
(50,	50,	'App\\Video'),
(51,	26,	'App\\LessonPlan'),
(52,	28,	'App\\LessonPlan'),
(53,	65,	'App\\Video'),
(54,	65,	'App\\Video'),
(55,	65,	'App\\Video'),
(56,	62,	'App\\Video'),
(57,	62,	'App\\Video'),
(58,	30,	'App\\LessonPlan'),
(59,	30,	'App\\LessonPlan'),
(60,	30,	'App\\LessonPlan'),
(61,	30,	'App\\LessonPlan'),
(62,	67,	'App\\Video'),
(63,	30,	'App\\LessonPlan'),
(64,	74,	'App\\Video'),
(65,	74,	'App\\Video'),
(66,	74,	'App\\Video'),
(67,	27,	'App\\Resource'),
(68,	83,	'App\\Video'),
(69,	83,	'App\\Video'),
(70,	90,	'App\\Video'),
(71,	90,	'App\\Video'),
(72,	94,	'App\\Video'),
(73,	97,	'App\\Video'),
(74,	97,	'App\\Video'),
(75,	93,	'App\\Video'),
(76,	98,	'App\\Video'),
(77,	104,	'App\\Video'),
(78,	108,	'App\\Video'),
(79,	113,	'App\\Video'),
(80,	141,	'App\\Video'),
(81,	138,	'App\\Video'),
(82,	33,	'App\\LessonPlan'),
(83,	33,	'App\\LessonPlan'),
(84,	137,	'App\\Video'),
(85,	33,	'App\\LessonPlan'),
(86,	141,	'App\\Video'),
(87,	30,	'App\\Resource'),
(88,	147,	'App\\Video'),
(89,	159,	'App\\Video'),
(90,	160,	'App\\Video'),
(91,	172,	'App\\Video'),
(92,	183,	'App\\Video'),
(93,	188,	'App\\Video'),
(94,	227,	'App\\Video'),
(95,	32,	'App\\Resource'),
(97,	35,	'App\\Resource'),
(98,	38,	'App\\Resource'),
(99,	39,	'App\\Resource'),
(100,	40,	'App\\Resource'),
(101,	41,	'App\\Resource'),
(102,	45,	'App\\Resource'),
(103,	46,	'App\\Resource'),
(104,	47,	'App\\Resource'),
(105,	49,	'App\\Resource'),
(106,	51,	'App\\Resource'),
(107,	52,	'App\\Resource'),
(108,	53,	'App\\Resource'),
(109,	54,	'App\\Resource'),
(110,	55,	'App\\Resource'),
(111,	56,	'App\\Resource'),
(112,	57,	'App\\Resource'),
(113,	58,	'App\\Resource'),
(115,	60,	'App\\Resource'),
(116,	62,	'App\\Resource'),
(117,	63,	'App\\Resource'),
(118,	64,	'App\\Resource'),
(119,	65,	'App\\Resource'),
(120,	66,	'App\\Resource'),
(121,	67,	'App\\Resource'),
(122,	68,	'App\\Resource'),
(123,	69,	'App\\Resource'),
(124,	70,	'App\\Resource');

DROP TABLE IF EXISTS `esi_documents`;
CREATE TABLE `esi_documents` (
  `id` int(10) unsigned NOT NULL AUTO_INCREMENT,
  `extension` varchar(255) COLLATE utf8_unicode_ci NOT NULL,
  `path` varchar(255) COLLATE utf8_unicode_ci NOT NULL,
  `title` varchar(255) COLLATE utf8_unicode_ci NOT NULL,
  `description` text COLLATE utf8_unicode_ci,
  `author_id` int(10) unsigned NOT NULL,
  `created_at` timestamp NOT NULL DEFAULT '0000-00-00 00:00:00',
  `updated_at` timestamp NOT NULL DEFAULT '0000-00-00 00:00:00',
  `type` varchar(255) COLLATE utf8_unicode_ci NOT NULL,
  PRIMARY KEY (`id`)
) ENGINE=InnoDB DEFAULT CHARSET=utf8 COLLATE=utf8_unicode_ci;

INSERT INTO `esi_documents` (`id`, `extension`, `path`, `title`, `description`, `author_id`, `created_at`, `updated_at`, `type`) VALUES
(1,	'docx',	'/uploads/7QzMUS82THKAWT6G.docx',	'',	'',	1,	'2016-10-05 19:05:30',	'2016-10-05 19:05:30',	''),
(3,	'pdf',	'/uploads/xf0tfwRhOR4TNCDR.pdf',	'Protocol - See Think Wonder',	'This thinking routine encourages children to make careful observations and thoughtful interpretations.',	1,	'2016-10-12 19:54:46',	'2016-10-12 19:54:46',	''),
(7,	'docx',	'/uploads/5jLqKzxP38Iictyx.docx',	'Spot Observation',	'An observation log used to document science in the classroom.',	1,	'2016-10-18 20:28:01',	'2016-10-18 20:28:01',	''),
(8,	'docx',	'/uploads/9qdS52fegRUuqKzV.docx',	'Spot Observation',	'An observation log used to document science in the classroom.',	1,	'2016-10-18 20:28:46',	'2016-10-18 20:28:46',	''),
(9,	'docx',	'/uploads/NpRUbtSQY6pvWbrX.docx',	'Spot Observation - MTs',	'An observation log used by Master Teachers to document science in their classrooms.',	1,	'2016-10-18 20:31:12',	'2016-10-18 20:31:12',	''),
(10,	'docx',	'/uploads/u2vxh8Znx4WWQgeh.docx',	'Project planning example - Preschool',	'Balls',	1,	'2016-10-18 20:39:01',	'2016-10-18 20:39:01',	''),
(11,	'docx',	'/uploads/qjm97un1UgxEnWbm.docx',	'Project planning example - Infant',	'Sounds',	1,	'2016-10-18 20:45:18',	'2016-10-18 20:45:18',	''),
(12,	'pdf',	'/uploads/dO8SsmGYSI1aqAGK.pdf',	'Protocol - Think Pair Share',	'A routine for active reasoning and explanation.',	1,	'2016-10-18 20:47:50',	'2016-10-18 20:47:50',	''),
(13,	'pdf',	'/uploads/ppNGzoQZF0d63MzL.pdf',	'Protocol - Think Puzzle Explore',	'A routine that sets the stage for deeper inquiry',	1,	'2016-10-18 20:50:36',	'2016-10-18 20:50:36',	''),
(15,	'pdf',	'/uploads/LoOCidydAHdpfH6l.pdf',	'Protocol - What Makes You Say That?',	'This routine helps children build explanations by promoting evidential reasoning (evidence-based reasoning) while understanding multiple perspectives.',	1,	'2016-10-18 22:44:02',	'2016-10-18 22:44:02',	''),
(17,	'pdf',	'/uploads/h0KwLVB5a620BAqa.pdf',	'',	'',	130,	'2016-10-21 00:47:48',	'2016-10-21 00:47:48',	''),
(19,	'pdf',	'/uploads/twwNvtVTqqqfLx81.pdf',	'w45y425y',	'',	1,	'2017-06-23 18:27:01',	'2017-06-23 18:27:01',	''),
(20,	'pdf',	'/uploads/mE1laeNUHC8HrfMc.pdf',	'turtuytu',	'',	1,	'2017-06-23 18:27:14',	'2017-06-23 18:27:14',	''),
(21,	'xlsx',	'/uploads/a1fBOjlWQeUMtwKI.xlsx',	'qwe',	'',	1,	'2017-06-23 18:29:29',	'2017-06-23 18:29:29',	''),
(22,	'pdf',	'/uploads/dLwCbc902ymj34DN.pdf',	'example pdf',	'',	1,	'2017-07-16 03:38:27',	'2017-07-16 03:38:27',	''),
(23,	'pdf',	'/uploads/pDcV8rOW40WhJUio.pdf',	'sdsdfds',	'',	1,	'2017-07-17 15:28:08',	'2017-07-17 15:28:08',	'document'),
(24,	'jpg',	'/uploads/tzMIaULWOeYQlMOQ.jpg',	'sdfsdfds',	'',	1,	'2017-07-17 15:50:50',	'2017-07-17 15:50:50',	'lesson_plan'),
(25,	'jpg',	'/uploads/DvWbCQOiA4o78irx.jpg',	'asdasd',	'',	1,	'2017-07-17 15:51:01',	'2017-07-17 15:51:01',	'lesson_plan'),
(26,	'jpg',	'/uploads/ha2NrYZv4QSfhWf4.jpg',	'Lesson Plan Image',	'',	1,	'2017-07-17 15:52:00',	'2017-07-17 15:52:00',	'lesson_plan'),
(27,	'pdf',	'/uploads/1tD6pWZDrGiHHkCp.pdf',	'Lesson Plan PDF',	'',	1,	'2017-07-17 15:52:34',	'2017-07-17 15:52:34',	'lesson_plan'),
(28,	'pdf',	'/uploads/jA6DjAHBxunjtcgr.pdf',	'test',	'',	1,	'2017-07-17 15:53:40',	'2017-07-17 15:53:40',	'lesson_plan'),
(30,	'pdf',	'/uploads/MaMWC7gdi6B8gKK0.pdf',	'The Lesson Plan File!',	'',	1,	'2017-07-18 02:22:18',	'2017-07-18 02:22:18',	'lesson_plan'),
(31,	'pdf',	'/uploads/r4Dm26uwbg93xdeb.pdf',	'file!',	'',	1,	'2017-07-18 03:05:46',	'2017-07-18 03:05:46',	'lesson_plan'),
(32,	'pdf',	'/uploads/eTTk98YYToEeEM64.pdf',	'Sample Reading',	'',	1,	'2017-07-20 20:55:24',	'2017-07-20 20:55:24',	''),
(33,	'jpg',	'/uploads/pTYPBifPKNaRbJgX.jpg',	'Paris',	'',	1,	'2017-07-26 18:15:45',	'2017-07-26 18:15:45',	'lesson_plan'),
(34,	'jpg',	'/uploads/SIVe1zsqhWBUZ163.jpg',	'Paris 2',	'',	1,	'2017-07-26 18:16:24',	'2017-07-26 18:16:24',	'lesson_plan'),
(35,	'jpg',	'/uploads/VmYLpFP4QkKQAUML.jpg',	'Paris 2',	'',	1,	'2017-07-26 18:17:11',	'2017-07-26 18:17:11',	'lesson_plan'),
(36,	'jpg',	'/uploads/bRcKxeM5cugPNOOi.jpg',	'Paris 2',	'',	1,	'2017-07-26 18:53:09',	'2017-07-26 18:53:09',	'lesson_plan'),
(37,	'jpg',	'/uploads/W7plQQUQDOClANX8.jpg',	'France 2',	'',	1,	'2017-07-26 19:41:13',	'2017-07-26 19:41:13',	'document'),
(38,	'jpg',	'/uploads/jdCnaaDnBJDWDNhf.jpg',	'Paris 2',	'',	1,	'2017-07-26 19:41:35',	'2017-07-26 19:41:35',	'document'),
(39,	'docx',	'/uploads/waGKSjZbleiN5k9d.docx',	'word',	'',	1,	'2017-07-26 19:46:02',	'2017-07-26 19:46:02',	'lesson_plan'),
(40,	'docx',	'/uploads/DJbzZrCk9kyAjbkh.docx',	'instructional desing test',	'',	1,	'2017-08-15 18:45:52',	'2017-08-15 18:45:52',	'document'),
(41,	'docx',	'/uploads/xRrUxp1J3sbdDAYS.docx',	'',	'',	1,	'2017-08-15 19:03:51',	'2017-08-15 19:03:51',	'document'),
(42,	'docx',	'/uploads/G6StzDvFKKICE5cd.docx',	'',	'',	1,	'2017-08-15 19:18:29',	'2017-08-15 19:18:29',	'lesson_plan'),
(43,	'jpg',	'/uploads/infNvtnsMwdJRJRm.jpg',	'Game of Thrones Pic',	'',	1,	'2017-08-17 15:25:24',	'2017-08-17 15:25:24',	''),
(44,	'pdf',	'/uploads/SLBcS4RIz0andhyC.pdf',	'testing ',	'',	1,	'2017-08-17 15:27:18',	'2017-08-17 15:27:18',	'document'),
(45,	'jpg',	'/uploads/BNXpYi7InupvWyU1.jpg',	'Sample',	'',	1,	'2017-08-25 06:23:24',	'2017-08-25 06:23:24',	''),
(46,	'jpg',	'/uploads/jt0JGp8ykmcg5PLv.jpg',	'Acscs',	'',	1,	'2017-08-25 06:25:55',	'2017-08-25 06:25:55',	''),
(47,	'jpg',	'/uploads/1FUyBWitNW41v75c.jpg',	'cxcc',	'',	1,	'2017-08-25 06:27:18',	'2017-08-25 06:27:18',	''),
(48,	'jpg',	'/uploads/mRc7ZM0o5bxRBiMj.jpg',	'dxfcgvhbjk',	'',	1,	'2017-08-25 06:41:52',	'2017-08-25 06:41:52',	''),
(49,	'jpg',	'/uploads/88qtuDz0NjDjrp4F.jpg',	'dsV',	'',	1,	'2017-08-25 06:43:55',	'2017-08-25 06:43:55',	''),
(50,	'jpg',	'/uploads/YxzpL6GoI1FM7iJX.jpg',	'cxcsd',	'',	1,	'2017-08-25 06:45:12',	'2017-08-25 06:45:12',	''),
(51,	'PNG',	'/uploads/34j8AYWf8P2WZSyX.PNG',	'',	'',	1,	'2017-08-25 15:28:44',	'2017-08-25 15:28:44',	'document'),
(52,	'PNG',	'/uploads/rXs9Bi4j668cl2Bw.PNG',	'Screenshot',	'',	1,	'2017-08-28 16:05:20',	'2017-08-28 16:05:20',	'document'),
(53,	'PNG',	'/uploads/Ec5fZyVthK0Z603K.PNG',	'',	'',	1,	'2017-09-20 18:03:44',	'2017-09-20 18:03:44',	''),
(54,	'PNG',	'/uploads/FoildlgZys4kV4s5.PNG',	'Pop-Up',	'',	1,	'2017-09-20 18:04:37',	'2017-09-20 18:04:37',	''),
(55,	'PNG',	'/uploads/yMGr7Ik8yh50Vxxq.PNG',	'title',	'',	1,	'2017-09-20 18:04:59',	'2017-09-20 18:04:59',	''),
(56,	'PNG',	'/uploads/4uWmcbFGsV0eP704.PNG',	'',	'',	1,	'2017-09-20 21:18:34',	'2017-09-20 21:18:34',	''),
(57,	'PNG',	'/uploads/G26AzqGGdPRIbglm.PNG',	'Pop-Up',	'',	1,	'2017-09-20 21:20:41',	'2017-09-20 21:20:41',	''),
(58,	'PNG',	'/uploads/VPCbFU2AQdR0d71o.PNG',	'New Doc',	'',	1,	'2017-09-25 12:40:56',	'2017-09-25 12:40:56',	'document'),
(59,	'PNG',	'/uploads/eu2bazEuE72aXxSU.PNG',	'Doc',	'',	1,	'2017-09-25 19:11:06',	'2017-09-25 19:11:06',	'document'),
(60,	'PNG',	'/uploads/0svN9Pz9eOIIwMym.PNG',	'Doc',	'',	1,	'2017-09-25 19:18:59',	'2017-09-25 19:18:59',	'document'),
(61,	'PNG',	'/uploads/W8VUC3qjzqwjWHYY.PNG',	'',	'',	1,	'2017-09-25 19:20:09',	'2017-09-25 19:20:09',	'document'),
(62,	'PNG',	'/uploads/XklxkYKIdgvH30J9.PNG',	'Doc',	'',	1,	'2017-09-25 19:25:57',	'2017-09-25 19:25:57',	''),
(63,	'PNG',	'/uploads/WkslniJtllerBSK6.PNG',	'Doc',	'',	1,	'2017-09-26 12:09:27',	'2017-09-26 12:09:27',	'document'),
(64,	'PNG',	'/uploads/C4roNLEIoWL40Qrv.PNG',	'Test Document ',	'',	1,	'2017-10-03 09:04:47',	'2017-10-03 09:04:47',	''),
(65,	'PNG',	'/uploads/o4fnRrRTRQqJuLXm.PNG',	'Hi',	'',	1,	'2017-10-03 09:07:22',	'2017-10-03 09:07:22',	''),
(66,	'PNG',	'/uploads/YIAJca1PEpY1g5ut.PNG',	'Test 3',	'',	1,	'2017-10-03 09:08:41',	'2017-10-03 09:08:41',	''),
(67,	'docx',	'/uploads/FC9613boX2pFW7nq.docx',	'Test Reading 10/03/17',	'<p>This is a test reading&nbsp;</p>',	1,	'2017-10-03 10:55:40',	'2017-10-03 10:55:40',	''),
(68,	'pdf',	'/uploads/VVnACwcUgG6TDXbO.pdf',	'test',	'',	150,	'2017-10-04 14:27:29',	'2017-10-04 14:27:29',	''),
(69,	'pdf',	'/uploads/Lp8GKfjnnVl3kqAi.pdf',	'serywery',	'',	150,	'2017-10-04 14:57:55',	'2017-10-04 14:57:55',	''),
(70,	'jpg',	'/uploads/SGtQFsX2YpCLosIz.jpg',	'Koala ',	'',	1,	'2017-10-09 12:05:07',	'2017-10-09 12:05:07',	''),
(71,	'jpg',	'/uploads/PDvmBmRWTTsGdtay.jpg',	'Jellyfish',	'',	1,	'2017-10-09 12:30:48',	'2017-10-09 12:30:48',	''),
(72,	'jpg',	'/uploads/V330BxSQwQdGJEjO.jpg',	'Koala ',	'',	1,	'2017-10-16 12:45:33',	'2017-10-16 12:45:33',	''),
(73,	'png',	'/uploads/UecWESuWvyfH8S5r.png',	'Test Doc',	'',	1,	'2017-10-20 09:00:09',	'2017-10-20 09:00:09',	''),
(74,	'png',	'/uploads/orRWGLDtgoYNRQGs.png',	'Test Doc 2',	'',	1,	'2017-10-20 09:02:17',	'2017-10-20 09:02:17',	''),
(75,	'png',	'/uploads/r4SreDWMMZQH9Lk6.png',	'Test Doc',	'',	1,	'2017-10-20 10:51:16',	'2017-10-20 10:51:16',	''),
(76,	'png',	'/uploads/A1hZ4jKfYIO66gAB.png',	'Test Doc',	'',	1,	'2017-10-24 12:52:43',	'2017-10-24 12:52:43',	''),
(77,	'png',	'/uploads/g82IlHQy5kScK9is.png',	'Test Doc',	'',	1,	'2017-11-01 07:02:18',	'2017-11-01 07:02:18',	''),
(78,	'pdf',	'/uploads/Z7mpjfPDktIN1Gn3.pdf',	'hello',	'',	1,	'2017-11-01 13:02:38',	'2017-11-01 13:02:38',	''),
(79,	'png',	'/uploads/NsmA0yBEeKbVozSN.png',	'Test Doc',	'',	154,	'2017-11-03 10:56:31',	'2017-11-03 10:56:31',	''),
(80,	'jpg',	'/uploads/Y6eCDhL4qiPuJ2TD.jpg',	'Koala',	'',	1,	'2017-11-06 11:06:10',	'2017-11-06 11:06:10',	''),
(81,	'jpeg',	'/uploads/Ks7yjEYIxj6dQNpH.jpeg',	'test test',	'',	1,	'2017-11-06 15:29:41',	'2017-11-06 15:29:41',	''),
(82,	'jpeg',	'/uploads/Z8oJiWMJRoOYjwCX.jpeg',	'test',	'',	1,	'2017-11-06 15:30:37',	'2017-11-06 15:30:37',	'document'),
(83,	'jpg',	'/uploads/e7A5DiN4Sb67MK2q.jpg',	'asdfasdf',	'',	1,	'2017-11-06 15:31:27',	'2017-11-06 15:31:27',	'document'),
(84,	'jpg',	'/uploads/QQUOeI7DMGiBnur6.jpg',	'cat',	'',	1,	'2017-11-06 15:35:19',	'2017-11-06 15:35:19',	''),
(85,	'jpg',	'/uploads/CkftU8wuWsGXutBu.jpg',	' cat',	'',	1,	'2017-11-06 15:35:52',	'2017-11-06 15:35:52',	'document'),
(86,	'png',	'/uploads/W5oDX4SaQ2o4CmaI.png',	'sample',	'',	1,	'2017-11-07 14:49:07',	'2017-11-07 14:49:07',	''),
(87,	'docx',	'/uploads/WKG9sZOgdzXQz8Bp.docx',	'Resource 1',	'',	1,	'2017-11-08 11:21:20',	'2017-11-08 11:21:20',	''),
(88,	'jpg',	'/uploads/S6BWaL2ycqHya58G.jpg',	'Potato',	'',	1,	'2017-11-09 09:30:16',	'2017-11-09 09:30:16',	''),
(89,	'png',	'/uploads/N1Hg7ZD0viUpocDH.png',	'Test Doc',	'',	1,	'2017-11-13 07:23:57',	'2017-11-13 07:23:57',	''),
(90,	'png',	'/uploads/SZl8BYxBSB0n8C8M.png',	'Test Doc',	'',	1,	'2017-11-14 07:15:22',	'2017-11-14 07:15:22',	''),
(91,	'png',	'/uploads/iIfPMNFZQlv2OPBQ.png',	'Test Doc',	'',	1,	'2017-11-15 13:56:09',	'2017-11-15 13:56:09',	''),
(92,	'png',	'/uploads/DODfsx2lpK7CLy8z.png',	'Test Doc',	'',	1,	'2017-11-17 15:01:51',	'2017-11-17 15:01:51',	''),
(93,	'jpg',	'/uploads/g7qr2kEhfOI6Mn8h.jpg',	'Flower',	'',	1,	'2017-11-20 09:56:44',	'2017-11-20 09:56:44',	''),
(94,	'doc',	'/uploads/R6pVC9rbkTJD6bV3.doc',	'Venn Diagram Module (What students are working on)',	'',	1,	'2017-12-12 22:03:54',	'2017-12-12 22:03:54',	''),
(95,	'pdf',	'/uploads/OwC7gkh6Q0Rlio43.pdf',	'test 01/08/2018',	'<p>test</p>',	1,	'2018-01-08 15:42:32',	'2018-01-08 15:42:32',	''),
(97,	'pdf',	'/uploads/Hz2jGvsamh5q5KXX.pdf',	'test',	'<p>test</p>',	1,	'2018-01-09 11:32:27',	'2018-01-09 11:32:27',	''),
(98,	'pdf',	'/uploads/3ljluIBcpWPVSRIb.pdf',	'Private PDF!!',	'<p>Check it out</p>',	1,	'2018-01-09 13:10:59',	'2018-01-09 13:10:59',	''),
(99,	'docx',	'/uploads/fJEVjYhokeFgAEzg.docx',	'Test Document',	'<p>Description</p>',	1,	'2018-01-11 08:09:31',	'2018-01-11 08:09:31',	''),
(100,	'docx',	'/uploads/zM82v6bdoFnlAfvb.docx',	'',	'',	1,	'2018-01-11 08:32:47',	'2018-01-11 08:32:47',	''),
(101,	'docx',	'/uploads/FbkajNCT6Hphlix5.docx',	'Test Doc January',	'<p>Description 1</p>',	1,	'2018-01-11 08:40:49',	'2018-01-11 08:40:49',	''),
(102,	'docx',	'/uploads/52KFuQqbbZSCJQaS.docx',	'',	'<p>f</p>',	1,	'2018-01-11 08:50:26',	'2018-01-11 08:50:26',	''),
(103,	'docx',	'/uploads/9UFCxp9AztJmWMwA.docx',	'Jan 1/11/2018',	'<p>Description 2</p>',	1,	'2018-01-11 08:51:04',	'2018-01-11 08:51:04',	''),
(104,	'docx',	'/uploads/cATXSDF6GZpXMmg3.docx',	'',	'',	1,	'2018-01-11 09:36:00',	'2018-01-11 09:36:00',	''),
(105,	'docx',	'/uploads/D15M7ETd8JqFWxru.docx',	'',	'',	1,	'2018-01-11 09:57:11',	'2018-01-11 09:57:11',	''),
(106,	'docx',	'/uploads/Xgn54VAd1uzKI3sa.docx',	'January',	'<p>Description</p>',	1,	'2018-01-11 10:33:01',	'2018-01-11 10:33:01',	''),
(107,	'docx',	'/uploads/37g8WJ1x61z1P8dP.docx',	'January 11',	'<p>Description 1</p>',	1,	'2018-01-11 10:34:06',	'2018-01-11 10:34:06',	''),
(108,	'docx',	'/uploads/JJvxqXguD8qk9iP8.docx',	'Test 4',	'<p>4</p>',	1,	'2018-01-11 10:34:46',	'2018-01-11 10:34:46',	''),
(109,	'docx',	'/uploads/Tz7nGEdUiheVDysD.docx',	'January 11 2',	'<p>Description again</p>',	1,	'2018-01-11 10:35:21',	'2018-01-11 10:35:21',	''),
(110,	'docx',	'/uploads/5xvpLjFjblpYFtwo.docx',	'Title 3',	'<p>Description of document</p>',	1,	'2018-01-11 10:39:29',	'2018-01-11 10:39:29',	''),
(111,	'docx',	'/uploads/qoqcP92AXfUhncXr.docx',	'January 11, 2018',	'<p>Description</p>',	1,	'2018-01-11 10:40:24',	'2018-01-11 10:40:24',	''),
(112,	'docx',	'/uploads/Fkg9iUHUkk3jJs9x.docx',	'Testtttt',	'<p>Descriptionnnnn</p>',	1,	'2018-01-11 10:41:16',	'2018-01-11 10:41:16',	''),
(113,	'docx',	'/uploads/UblZqE4kPP9iAX0G.docx',	'titleeeee',	'<p>description</p>',	1,	'2018-01-11 10:43:23',	'2018-01-11 10:43:23',	''),
(115,	'docx',	'/uploads/asykm5Q43R8Us3A2.docx',	'Public Resource 1',	'<p>Ayyy</p>',	1,	'2018-01-11 11:33:12',	'2018-01-11 11:33:12',	''),
(116,	'pdf',	'/uploads/JV5B3qlfFh0fhDz7.pdf',	'test',	'<p>Hello!</p>',	1,	'2018-01-19 15:46:02',	'2018-01-19 15:46:02',	''),
(117,	'docx',	'/uploads/hibSz83F4Lvm2R6P.docx',	'Title',	'',	1,	'2018-01-19 15:47:17',	'2018-01-19 15:47:17',	''),
(118,	'pdf',	'/uploads/aFWKFLo3o3evzSkU.pdf',	'test 2',	'<p>Test test</p>',	1,	'2018-01-19 15:47:19',	'2018-01-19 15:47:19',	''),
(119,	'docx',	'/uploads/gMmeJfINQcu1XKPV.docx',	'Title',	'<p>ayy</p>',	1,	'2018-01-19 16:00:47',	'2018-01-19 16:00:47',	''),
(120,	'docx',	'/uploads/VQ0zhRyNWdbN11bT.docx',	'ayyy',	'<p>ayy</p>',	1,	'2018-01-19 16:01:26',	'2018-01-19 16:01:26',	''),
(121,	'docx',	'/uploads/308WyoIMP6mRN9Pr.docx',	'Test Private Document',	'<p>description</p>',	1,	'2018-01-22 08:56:37',	'2018-01-22 08:56:37',	''),
(122,	'docx',	'/uploads/Osnvq6LhUzOjYYFy.docx',	'Test Private Document 2 ',	'',	1,	'2018-01-22 08:57:54',	'2018-01-22 08:57:54',	''),
(123,	'docx',	'/uploads/cGsPZtsgQphASiHc.docx',	'Test Private Document 3',	'<p>description section</p>',	1,	'2018-01-22 09:02:11',	'2018-01-22 09:02:11',	''),
(124,	'pdf',	'/uploads/jgG57sJSO82nFLpt.pdf',	'Test Doc 1 04/17',	'<p>Test test</p>',	1,	'2018-04-17 09:32:59',	'2018-04-17 09:32:59',	'');

DROP TABLE IF EXISTS `esi_exemplars`;
CREATE TABLE `esi_exemplars` (
  `id` int(10) unsigned NOT NULL AUTO_INCREMENT,
  `reason` text COLLATE utf8_unicode_ci NOT NULL,
  `author_id` int(10) unsigned NOT NULL,
  `approver_id` int(10) unsigned NOT NULL,
  `exemplarable_id` int(10) unsigned NOT NULL,
  `exemplarable_type` varchar(255) COLLATE utf8_unicode_ci NOT NULL,
  `created_at` timestamp NOT NULL DEFAULT '0000-00-00 00:00:00',
  `updated_at` timestamp NOT NULL DEFAULT '0000-00-00 00:00:00',
  `rejected_reason` varchar(255) COLLATE utf8_unicode_ci DEFAULT NULL,
  `approved` int(11) NOT NULL,
  PRIMARY KEY (`id`)
) ENGINE=InnoDB DEFAULT CHARSET=utf8 COLLATE=utf8_unicode_ci;

INSERT INTO `esi_exemplars` (`id`, `reason`, `author_id`, `approver_id`, `exemplarable_id`, `exemplarable_type`, `created_at`, `updated_at`, `rejected_reason`, `approved`) VALUES
(1,	'<p>request test</p>',	1,	0,	25,	'App\\LessonPlan',	'2017-10-10 09:44:55',	'2017-10-10 09:44:55',	NULL,	0),
(2,	'<p>Trying to make an exemplar!</p>',	1,	1,	92,	'App\\Video',	'2017-10-12 09:48:07',	'2017-10-12 10:32:12',	NULL,	1),
(3,	'<p>Testing deny</p>',	1,	1,	89,	'App\\Video',	'2017-10-12 10:32:47',	'2017-10-12 10:47:07',	'<p>deny!</p>',	-1),
(4,	'<p>Make exemplar!</p>',	1,	0,	85,	'App\\Video',	'2017-10-12 14:29:44',	'2017-10-12 14:29:44',	NULL,	0),
(5,	'',	1,	1,	93,	'App\\Video',	'2017-10-16 12:15:20',	'2017-10-20 08:17:28',	NULL,	1),
(6,	'',	1,	1,	94,	'App\\Video',	'2017-10-16 12:21:20',	'2017-10-16 12:26:26',	NULL,	1),
(7,	'',	1,	1,	93,	'App\\Video',	'2017-10-20 08:18:33',	'2017-10-20 08:18:33',	NULL,	1),
(8,	'',	1,	0,	97,	'App\\Video',	'2017-10-20 08:34:58',	'2017-10-20 08:34:58',	NULL,	0),
(9,	'',	1,	0,	100,	'App\\Video',	'2017-10-26 12:58:24',	'2017-10-26 12:58:24',	NULL,	0),
(10,	'',	1,	1,	109,	'App\\Video',	'2017-11-02 09:01:12',	'2017-11-02 09:02:02',	NULL,	1),
(11,	'',	155,	1,	131,	'App\\Video',	'2017-11-03 09:43:17',	'2017-11-03 11:17:07',	NULL,	1),
(12,	'',	155,	1,	130,	'App\\Video',	'2017-11-03 09:47:50',	'2017-11-03 11:16:35',	NULL,	1),
(13,	'',	1,	1,	141,	'App\\Video',	'2017-11-06 11:07:17',	'2017-11-06 12:50:42',	NULL,	1),
(14,	'<p>test</p>',	1,	1,	141,	'App\\Video',	'2017-11-08 15:51:45',	'2017-11-08 15:51:56',	'',	-1),
(15,	'<p>Test video</p>',	1,	1,	143,	'App\\Video',	'2017-11-08 15:59:32',	'2017-11-08 16:01:33',	'',	-1),
(16,	'<p>test</p>',	1,	1,	147,	'App\\Video',	'2017-11-09 09:20:27',	'2017-11-09 09:20:27',	NULL,	1),
(17,	'<p>ev</p>',	1,	1,	171,	'App\\Video',	'2017-11-15 11:55:30',	'2017-11-15 11:55:30',	NULL,	1),
(18,	'<p>Test</p>',	1,	1,	188,	'App\\Video',	'2017-11-20 09:26:13',	'2017-11-20 09:26:13',	NULL,	1),
(19,	'<p>RESOURCE!</p>',	1,	1,	221,	'App\\Video',	'2017-12-11 14:53:42',	'2017-12-11 14:54:46',	'<p>remove</p>',	-1),
(20,	'<p>Resource</p>',	1,	1,	221,	'App\\Video',	'2017-12-11 14:55:10',	'2017-12-11 14:56:24',	'',	-1),
(21,	'<p>test description edit testing&nbsp;</p>',	1,	1,	222,	'App\\Video',	'2017-12-12 12:36:01',	'2017-12-12 12:36:01',	NULL,	1),
(22,	'<p>The following shows the actions of a girl as she is instructed to divide the drawn circle in half.</p>',	1,	1,	227,	'App\\Video',	'2017-12-12 22:49:39',	'2017-12-12 22:49:39',	NULL,	1),
(23,	'<p>Description</p>',	1,	1,	229,	'App\\Video',	'2017-12-13 11:04:38',	'2017-12-13 11:04:48',	'',	-1),
(24,	'<p>Description</p>',	1,	1,	234,	'App\\Video',	'2017-12-19 15:02:05',	'2017-12-19 15:02:05',	NULL,	1),
(25,	'<p>Description 333</p>',	1,	1,	250,	'App\\Video',	'2018-01-04 14:05:04',	'2018-01-04 14:05:04',	NULL,	1),
(26,	'<p>Description jjjjj</p>',	1,	1,	254,	'App\\Video',	'2018-01-11 14:20:22',	'2018-01-12 10:25:44',	'',	-1),
(27,	'<p>Description</p>',	1,	1,	259,	'App\\Video',	'2018-01-18 10:21:08',	'2018-01-18 10:21:08',	NULL,	1),
(28,	'<p>Description jjjjj</p>',	1,	1,	254,	'App\\Video',	'2018-01-18 10:23:21',	'2018-01-18 10:23:21',	NULL,	1),
(29,	'vic',	155,	1,	328,	'App\\Video',	'2018-03-01 16:27:48',	'2018-03-01 16:27:48',	NULL,	1);

DROP TABLE IF EXISTS `esi_forum_categories`;
CREATE TABLE `esi_forum_categories` (
  `id` int(10) unsigned NOT NULL AUTO_INCREMENT,
  `category_id` int(11) NOT NULL DEFAULT '0',
  `title` varchar(255) COLLATE utf8_unicode_ci NOT NULL,
  `description` varchar(255) COLLATE utf8_unicode_ci DEFAULT NULL,
  `weight` int(11) NOT NULL DEFAULT '0',
  `enable_threads` tinyint(1) NOT NULL DEFAULT '0',
  `thread_count` int(11) NOT NULL DEFAULT '0',
  `post_count` int(11) NOT NULL DEFAULT '0',
  `private` tinyint(1) NOT NULL DEFAULT '0',
  `created_at` timestamp NOT NULL DEFAULT '0000-00-00 00:00:00',
  `updated_at` timestamp NOT NULL DEFAULT '0000-00-00 00:00:00',
  PRIMARY KEY (`id`)
) ENGINE=InnoDB DEFAULT CHARSET=utf8 COLLATE=utf8_unicode_ci;

INSERT INTO `esi_forum_categories` (`id`, `category_id`, `title`, `description`, `weight`, `enable_threads`, `thread_count`, `post_count`, `private`, `created_at`, `updated_at`) VALUES
(1,	0,	'Root Category',	'A sample root category.',	0,	1,	0,	0,	0,	'0000-00-00 00:00:00',	'0000-00-00 00:00:00'),
(2,	0,	'Root Category',	'A sample root category.',	0,	1,	0,	0,	0,	'0000-00-00 00:00:00',	'0000-00-00 00:00:00');

DROP TABLE IF EXISTS `esi_forum_posts`;
CREATE TABLE `esi_forum_posts` (
  `id` int(10) unsigned NOT NULL AUTO_INCREMENT,
  `thread_id` int(10) unsigned NOT NULL,
  `author_id` int(10) unsigned NOT NULL,
  `content` text COLLATE utf8_unicode_ci NOT NULL,
  `post_id` int(10) unsigned DEFAULT NULL,
  `sequence` int(10) unsigned NOT NULL DEFAULT '0',
  `created_at` timestamp NOT NULL DEFAULT '0000-00-00 00:00:00',
  `updated_at` timestamp NOT NULL DEFAULT '0000-00-00 00:00:00',
  `deleted_at` timestamp NULL DEFAULT NULL,
  PRIMARY KEY (`id`)
) ENGINE=InnoDB DEFAULT CHARSET=utf8 COLLATE=utf8_unicode_ci;


DROP TABLE IF EXISTS `esi_forum_threads`;
CREATE TABLE `esi_forum_threads` (
  `id` int(10) unsigned NOT NULL AUTO_INCREMENT,
  `category_id` int(10) unsigned NOT NULL,
  `author_id` int(10) unsigned NOT NULL,
  `title` varchar(255) COLLATE utf8_unicode_ci NOT NULL,
  `pinned` tinyint(1) DEFAULT '0',
  `locked` tinyint(1) DEFAULT '0',
  `reply_count` int(11) NOT NULL DEFAULT '0',
  `created_at` timestamp NOT NULL DEFAULT '0000-00-00 00:00:00',
  `updated_at` timestamp NOT NULL DEFAULT '0000-00-00 00:00:00',
  `deleted_at` timestamp NULL DEFAULT NULL,
  PRIMARY KEY (`id`)
) ENGINE=InnoDB DEFAULT CHARSET=utf8 COLLATE=utf8_unicode_ci;


DROP TABLE IF EXISTS `esi_forum_threads_read`;
CREATE TABLE `esi_forum_threads_read` (
  `thread_id` int(10) unsigned NOT NULL,
  `user_id` int(10) unsigned NOT NULL,
  `created_at` timestamp NOT NULL DEFAULT '0000-00-00 00:00:00',
  `updated_at` timestamp NOT NULL DEFAULT '0000-00-00 00:00:00'
) ENGINE=InnoDB DEFAULT CHARSET=utf8 COLLATE=utf8_unicode_ci;


DROP TABLE IF EXISTS `esi_learning_modules`;
CREATE TABLE `esi_learning_modules` (
  `id` int(10) unsigned NOT NULL AUTO_INCREMENT,
  `title` varchar(255) COLLATE utf8_unicode_ci NOT NULL,
  `description` text COLLATE utf8_unicode_ci NOT NULL,
  `author_id` int(10) unsigned NOT NULL,
  `zoom_url` varchar(255) COLLATE utf8_unicode_ci DEFAULT NULL,
  `wistia_id` varchar(255) COLLATE utf8_unicode_ci DEFAULT NULL,
  `wistia_hashed_id` varchar(255) COLLATE utf8_unicode_ci DEFAULT NULL,
  `wistia_duration` int(11) DEFAULT NULL,
  `wistia_thumbnail` varchar(255) COLLATE utf8_unicode_ci DEFAULT NULL,
  `created_at` timestamp NOT NULL DEFAULT '0000-00-00 00:00:00',
  `updated_at` timestamp NOT NULL DEFAULT '0000-00-00 00:00:00',
  PRIMARY KEY (`id`)
) ENGINE=InnoDB DEFAULT CHARSET=utf8 COLLATE=utf8_unicode_ci;

INSERT INTO `esi_learning_modules` (`id`, `title`, `description`, `author_id`, `zoom_url`, `wistia_id`, `wistia_hashed_id`, `wistia_duration`, `wistia_thumbnail`, `created_at`, `updated_at`) VALUES
(1,	'mod',	'<p class=\"\">sweet mod<br></p>',	1,	'https://educare.earlyscienceinitiative.org/learning-modules',	NULL,	NULL,	NULL,	NULL,	'2016-05-26 23:33:40',	'2016-05-26 23:33:40'),
(3,	'test',	'<p class=\"\">https://www.youtube.com/watch?v=XhjgfgM1jzw<br></p>',	1,	'https://www.youtube.com/watch?v=XhjgfgM1jzw',	'sy048uu1y1',	'sy048uu1y1',	194,	'https://embed-ssl.wistia.com/deliveries/ce5d5bf836987f21f35a92f1721ad93a838f262a.jpg',	'2017-06-23 18:47:00',	'2017-06-23 19:00:07');

DROP TABLE IF EXISTS `esi_lesson_plans`;
CREATE TABLE `esi_lesson_plans` (
  `id` int(10) unsigned NOT NULL AUTO_INCREMENT,
  `title` varchar(255) COLLATE utf8_unicode_ci NOT NULL,
  `description` text COLLATE utf8_unicode_ci NOT NULL,
  `author_id` int(10) unsigned NOT NULL,
  `created_at` timestamp NOT NULL DEFAULT '0000-00-00 00:00:00',
  `updated_at` timestamp NOT NULL DEFAULT '0000-00-00 00:00:00',
  PRIMARY KEY (`id`)
) ENGINE=InnoDB DEFAULT CHARSET=utf8 COLLATE=utf8_unicode_ci;

INSERT INTO `esi_lesson_plans` (`id`, `title`, `description`, `author_id`, `created_at`, `updated_at`) VALUES
(4,	'Do all balls bounce?',	'Children will engage in a cycle of inquiry (practices) to understand that different properties of balls (physical science: attributes) cause them to bounce (cause and effect) differently.',	1,	'2016-10-05 19:03:50',	'2016-10-05 19:44:40'),
(7,	'hi',	'hi',	79,	'2016-10-31 18:12:20',	'2016-10-31 18:12:20'),
(9,	'TEST',	'test',	1,	'2017-06-26 20:32:38',	'2017-06-26 20:32:38'),
(10,	'hello world',	'hello world',	1,	'2017-06-26 20:32:57',	'2017-07-14 08:22:29'),
(11,	'Sample Instructional Design',	'Lorem ipsum dolor sit amet.',	1,	'2017-07-14 15:00:14',	'2017-07-17 18:44:58'),
(12,	'Test instruct design',	'Lorem',	1,	'2017-07-16 03:37:28',	'2017-07-17 18:30:48'),
(13,	'zfbzxvb',	'zbZFBDdb',	1,	'2017-07-17 15:56:27',	'2017-07-17 18:19:51'),
(14,	'A Real Test',	'<p>Test test!!</p>',	1,	'2017-07-17 18:47:18',	'2017-07-18 02:48:37'),
(15,	'wrwrwrew',	'<p>qwrwer</p>',	1,	'2017-07-17 19:34:43',	'2017-07-17 19:38:24'),
(16,	'X TEST',	'TEST',	1,	'2017-07-18 03:00:18',	'2017-07-18 03:00:18'),
(17,	'Lyrics to Changer',	'<p>[Couplet 1]<br />\r\nMon ami, mon avenir, ma vie, pardonne-moi<br />\r\n<a annotation-fragment=\"1784820\" classification=\"accepted\" data-id=\"1784820\" href=\"https://genius.com/Maitre-gims-changer-lyrics#note-1784820\" image=\"false\" ng-class=\"{          \'referent--linked_to_preview\': song_ctrl.referent_has_preview(fragment_id),          \'referent--linked_to_preview_active\': song_ctrl.highlight_preview_referent(fragment_element_id),          \'referent--purple_indicator\': song_ctrl.show_preview_referent_indicator(fragment_element_id)        }\" ng-click=\"open()\" on-hover-with-no-digest=\"set_current_hover_and_digest(hover ? fragment_id : undefined)\" pending-editorial-actions-count=\"0\" possibly-branded=\"false\" prevent-default-click=\"\">Ce visage inexpressif rempli de tristesse</a><br />\r\n<a annotation-fragment=\"1788041\" classification=\"accepted\" data-id=\"1788041\" href=\"https://genius.com/Maitre-gims-changer-lyrics#note-1788041\" image=\"false\" ng-class=\"{          \'referent--linked_to_preview\': song_ctrl.referent_has_preview(fragment_id),          \'referent--linked_to_preview_active\': song_ctrl.highlight_preview_referent(fragment_element_id),          \'referent--purple_indicator\': song_ctrl.show_preview_referent_indicator(fragment_element_id)        }\" ng-click=\"open()\" on-hover-with-no-digest=\"set_current_hover_and_digest(hover ? fragment_id : undefined)\" pending-editorial-actions-count=\"0\" possibly-branded=\"false\" prevent-default-click=\"\">De nombreuses fois j&#39;ai d&ucirc; te mentir<br />\r\nOu me mettre dans la peau d&#39;un autre<br />\r\nDes kilom&egrave;tres entre la parole et l&#39;acte<br />\r\nT&#39;as fini par voir mon petit jeu d&#39;acteur</a><br />\r\n<br />\r\n[Refrain]<br />\r\nMais laisse-moi, j&#39;peux tout t&#39;expliquer<br />\r\nDes fois j&#39;fais des choses que j&#39;comprends pas<br />\r\n<a annotation-fragment=\"1784885\" classification=\"accepted\" data-id=\"1784885\" href=\"https://genius.com/Maitre-gims-changer-lyrics#note-1784885\" image=\"false\" ng-class=\"{          \'referent--linked_to_preview\': song_ctrl.referent_has_preview(fragment_id),          \'referent--linked_to_preview_active\': song_ctrl.highlight_preview_referent(fragment_element_id),          \'referent--purple_indicator\': song_ctrl.show_preview_referent_indicator(fragment_element_id)        }\" ng-click=\"open()\" on-hover-with-no-digest=\"set_current_hover_and_digest(hover ? fragment_id : undefined)\" pending-editorial-actions-count=\"1\" possibly-branded=\"false\" prevent-default-click=\"\">La nuit m&#39;aide &agrave; m&eacute;diter</a><br />\r\n<a annotation-fragment=\"1788054\" classification=\"accepted\" data-id=\"1788054\" href=\"https://genius.com/Maitre-gims-changer-lyrics#note-1788054\" image=\"false\" ng-class=\"{          \'referent--linked_to_preview\': song_ctrl.referent_has_preview(fragment_id),          \'referent--linked_to_preview_active\': song_ctrl.highlight_preview_referent(fragment_element_id),          \'referent--purple_indicator\': song_ctrl.show_preview_referent_indicator(fragment_element_id)        }\" ng-click=\"open()\" on-hover-with-no-digest=\"set_current_hover_and_digest(hover ? fragment_id : undefined)\" pending-editorial-actions-count=\"0\" possibly-branded=\"false\" prevent-default-click=\"\">C&#39;est dans ces moments que j&#39;me dis que j&#39;vais changer<br />\r\nJ&#39;vais changer</a><br />\r\n<br />\r\n[Couplet 2]<br />\r\nMes ennuis, mes envies<br />\r\nMes d&eacute;sirs, mes plaisirs<br />\r\nOnt pris le dessus sur ma vie d&#39;famille<br />\r\nJusqu&#39;&agrave; m&#39;en d&eacute;tourner<br />\r\nL&#39;argent d&eacute;truit le c&oelig;ur d&#39;autrui<br />\r\nJe n&#39;peux dissocier l&#39;ennemi de l&#39;ami<br />\r\nTant pis je n&#39;veux pas d&#39;leur empire<br />\r\nJe pr&eacute;f&egrave;re ton sourire dans un trou d&#39;souris<br />\r\n<br />\r\n[Refrain]<br />\r\nMais laisse-moi, j&#39;peux tout t&#39;expliquer<br />\r\nDes fois j&#39;fais des choses que j&#39;comprends pas<br />\r\n<a annotation-fragment=\"1784885\" classification=\"accepted\" data-id=\"1784885\" href=\"https://genius.com/Maitre-gims-changer-lyrics#note-1784885\" image=\"false\" ng-class=\"{          \'referent--linked_to_preview\': song_ctrl.referent_has_preview(fragment_id),          \'referent--linked_to_preview_active\': song_ctrl.highlight_preview_referent(fragment_element_id),          \'referent--purple_indicator\': song_ctrl.show_preview_referent_indicator(fragment_element_id)        }\" ng-click=\"open()\" on-hover-with-no-digest=\"set_current_hover_and_digest(hover ? fragment_id : undefined)\" pending-editorial-actions-count=\"1\" possibly-branded=\"false\" prevent-default-click=\"\">La nuit m&#39;aide &agrave; m&eacute;diter</a><br />\r\n<a annotation-fragment=\"1788054\" classification=\"accepted\" data-id=\"1788054\" href=\"https://genius.com/Maitre-gims-changer-lyrics#note-1788054\" image=\"false\" ng-class=\"{          \'referent--linked_to_preview\': song_ctrl.referent_has_preview(fragment_id),          \'referent--linked_to_preview_active\': song_ctrl.highlight_preview_referent(fragment_element_id),          \'referent--purple_indicator\': song_ctrl.show_preview_referent_indicator(fragment_element_id)        }\" ng-click=\"open()\" on-hover-with-no-digest=\"set_current_hover_and_digest(hover ? fragment_id : undefined)\" pending-editorial-actions-count=\"0\" possibly-branded=\"false\" prevent-default-click=\"\">C&#39;est dans ces moments que j&#39;me dis que j&#39;vais changer<br />\r\nJ&#39;vais changer</a></p>\r\n\r\n<p><br />\r\n[Couplet 3]<br />\r\n<a annotation-fragment=\"1819441\" classification=\"accepted\" data-id=\"1819441\" href=\"https://genius.com/Maitre-gims-changer-lyrics#note-1819441\" image=\"false\" ng-class=\"{          \'referent--linked_to_preview\': song_ctrl.referent_has_preview(fragment_id),          \'referent--linked_to_preview_active\': song_ctrl.highlight_preview_referent(fragment_element_id),          \'referent--purple_indicator\': song_ctrl.show_preview_referent_indicator(fragment_element_id)        }\" ng-click=\"open()\" on-hover-with-no-digest=\"set_current_hover_and_digest(hover ? fragment_id : undefined)\" pending-editorial-actions-count=\"0\" possibly-branded=\"false\" prevent-default-click=\"\">Assis dans le noir<br />\r\nOccup&eacute; &agrave; compter mes d&eacute;fauts<br />\r\nAu fin fond du couloir</a><br />\r\n<a annotation-fragment=\"1782047\" classification=\"accepted\" data-id=\"1782047\" href=\"https://genius.com/Maitre-gims-changer-lyrics#note-1782047\" image=\"false\" ng-class=\"{          \'referent--linked_to_preview\': song_ctrl.referent_has_preview(fragment_id),          \'referent--linked_to_preview_active\': song_ctrl.highlight_preview_referent(fragment_element_id),          \'referent--purple_indicator\': song_ctrl.show_preview_referent_indicator(fragment_element_id)        }\" ng-click=\"open()\" on-hover-with-no-digest=\"set_current_hover_and_digest(hover ? fragment_id : undefined)\" pending-editorial-actions-count=\"0\" possibly-branded=\"false\" prevent-default-click=\"\">Accroch&eacute; &agrave; un atome d&#39;espoir</a><br />\r\n<a annotation-fragment=\"1819441\" classification=\"accepted\" data-id=\"1819441\" href=\"https://genius.com/Maitre-gims-changer-lyrics#note-1819441\" image=\"false\" ng-class=\"{          \'referent--linked_to_preview\': song_ctrl.referent_has_preview(fragment_id),          \'referent--linked_to_preview_active\': song_ctrl.highlight_preview_referent(fragment_element_id),          \'referent--purple_indicator\': song_ctrl.show_preview_referent_indicator(fragment_element_id)        }\" ng-click=\"open()\" on-hover-with-no-digest=\"set_current_hover_and_digest(hover ? fragment_id : undefined)\" pending-editorial-actions-count=\"0\" possibly-branded=\"false\" prevent-default-click=\"\">Assis dans le noir<br />\r\nOccup&eacute; &agrave; compter mes d&eacute;fauts<br />\r\nAu fin fond du couloir</a><br />\r\n<a annotation-fragment=\"1782047\" classification=\"accepted\" data-id=\"1782047\" href=\"https://genius.com/Maitre-gims-changer-lyrics#note-1782047\" image=\"false\" ng-class=\"{          \'referent--linked_to_preview\': song_ctrl.referent_has_preview(fragment_id),          \'referent--linked_to_preview_active\': song_ctrl.highlight_preview_referent(fragment_element_id),          \'referent--purple_indicator\': song_ctrl.show_preview_referent_indicator(fragment_element_id)        }\" ng-click=\"open()\" on-hover-with-no-digest=\"set_current_hover_and_digest(hover ? fragment_id : undefined)\" pending-editorial-actions-count=\"0\" possibly-branded=\"false\" prevent-default-click=\"\">Accroch&eacute; &agrave; un atome d&#39;espoir</a><br />\r\n<br />\r\n[Refrain]<br />\r\nMais laisse-moi, j&#39;peux tout t&#39;expliquer<br />\r\nDes fois j&#39;fais des choses que j&#39;comprends pas<br />\r\n<a annotation-fragment=\"1784885\" classification=\"accepted\" data-id=\"1784885\" href=\"https://genius.com/Maitre-gims-changer-lyrics#note-1784885\" image=\"false\" ng-class=\"{          \'referent--linked_to_preview\': song_ctrl.referent_has_preview(fragment_id),          \'referent--linked_to_preview_active\': song_ctrl.highlight_preview_referent(fragment_element_id),          \'referent--purple_indicator\': song_ctrl.show_preview_referent_indicator(fragment_element_id)        }\" ng-click=\"open()\" on-hover-with-no-digest=\"set_current_hover_and_digest(hover ? fragment_id : undefined)\" pending-editorial-actions-count=\"1\" possibly-branded=\"false\" prevent-default-click=\"\">La nuit m&#39;aide &agrave; m&eacute;diter</a><br />\r\n<a annotation-fragment=\"1788054\" classification=\"accepted\" data-id=\"1788054\" href=\"https://genius.com/Maitre-gims-changer-lyrics#note-1788054\" image=\"false\" ng-class=\"{          \'referent--linked_to_preview\': song_ctrl.referent_has_preview(fragment_id),          \'referent--linked_to_preview_active\': song_ctrl.highlight_preview_referent(fragment_element_id),          \'referent--purple_indicator\': song_ctrl.show_preview_referent_indicator(fragment_element_id)        }\" ng-click=\"open()\" on-hover-with-no-digest=\"set_current_hover_and_digest(hover ? fragment_id : undefined)\" pending-editorial-actions-count=\"0\" possibly-branded=\"false\" prevent-default-click=\"\">C&#39;est dans ces moments que j&#39;me dis que j&#39;vais changer<br />\r\nJ&#39;vais changer</a></p>\r\n',	1,	'2017-07-26 18:01:35',	'2017-07-26 18:01:35'),
(18,	'France 2',	'',	1,	'2017-07-26 19:45:43',	'2017-07-26 19:45:43'),
(19,	'Test ',	'<p>This is a test lesson plan.</p>',	1,	'2017-08-14 18:38:08',	'2017-08-14 18:38:08'),
(20,	'Test: lesson plan number 2',	'',	1,	'2017-08-15 16:44:51',	'2017-08-15 16:44:51'),
(21,	'Test Doc',	'<p>test doc&nbsp;</p>',	1,	'2017-08-15 19:16:03',	'2017-08-15 19:16:03'),
(22,	'Test Doc',	'<p>test doc</p>',	1,	'2017-08-15 19:20:24',	'2017-08-15 19:20:24'),
(23,	'wrtwrt',	'<p>segtrtg</p>',	1,	'2017-08-16 17:22:00',	'2017-08-16 17:22:00'),
(24,	'Testing',	'<p>1,2,1,2</p>',	1,	'2017-08-16 17:24:04',	'2017-08-16 17:24:04'),
(25,	'Test: edit',	'',	1,	'2017-08-23 15:04:10',	'2017-08-23 15:04:10'),
(26,	'Test Lesson Plan ',	'<p>This is a description of the lesson plan.&nbsp;</p>',	1,	'2017-08-25 15:10:03',	'2017-08-25 15:10:03'),
(27,	'8/28/17 Lesson ',	'<p>This is a test lesson plan&nbsp;</p>',	1,	'2017-08-28 14:53:48',	'2017-08-28 14:53:48'),
(28,	'new plan ',	'<p>8/28/17</p>',	1,	'2017-08-28 15:55:36',	'2017-08-28 15:55:36'),
(29,	'',	'',	1,	'2017-09-25 12:23:27',	'2017-09-25 12:23:27'),
(30,	'Test Plan 9/25/17',	'<p>Description of lesson plan</p>',	1,	'2017-09-25 12:25:57',	'2017-09-25 12:25:57'),
(31,	'',	'',	1,	'2017-09-25 16:03:03',	'2017-09-25 16:03:03'),
(32,	'',	'',	1,	'2017-09-25 16:11:03',	'2017-09-25 16:11:03'),
(33,	'',	'',	1,	'2017-10-11 12:35:09',	'2017-10-11 12:35:09'),
(34,	'Test 11/08/17',	'<p>Test description&nbsp;</p>',	1,	'2017-11-08 10:21:36',	'2017-11-08 10:21:36'),
(35,	'Test Lesson PLan',	'<p>Hello World</p>',	1,	'2018-01-23 14:49:47',	'2018-01-23 14:49:47'),
(36,	'Santi Test',	'<p>Test</p>',	1,	'2018-04-10 15:26:39',	'2018-04-10 15:26:39');

DROP TABLE IF EXISTS `esi_messages`;
CREATE TABLE `esi_messages` (
  `id` int(10) unsigned NOT NULL AUTO_INCREMENT,
  `author_id` int(10) unsigned NOT NULL,
  `title` varchar(255) COLLATE utf8_unicode_ci NOT NULL,
  `content` text COLLATE utf8_unicode_ci NOT NULL,
  `created_at` timestamp NOT NULL DEFAULT '0000-00-00 00:00:00',
  `updated_at` timestamp NOT NULL DEFAULT '0000-00-00 00:00:00',
  PRIMARY KEY (`id`)
) ENGINE=InnoDB DEFAULT CHARSET=utf8 COLLATE=utf8_unicode_ci;

INSERT INTO `esi_messages` (`id`, `author_id`, `title`, `content`, `created_at`, `updated_at`) VALUES
(6,	79,	'Trial 3',	'<p class=\"\">https://www.youtube.com/watch?v=lY2yjAdbvdQ<br></p>',	'2016-07-25 21:05:36',	'2016-07-25 21:05:36'),
(7,	84,	'Melting Popsicle',	'<p class=\"\">https://www.youtube.com/watch?v=FR7D_h5y9cc<br></p>',	'2016-08-31 02:34:23',	'2016-08-31 02:34:23'),
(8,	131,	'Test post',	'<p class=\"\">This is a test.</p>',	'2016-10-17 18:35:35',	'2016-10-17 18:35:35'),
(10,	130,	'Projects',	'<p>How do you plan on introducing the project approach to your teachers? Do you have any provocation ideas so far? Please share your thoughts!</p>',	'2016-10-19 06:55:00',	'2016-10-20 21:48:18'),
(12,	79,	'byw 2',	'<div class=\"medium-insert-embeds medium-insert-embeds-input medium-insert-embeds-active\"><p>https://www.youtube.com/watch?v=qVMW_1aZXRk<br></p></div><p><br></p>',	'2016-10-19 19:21:16',	'2016-10-19 19:21:16'),
(14,	130,	'Ramps',	'<p>https://www.youtube.com/watch?v=ReaIZFxiy4I<br></p>',	'2016-10-20 21:54:40',	'2016-10-20 21:54:40'),
(23,	1,	'Effective Questioning',	'<p>Hi all !&nbsp;</p><p>Below is the link to an article on effective questioning in the classroom. After reading it, consider the following questions: </p><p><b>How has this shifted your view of how teachers ask questions? What are good questions for teachers to ask?</b></p><p>Please share your thoughts in a comment under this post!</p><p class=\"\"><a href=\"http://exs.exploratorium.edu/wp-content/uploads/2011/05/The-Right-Question-at-the-Right-Time.pdf\">http://exs.exploratorium.edu/wp-content/uploads/2011/05/The-Right-Question-at-the-Right-Time.pdf</a><br></p>',	'2016-11-11 01:23:13',	'2016-11-11 01:23:13'),
(24,	1,	'Questions in the classroom',	'<p class=\"\">Hi everyone!</p><p class=\"\">Thanks for a great DL session last week.&nbsp;</p><p class=\"\">To prepare for our upcoming in-person PD and to continue to think about questioning, go into your classrooms and look for the following:</p><p class=\"\">1) What questions are your teachers asking? How are children responding to them?&nbsp;</p><p class=\"\">2) What are children interested in?</p><p class=\"\"><br></p><p class=\"\">Provide examples for each of these items as a response to this post. If you have a video to accompany a response please upload it via the video center.</p>',	'2016-12-05 16:17:09',	'2016-12-06 23:03:41'),
(25,	1,	'jkhgc',	'<p class=\"\">jhbvkjbv</p>',	'2017-07-16 03:16:05',	'2017-07-16 03:16:05'),
(26,	1,	'New Star Wars Trailer!',	'',	'2017-07-17 19:27:45',	'2017-07-17 19:27:45'),
(27,	1,	'Sample',	'',	'2017-07-17 19:32:29',	'2017-07-17 19:32:29'),
(28,	1,	'S',	'',	'2017-07-17 19:33:28',	'2017-07-17 19:33:28'),
(29,	1,	'Sample',	'<p>Sample</p><p class=\"\">https://www.youtube.com/watch?v=VZSKN312BXw<br></p><p><br></p>',	'2017-07-17 19:35:42',	'2017-07-17 19:35:42'),
(30,	1,	'Spellchecker',	'',	'2017-07-17 19:42:46',	'2017-07-17 19:42:46'),
(31,	1,	'Sample',	'<p><br></p><p>+</p><ul><li><br></li><li>&lt;iframe width=\"560\" height=\"315\" src=\"https://www.youtube.com/embed/VZSKN312BXw\" frameborder=\"0\" allowfullscreen&gt;&lt;/iframe&gt;&lt;iframe width=\"560\" height=\"315\" src=\"https://www.youtube.com/embed/VZSKN312BXw\" frameborder=\"0\" allowfullscreen&gt;&lt;/iframe&gt;<br></li></ul><p>&nbsp;</p>',	'2017-07-18 15:58:23',	'2017-07-18 15:58:23'),
(32,	1,	'Sample!',	'<p class=\"medium-insert-active\"><iframe width=\"560\" height=\"315\" src=\"https://www.youtube.com/embed/VZSKN312BXw\" frameborder=\"0\" allowfullscreen=\"\"></iframe><br></p>',	'2017-07-18 15:59:39',	'2017-07-18 15:59:39'),
(33,	150,	'Sample',	'<p class=\"\">This is a sample message!</p>',	'2017-07-18 17:31:03',	'2017-07-18 17:31:03'),
(34,	79,	'hello',	'<p class=\"\">Hi</p>',	'2017-07-25 20:27:39',	'2017-07-25 20:27:39'),
(35,	1,	'Game of Thrones Spoilers',	'<p class=\"\">One will dragon will die&nbsp;</p>',	'2017-08-14 19:49:17',	'2017-08-14 19:49:17'),
(36,	1,	'jh vjn',	'<p class=\"\"><span class=\"scayt-misspell-word\" data-scayt-word=\"kjhlj\" data-scayt-lang=\"en_US\">kjhlj</span></p>',	'2017-08-14 21:38:32',	'2017-08-14 21:38:32'),
(37,	1,	'Test Internet Explorer',	'<p>hello<br></p>',	'2017-08-15 14:59:47',	'2017-08-15 14:59:47'),
(38,	1,	'New message ',	'<p class=\"\">8/21/17</p>',	'2017-08-21 16:11:14',	'2017-08-21 16:11:14'),
(39,	1,	'Test',	'<p>Hi</p><ul><li><br></li><li><br></li></ul>',	'2017-08-25 16:00:49',	'2017-08-25 16:00:49'),
(40,	1,	'Test 2',	'<p><br></p><p>+Hi</p><ul><li><br></li><li><br></li></ul>',	'2017-08-25 16:09:12',	'2017-08-25 16:09:12'),
(41,	1,	'title',	'<p><br></p><p>+</p><ul><li><br></li><li><br></li></ul>',	'2017-08-28 16:49:58',	'2017-08-28 16:49:58'),
(42,	1,	'title 2 ',	'<p><br></p><p>+</p><ul><li><br></li><li><br></li></ul>',	'2017-08-28 18:10:00',	'2017-08-28 18:10:00'),
(43,	1,	'',	'',	'2017-09-20 18:34:13',	'2017-09-20 18:34:13'),
(44,	1,	'',	'',	'2017-09-20 18:41:36',	'2017-09-20 18:41:36'),
(45,	1,	'',	'',	'2017-09-20 23:41:59',	'2017-09-20 23:41:59'),
(46,	1,	'',	'',	'2017-09-21 14:19:07',	'2017-09-21 14:19:07'),
(47,	1,	'',	'',	'2017-09-21 14:30:27',	'2017-09-21 14:30:27'),
(48,	1,	'',	'',	'2017-09-21 18:07:35',	'2017-09-21 18:07:35'),
(49,	1,	'',	'',	'2017-09-21 18:10:31',	'2017-09-21 18:10:31'),
(50,	1,	'title ',	'',	'2017-09-21 18:12:59',	'2017-09-21 18:12:59'),
(51,	1,	'New Message',	'',	'2017-09-21 18:30:40',	'2017-09-21 18:30:40'),
(52,	1,	'',	'',	'2017-09-21 18:33:15',	'2017-09-21 18:33:15'),
(53,	1,	'',	'',	'2017-09-21 18:55:25',	'2017-09-21 18:55:25'),
(54,	1,	'Test 9/25/17',	'',	'2017-09-25 13:46:01',	'2017-09-25 13:46:01'),
(55,	1,	'',	'',	'2017-09-25 14:37:58',	'2017-09-25 14:37:58'),
(56,	1,	'',	'',	'2017-09-26 12:03:44',	'2017-09-26 12:03:44'),
(57,	1,	'',	'',	'2017-09-28 17:13:11',	'2017-09-28 17:13:11'),
(58,	1,	'',	'',	'2017-09-28 18:42:14',	'2017-09-28 18:42:14'),
(59,	1,	'test message',	'',	'2017-09-28 19:06:12',	'2017-09-28 19:06:12'),
(60,	1,	'title',	'',	'2017-09-28 19:16:52',	'2017-09-28 19:16:52'),
(61,	1,	'',	'',	'2017-09-28 19:34:20',	'2017-09-28 19:34:20'),
(62,	1,	'',	'',	'2017-09-28 19:35:56',	'2017-09-28 19:35:56'),
(63,	1,	'HELLO',	'',	'2017-09-28 19:38:15',	'2017-09-28 19:38:15'),
(64,	1,	'',	'',	'2017-09-28 19:39:45',	'2017-09-28 19:39:45'),
(65,	1,	'Test!',	'',	'2017-09-28 20:11:56',	'2017-09-28 20:11:56'),
(66,	1,	'TAGS!',	'',	'2017-09-29 17:32:30',	'2017-09-29 17:32:30'),
(67,	1,	'TAGS!',	'',	'2017-09-29 17:32:49',	'2017-09-29 17:32:49'),
(68,	1,	'TAGS!',	'',	'2017-09-29 17:33:00',	'2017-09-29 17:33:00'),
(69,	1,	'tags',	'',	'2017-09-29 17:35:07',	'2017-09-29 17:35:07'),
(70,	1,	'TAGS!',	'',	'2017-09-29 17:39:32',	'2017-09-29 17:39:32'),
(71,	1,	'Test Message 10/03/2017',	'',	'2017-10-03 10:57:31',	'2017-10-03 10:57:31'),
(72,	1,	'Set to Delete',	'',	'2017-10-03 10:59:49',	'2017-10-03 10:59:49'),
(73,	1,	'',	'',	'2017-10-03 11:28:39',	'2017-10-03 11:28:39'),
(74,	1,	'Test Message 2 10/03/2017 ',	'',	'2017-10-03 11:34:04',	'2017-10-03 11:34:04'),
(75,	1,	'10/09/2017',	'',	'2017-10-09 10:55:51',	'2017-10-09 10:55:51'),
(76,	1,	'New Test Message 10/16/17',	'',	'2017-10-16 12:58:32',	'2017-10-16 12:58:32'),
(77,	1,	'',	'',	'2017-10-16 13:00:45',	'2017-10-16 13:00:45'),
(78,	1,	'',	'',	'2017-10-16 13:01:21',	'2017-10-16 13:01:21'),
(79,	1,	'test!',	'',	'2017-10-17 10:43:37',	'2017-10-17 10:43:37'),
(80,	1,	'TEST!',	'',	'2017-10-17 11:24:09',	'2017-10-17 11:24:09'),
(81,	1,	'Message sent on 12:33pm',	'',	'2017-10-17 11:33:57',	'2017-10-17 11:33:57'),
(82,	1,	'erer',	'<p>gergerger</p>',	'2017-10-17 12:48:09',	'2017-10-17 12:48:09'),
(83,	1,	'Message to be exported',	'<p>Lorem ipsum dolor sit amet, consectetur adipiscing elit. Aenean ut leo id eros fringilla sollicitudin ac sed libero. Proin ornare blandit magna, in tristique velit aliquam eu. Sed vulputate magna a imperdiet tempor. Etiam maximus varius sem id auctor. Fusce quis nunc sapien. Cras eu turpis urna. Fusce maximus lorem eu tortor blandit, sed sagittis dui venenatis. Suspendisse sapien nisi, pretium ut rutrum at, pellentesque aliquet eros. Nunc ac ex aliquam, pellentesque metus at, molestie nibh. In id eros auctor, placerat nisi vel, efficitur sapien.</p><p>Maecenas est lacus, rhoncus vitae convallis in, pulvinar quis nulla. Nulla facilisi. Donec semper blandit ante, sit amet molestie lectus commodo non. Maecenas laoreet sem non dolor consectetur, ut aliquet eros vehicula. In hendrerit ex in massa bibendum rhoncus. Phasellus sodales enim nec leo semper, sed vehicula lorem rutrum. Sed in urna libero. Aenean sollicitudin consectetur egestas. Fusce auctor erat vehicula ex placerat lacinia. Aenean sagittis ipsum non mauris posuere, et tempor est tempor.</p>',	'2017-10-17 12:52:32',	'2017-10-17 12:52:32'),
(84,	1,	'erte',	'<p>rtert</p>',	'2017-10-18 11:18:36',	'2017-10-18 11:18:36'),
(85,	1,	'test',	'<p>test</p>',	'2017-10-18 11:21:28',	'2017-10-18 11:21:28'),
(86,	149,	'hello world',	'<p>hello</p>',	'2017-10-19 11:34:17',	'2017-10-19 11:34:17'),
(87,	1,	'Test Message 10/20/17',	'<p>This is a test message&nbsp;</p>',	'2017-10-20 09:21:38',	'2017-10-20 09:21:38'),
(88,	1,	'Test Message 2 10/20/17',	'',	'2017-10-20 09:27:26',	'2017-10-20 09:27:26'),
(89,	1,	'Test Message 3 10/20/17',	'',	'2017-10-20 09:27:55',	'2017-10-20 09:27:55'),
(90,	1,	'10/20/17',	'',	'2017-10-20 09:29:57',	'2017-10-20 09:29:57'),
(91,	1,	'Test 10/20/17',	'<p>Test Message</p>',	'2017-10-20 09:38:43',	'2017-10-20 09:38:43'),
(92,	1,	'Test with fixed uploadcare',	'<p><img alt=\"\" src=\"https://ucarecdn.com/c62e640e-a77b-466f-b0c7-f98eb7c1e077/-/preview/\" /><br />&nbsp;</p>',	'2017-11-06 13:07:56',	'2017-11-06 13:07:56'),
(93,	1,	'Test Message 11/07/17',	'',	'2017-11-07 08:51:35',	'2017-11-07 08:51:35'),
(94,	1,	'Test Message 11/07/17 2',	'<p>Hello!</p>',	'2017-11-07 08:55:24',	'2017-11-07 08:55:24'),
(95,	1,	'Test Message 11/07/17 3',	'<p>hiiii</p>',	'2017-11-07 09:29:12',	'2017-11-07 09:29:12'),
(96,	155,	'11/07/17 1',	'<p>Hi how are you?</p>',	'2017-11-07 10:00:59',	'2017-11-07 10:00:59'),
(97,	1,	'11/08/17',	'<p>Hi, how are you?</p>',	'2017-11-08 09:21:08',	'2017-11-08 09:21:08'),
(98,	1,	'Hi 11/10/17',	'<p>test</p>',	'2017-11-10 08:08:46',	'2017-11-10 08:08:46'),
(99,	155,	'11/10/17',	'<p>Hi Stephanie,&nbsp;</p><p>How are you?</p>',	'2017-11-10 13:59:54',	'2017-11-10 13:59:54'),
(100,	154,	'Test demo',	'',	'2017-11-10 14:02:54',	'2017-11-10 14:02:54'),
(101,	155,	'Test Message 11/10/17',	'',	'2017-11-10 14:03:19',	'2017-11-10 14:03:19'),
(102,	154,	'Helllo ',	'',	'2017-11-10 14:04:33',	'2017-11-10 14:04:33'),
(103,	155,	'Link to Star Wars',	'<p><a href=\"https://www.youtube.com/watch?v=W4CB5SeBGkI\">Link to Video</a></p>',	'2017-11-10 14:15:51',	'2017-11-10 14:15:51'),
(104,	154,	'test fri',	'<p>Friday afternoon&nbsp;</p>',	'2017-11-10 14:16:03',	'2017-11-10 14:16:03'),
(105,	155,	'test',	'<p>test</p>',	'2017-11-10 14:25:33',	'2017-11-10 14:25:33'),
(106,	155,	'Test 1-1',	'<p>test</p>',	'2017-11-10 14:25:39',	'2017-11-10 14:25:39'),
(107,	155,	'test',	'<p>test</p>',	'2017-11-10 14:25:50',	'2017-11-10 14:25:50'),
(108,	155,	'test',	'<p>test</p>',	'2017-11-10 14:26:10',	'2017-11-10 14:26:10'),
(109,	155,	'Test 2-2',	'<p>Test</p>',	'2017-11-10 14:26:22',	'2017-11-10 14:26:22'),
(110,	155,	'test',	'<p>test</p>',	'2017-11-10 14:26:24',	'2017-11-10 14:26:24'),
(111,	155,	'tests',	'<p>tests</p>',	'2017-11-10 14:26:41',	'2017-11-10 14:26:41'),
(112,	155,	'Test 3-3',	'<p>Test</p>',	'2017-11-10 14:26:48',	'2017-11-10 14:26:48'),
(113,	1,	'tags?',	'<p>test</p>',	'2017-12-20 13:47:45',	'2017-12-20 13:47:45'),
(114,	1,	'Test 12/21/2017',	'<p>Hello there</p>',	'2017-12-21 08:55:38',	'2017-12-21 08:55:38'),
(115,	154,	'aregtarwegta',	'<p>argargareg</p>',	'2017-12-21 09:05:09',	'2017-12-21 09:05:09'),
(116,	1,	'Test title',	'<p>Description</p>',	'2017-12-21 09:07:06',	'2017-12-21 09:07:06'),
(117,	1,	'asdd',	'<p>asd</p>',	'2018-01-23 13:24:01',	'2018-01-23 13:24:01'),
(118,	1,	'rrr',	'<p>rrr</p>',	'2018-01-23 13:25:06',	'2018-01-23 13:25:06'),
(119,	1,	'fgfdgdf',	'<p>gfdgdfg</p>',	'2018-01-31 14:03:53',	'2018-01-31 14:03:53'),
(120,	159,	'Team 3',	'<p>jep</p>',	'2018-02-01 08:24:24',	'2018-02-01 08:24:24'),
(121,	154,	'test',	'<p>test</p>',	'2018-02-02 08:51:39',	'2018-02-02 08:51:39'),
(122,	154,	'gggg',	'<p>ggg</p>',	'2018-02-02 09:17:03',	'2018-02-02 09:17:03'),
(123,	159,	'gfnf',	'<p>fghfd</p>',	'2018-02-02 14:04:23',	'2018-02-02 14:04:23'),
(124,	1,	'Title',	'',	'2018-02-05 14:19:49',	'2018-02-05 14:19:49'),
(125,	1,	'Message for Teacher',	'<p>hi.</p>',	'2018-02-05 14:23:24',	'2018-02-05 14:23:24'),
(126,	1,	'Title of message 2',	'<p>2</p>',	'2018-02-05 14:37:17',	'2018-02-05 14:37:17'),
(127,	1,	'Hi',	'<p>hello</p>',	'2018-02-05 14:39:52',	'2018-02-05 14:39:52'),
(128,	1,	'new message',	'<p>h</p>',	'2018-02-05 14:48:08',	'2018-02-05 14:48:08'),
(129,	1,	'hello',	'<p>2</p>',	'2018-02-05 14:54:57',	'2018-02-05 14:54:57'),
(130,	1,	'My new message',	'<p>hi</p>',	'2018-02-05 14:58:39',	'2018-02-05 14:58:39'),
(131,	1,	'Hello',	'',	'2018-02-12 14:28:09',	'2018-02-12 14:28:09'),
(132,	1,	'dsada',	'<p>adsadas</p>',	'2018-02-13 10:59:49',	'2018-02-13 10:59:49'),
(133,	1,	'asdasd',	'',	'2018-02-26 12:33:20',	'2018-02-26 12:33:20'),
(134,	1,	'frfs',	'<p>dfsdfsdf</p>',	'2018-02-26 12:42:02',	'2018-02-26 12:42:02'),
(135,	154,	'hi',	'<p>HI&nbsp;</p>',	'2018-03-01 15:22:58',	'2018-03-01 15:22:58'),
(136,	1,	'eerty',	'<p>erertert</p>',	'2018-03-01 16:01:06',	'2018-03-01 16:01:06'),
(137,	1,	'',	'',	'2018-03-05 12:38:20',	'2018-03-05 12:38:20'),
(138,	1,	'Test',	'',	'2018-03-05 12:40:04',	'2018-03-05 12:40:04'),
(139,	1,	'fdf',	'',	'2018-03-05 13:14:07',	'2018-03-05 13:14:07'),
(140,	1,	'buenas tardes ',	'',	'2018-03-05 13:14:42',	'2018-03-05 13:14:42'),
(141,	1,	'bfdf',	'',	'2018-03-05 13:19:32',	'2018-03-05 13:19:32'),
(142,	1,	'Message 1',	'',	'2018-03-05 13:46:46',	'2018-03-05 13:46:46'),
(143,	1,	'ddsfgfdgdfgdfgdfg',	'',	'2018-03-05 14:50:59',	'2018-03-05 14:50:59'),
(144,	1,	'1',	'',	'2018-03-05 15:24:24',	'2018-03-05 15:24:24');

DROP TABLE IF EXISTS `esi_migrations`;
CREATE TABLE `esi_migrations` (
  `migration` varchar(255) COLLATE utf8_unicode_ci NOT NULL,
  `batch` int(11) NOT NULL
) ENGINE=InnoDB DEFAULT CHARSET=utf8 COLLATE=utf8_unicode_ci;

INSERT INTO `esi_migrations` (`migration`, `batch`) VALUES
('2014_10_12_000000_create_users_table',	1),
('2014_10_12_100000_create_password_resets_table',	1),
('2015_10_03_114242_activities',	1),
('2015_10_04_180061_messages',	1),
('2015_10_08_191517_comments',	1),
('2015_10_08_220012_object_relations',	1),
('2016_01_16_024530_add_avatar_fields_to_users_table',	1),
('2016_02_04_174225_create_roles_table',	1),
('2016_02_04_174419_add_roles_to_users_table',	1),
('2016_02_04_182652_add_group_id_to_user_table',	1),
('2016_02_06_125712_create_schools_table',	1),
('2016_02_06_125731_add_classroom_table',	1),
('2016_02_06_125745_add_classroom_to_users_table',	1),
('2016_02_11_002220_create_school_users_table',	1),
('2016_02_12_184642_create_userables_table',	1),
('2016_02_13_094725_create_commentables_table',	1),
('2016_02_14_192405_create_videos_table',	1),
('2016_02_18_140009_create_lesson_plans_table',	1),
('2016_02_18_181749_create_exemplar_table',	1),
('2016_03_04_123242_add_wistia_fields',	1),
('2016_03_11_133142_add_comment_type',	1),
('2016_03_11_134539_create_annotations_table',	1),
('2016_03_11_152749_create_documents_table',	1),
('2016_03_14_171733_add_documentables_table',	1),
('2016_03_25_145458_create_learning_modules_table',	1),
('2016_04_07_175326_create_answers_table',	1),
('2016_04_18_161521_add_deleted_at_to_users',	1),
('2016_04_19_155119_create_resources_table',	1),
('2016_04_19_163813_create_resourceables_table',	1),
('2016_04_19_164353_create_resource_types_table',	1),
('2016_04_20_164930_add_category_to_resources_types_table',	1),
('2016_04_25_172518_create_tags_table',	1),
('2016_04_25_172535_create_tagables_table',	1),
('2016_05_02_164406_add_hidden_to_video_table',	1),
('2016_05_02_172937_add_rejected_reason_to_exemplar_table',	1),
('2016_05_03_180236_add_description_to_videos',	1),
('2016_05_09_193407_add_master_teacher_to_users_table',	2),
('2016_07_19_181658_add_delete_email_column_to_users',	3),
('2014_05_19_151759_create_forum_table_categories',	4),
('2014_05_19_152425_create_forum_table_threads',	4),
('2014_05_19_152611_create_forum_table_posts',	4),
('2015_04_14_180344_create_forum_table_threads_read',	4),
('2015_07_22_181406_update_forum_table_categories',	4),
('2015_07_22_181409_update_forum_table_threads',	4),
('2015_07_22_181417_update_forum_table_posts',	4),
('2016_05_24_114302_add_defaults_to_forum_table_threads_columns',	4),
('2016_07_09_111441_add_counts_to_categories_table',	4),
('2016_07_09_122706_add_counts_to_threads_table',	4),
('2016_07_10_134700_add_sequence_to_posts_table',	4),
('2017_06_27_160852_add_read_to_notifications_table',	5),
('2017_06_27_173135_add_read_to_userables_table',	6),
('2017_06_27_174301_remove_read_from_notifications_table',	7),
('2017_06_27_181242_remove_read_from_userables_table',	8),
('2016_07_29_171118_create_chatter_categories_table',	9),
('2016_07_29_171118_create_chatter_discussion_table',	9),
('2016_07_29_171118_create_chatter_post_table',	9),
('2016_07_29_171128_create_foreign_keys',	9),
('2016_08_02_183143_add_slug_field_for_discussions',	9),
('2016_08_03_121747_add_color_row_to_chatter_discussions',	9),
('2017_01_16_121747_add_markdown_and_lock_to_chatter_posts',	9),
('2017_01_16_121747_create_chatter_user_discussion_pivot_table',	9),
('2017_06_28_190735_add_is_private_to_chatter_posts_table',	10),
('2017_06_28_200148_drop_is_private_to_chatter_posts_table',	11),
('2017_06_28_200318_addd_is_private_int_to_chatter_posts_table',	12),
('2017_06_30_171729_add_cat_id_to_videos_table',	13),
('2017_06_30_172210_add_category_id_to_videos_table',	14),
('2017_06_30_192615_create_video_categories_table',	15),
('2017_06_30_193150_add_category_name_to_video_categories_table',	16),
('2017_07_10_153736_add_range_to_annotations_table',	17),
('2017_07_11_164750_create_cycles_table',	18),
('2017_07_11_172629_create_cycle_steps_table',	19),
('2017_07_11_173132_create_cycle_progresses_table',	20),
('2017_07_11_200254_add_title_to_cycles_table',	21),
('2017_07_12_164748_add_color_to_cycles_table',	22),
('2017_07_13_183451_create_video_columns_table',	23),
('2017_07_14_153359_create_progress_bars_table',	24),
('2017_07_14_153411_create_progress_bar_steps_table',	24),
('2017_07_14_154658_create_progress_bar_step_progresses_table',	25),
('2017_07_16_042229_add_type_to_documents_table',	26),
('2017_07_17_160147_add_field_to_comments_table',	27),
('2017_07_17_172307_remove_field_from_comments_table',	28),
('2017_07_17_172340_add_comment_date_to_comments_table',	28),
('2017_07_17_172526_add_field_comment_date_to_comments_table',	29),
('2017_07_18_213641_create_user_share_objects_table_mig',	30),
('2017_07_18_213703_create_user_share_table_mig',	31),
('2017_07_19_184023_create_user_saves_table',	32),
('2017_07_19_184031_create_user_save_objects_table',	32),
('2017_07_20_144307_create_resource_categories_table',	33),
('2017_07_20_145347_add_cat_id_to_resources_table',	34),
('2017_07_20_155034_add_cols_to_resources_table',	35),
('2017_07_20_155336_remove_type_from_resources_table',	36),
('2017_07_20_161942_remove_type_id_from_resources_table',	37),
('2017_07_20_220904_create_video_column_objects_table',	38),
('2017_07_20_221447_add_columns_to_video_column_objects_table',	39),
('2017_08_22_155258_add_template_to_progress_bars_table',	40),
('2017_08_31_161656_add_deadline_to_progressbars_table',	41),
('2017_08_31_232754_add_order_to_progress_bar_steps_table',	42),
('2017_09_29_153750_create_delete_requests_table',	43),
('2017_10_05_130145_create_pending_requests_table',	44),
('2017_10_05_132359_add_cols_to_delete_requests_table',	44),
('2017_10_12_121850_create_recover_requests_table',	45),
('2017_10_16_095412_add_obj_fields_to_pb_step',	46),
('2017_10_16_120830_add_parent_id_to_comments_table',	47),
('2017_10_16_123525_drop_parent_id_from_comments_table',	48),
('2017_10_16_123801_add_nullable_parent_id_to_comments',	49),
('2017_10_17_102345_create_notifications_table',	50),
('2017_10_17_105149_add_read_at_col_to_activities_table',	51),
('2017_10_17_105513_drop_read_at_col_from_act_table',	52),
('2017_10_17_105642_readd_read_at_col',	53),
('2017_11_20_155504_create_video_discussions_table',	54),
('2017_11_20_155515_create_video_discussion_questions_table',	54),
('2017_11_20_155522_create_video_discussion_question_answers_table',	54),
('2017_11_20_161450_add_col_to_video_qs_table',	55),
('2017_11_20_161613_add_col_to_video_as_table',	56),
('2017_11_20_161951_add_answer_to_vda_table',	57),
('2017_12_05_121331_add_duedate_to_progressbar_steps_table',	58),
('2017_12_06_150012_create_pb_step_types_table',	59),
('2017_12_06_150053_add_step_type_to_pb_steps_table',	59),
('2017_12_21_125846_add_desc_to_pb_tasks_table',	60),
('2017_12_21_132316_drop_type_from_pb_tasks_table',	61),
('2017_12_21_132446_add_participant_id_to_pb_steps_table',	62),
('2018_01_09_095732_add_private_to_resources_table',	63),
('2018_01_22_161008_add_is_external_to_pb_steps_table',	64),
('2018_01_24_114849_add_context_to_activites_table',	65),
('2018_01_25_150110_add_due_date_notified_to_pb_steps',	66),
('2018_01_25_153423_add_started_notified_to_pb_steps',	67),
('2018_03_12_140758_add_is_draft_to_discussion_question_answers',	68),
('2018_03_14_130405_add_private_discussion_fields_to_discussions_table',	69),
('2018_03_14_141319_create_discussion_annotations_table',	70),
('2018_03_15_093926_modify_videodiscussion_table_make_ann_nullable',	71),
('2018_03_26_151516_make_due_date_nullable_in_pb_steps',	72);

DROP TABLE IF EXISTS `esi_notifications`;
CREATE TABLE `esi_notifications` (
  `id` char(36) COLLATE utf8_unicode_ci NOT NULL,
  `type` varchar(255) COLLATE utf8_unicode_ci NOT NULL,
  `notifiable_id` int(10) unsigned NOT NULL,
  `notifiable_type` varchar(255) COLLATE utf8_unicode_ci NOT NULL,
  `data` text COLLATE utf8_unicode_ci NOT NULL,
  `read_at` timestamp NULL DEFAULT NULL,
  `created_at` timestamp NULL DEFAULT NULL,
  `updated_at` timestamp NULL DEFAULT NULL,
  PRIMARY KEY (`id`),
  KEY `notifications_notifiable_id_notifiable_type_index` (`notifiable_id`,`notifiable_type`)
) ENGINE=InnoDB DEFAULT CHARSET=utf8 COLLATE=utf8_unicode_ci;


DROP TABLE IF EXISTS `esi_object_relations`;
CREATE TABLE `esi_object_relations` (
  `object_id` int(10) unsigned NOT NULL,
  `component_id` int(10) unsigned NOT NULL
) ENGINE=InnoDB DEFAULT CHARSET=utf8 COLLATE=utf8_unicode_ci;


DROP TABLE IF EXISTS `esi_password_resets`;
CREATE TABLE `esi_password_resets` (
  `email` varchar(255) COLLATE utf8_unicode_ci NOT NULL,
  `token` varchar(255) COLLATE utf8_unicode_ci NOT NULL,
  `created_at` timestamp NOT NULL DEFAULT '0000-00-00 00:00:00',
  KEY `password_resets_email_index` (`email`),
  KEY `password_resets_token_index` (`token`)
) ENGINE=InnoDB DEFAULT CHARSET=utf8 COLLATE=utf8_unicode_ci;

INSERT INTO `esi_password_resets` (`email`, `token`, `created_at`) VALUES
('josue@artisanmedia.com',	'04ad47379e8a83d1597ca97b1278684aa4b31ddf6a97d28496df678708279edb',	'2016-07-19 23:55:22'),
('bkomasincki@educare.org',	'3743c4ffec74b2102e37dd0912fbf7fb19279f46d77d478910f32a00a5e2b1bc',	'2016-10-12 00:11:20'),
('space@educareomaha.org',	'04a55d77595f81b9920b43930e0be42ab0486f6287fb62a35a41780c27711509',	'2016-10-12 00:40:05'),
('kbayliff@educareomaha.org',	'6496f85dfc5c47a445ac3a874cf8d61fd6e145683e3787af177d01ee0847dae9',	'2016-10-12 00:41:02'),
('jgolwitzer@educareomaha.org',	'327463857ad4eac4f139b820f65e13d28497f8fe5c9b74c85406199c0f93d01c',	'2016-10-12 00:41:53'),
('Sara.johnson@educareomaha.org',	'3fc498b5c2a9512fc3258fa037fb0782f7708a7585c60b43ea25cd84fd418393',	'2016-10-12 00:42:31'),
('smeyer@educareomaha.org',	'e44f21991fe96f746415c82fc7ff395f19c2713b4d6806e3cdfbb15a18d93330',	'2016-10-12 00:43:04'),
('JSomerville@psesd.org',	'ceadab0e5ab815e429709554d2f94bd862db385ae93f801862ad446477ca8e25',	'2016-10-12 00:43:54'),
('KHenderson-Wasmund@psesd.org',	'ad069114443a6f0521b1f43b5ba70600c819af49ecb44e79ce58a629814ae140',	'2016-10-12 00:44:30'),
('ekate@psesd.org',	'9bcf184d789f145d4dcfb1b2ebd1fcfccc1d6bede7ce730d94d98f74e8acc8e5',	'2016-10-12 00:45:20'),
('lvanderwaal@psesd.org',	'0682abe19a8e2999bea75d15939b224acb6d271315b533a7069b07008515d52a',	'2016-10-12 00:45:51'),
('jdunn@educareomaha.org',	'a45a0d280050e3b327276bf65a7350554198d2c57483a6304605b59a9f7578cc',	'2016-10-12 00:46:54'),
('cavery@educareomaha.org',	'a37cbb15221fa3840fb6451e7467a297256cc200376680f83a1487e7a01cf162',	'2016-10-12 00:55:36'),
('ghendricks@educareomaha.org',	'911ac39fb985f200eb3c793133fe4d1990c3b25b6d9979ca219ba8b8ec85a438',	'2016-10-14 17:16:25'),
('csapp@psesd.org',	'f2792db22c75e22a48b38e28c60a06948feacc1f32a8d7783a7642f23bdf4489',	'2016-10-14 17:19:34'),
('SHarris@psesd.org',	'0a6a6fa4d8850844520eb8872330bdcd922e874878066ec150fe083720d595f7',	'2016-10-14 17:22:04'),
('ayimer@psesd.org',	'34aa83100cf359cb296f37aceca7ad692bf0a4969c6fda1e2aa1b27f4f28e9f6',	'2016-10-14 17:26:54'),
('mvictorino@psesd.org',	'86470f3766292a8d203718da97b868674c649eb69b60596a8fdac6df02786005',	'2016-10-14 17:27:20'),
('ENkhalamba@psesd.org',	'ec7812da052fdc6867464db228903c85aa14776e24d112c4e3cdc6f68018d97b',	'2016-10-14 17:28:26'),
('Vsantos@psesd.org',	'b5707a876e749987ca9da48b38fc24e97a93fa8e274ad558cd3e910a3bff239a',	'2016-10-14 17:28:53'),
('MSwainston@psesd.org',	'1ca1bc8846a23cbb40f508df8a8635e2e450be7273e278595ce1b7954a4a2d04',	'2016-10-14 17:29:21'),
('kkinney@psesd.org',	'5f54d2d615ed9eaeb0a1da1a41fa2051467eadb76f946c00811a906c861f48cd',	'2016-10-14 17:29:48'),
('EAziz@psesd.org',	'4a5a9eebb0cdd094df8a4cef9ad1d4aea5ba13afd55ac8ee18c22b919955e8e9',	'2016-10-14 17:30:17'),
('ssettles@educareomaha.org',	'd613cb4b616e033ea0e00639897d9e3cbedd9801a9cb6e634bb1b8719b74f240',	'2016-10-14 17:46:12'),
('Tiffany.harris@ops.org',	'0776518e31b97e574447da8d64047491146ed5f767d0d87d7eb391779d1d5115',	'2016-10-14 17:47:03'),
('mthompson@educareomaha.org',	'18c1ea6ca420267a5aa9d83776f96e7627e316764272c99b9b673c89589163ce',	'2016-10-14 17:47:35'),
('dlouis@educareomaha.org',	'83e462d3356dc1124c549f794b08a82c2e7c6350bac26ce0bda64c61395864ab',	'2016-10-14 17:48:06'),
('lbrown@educareomaha.org',	'da802e0aa5494fb18ad9f0fbf9222e351e104c839c9de2452dd2bd9b34b9e19b',	'2016-10-14 17:48:37'),
('mjimerson@educareomaha.org',	'a042e6a1acec37ba54c63acf90563c1aa014a0dd01cb81d325e23b351374eee4',	'2016-10-14 17:49:01'),
('nwalker@educareomaha.org',	'606b2a5bfb93d58c4812c18588506bc4c633f9e8a06b76ed0d3f867372b0afd8',	'2016-10-14 17:49:27'),
('lfranklin@educareomaha.org',	'1788740096656b0c69c74a18502ace08c141ab95782e11e91439c865460f2923',	'2016-10-14 17:49:55'),
('kzellner@educareomaha.org',	'c1bff51c05d96759a164c992a8c221db925b4313dd1ac8518cd3767259e0ae5f',	'2016-10-14 17:51:45'),
('JMinhas@psesd.org',	'9ca94490547d51f497261a1b2bbf11aa0c9456e9c60e1765f08a3ff2fa9da603',	'2016-10-14 17:57:14'),
('TJudie@psesd.org',	'354b4114490f72922e0596d59961e2552dca84c8ad1a73b0313e42eeb35b6fd0',	'2016-10-14 17:57:40'),
('bdeling@psesd.org',	'04bc6723ee6a8a976c7cd862de8d8ebbe09ba5dc0e42472811ef74054b9ab94a',	'2016-10-14 17:58:59'),
('YAguilar@psesd.org',	'd592e90ac209d8b3a6a9f24e7f817af4ca502ce0fd1363ab8c185c8bc7989f00',	'2016-10-14 17:59:34'),
('kclemente@psesd.org',	'be0fed358232d015fa9b8e500943bbcd474063e14c83e19e6900faeae184bf75',	'2016-10-14 18:01:20'),
('nmcgill@psesd.org',	'f0a3179a6e935c91f5b8c122b1e8df35d4d338c833912195cdda80dd29db5264',	'2016-10-14 18:03:26'),
('earlyscienceinitiative@miami.edu',	'74fcf88753ed427195ed11620401cd6cd704be05607befe0d171a5a831b68347',	'2016-10-17 18:26:07'),
('correat@unitedwaymiami.org',	'ae9514e8ed0166851fdf689411826d19146b69ed7e4cf7e8776e82db013740a2',	'2016-11-03 17:12:41'),
('londanon@unitedwaymiami.org',	'4d68263485fe819da53214fbf2c419fba7d0733b3fe65b257cfcd178aec22e68',	'2016-11-22 01:43:00'),
('dpacchiano@educarenetwork.org',	'aef648e7c52a2e7cba0f36f9c5a16434532f1fff843fb21a6808d71e79280306',	'2016-11-22 21:01:28'),
('mcenteno@educarenetwork.org',	'5d3307beb4d127a9e9dd1dbb7c1222910babc4844785df8efee1f383a8072505',	'2016-11-22 21:04:29'),
('AnitaH@educarenetwork.org',	'043a1c95981af8445dc79b0e093d3fec3a1c5708cfdab416e81adfc5fc3fd128',	'2016-11-22 21:05:24'),
('Apearson@educarenetwork.org',	'63d4162dad978e4080225fe6a46aff88cd6ec9446b37064a0c6de123309d054c',	'2016-11-22 21:06:02'),
('debrap@ounceofprevention.org',	'cf4c11a961f5242d009a63683cf1edbbe442e8e1dc9a2418d0cc3d1559596211',	'2016-11-23 00:16:18'),
('raymond@inreact.com',	'7b0148b930402db699d72f80e1abe9a38288bfed1f9d053c32220ab01965a5d3',	'2017-07-12 03:19:41'),
('osiris@inreact.com',	'414e891e589a5254c5ee003b4b1c696a2fa44e12bf825e367d6d5dfe56088836',	'2017-07-12 03:21:01'),
('junier@inreact.com',	'2ff6a1d4244c693b0f1f3a9c7553d512e9ef3de4ec2965cde28e7175f1faee4a',	'2017-07-12 03:22:26'),
('coach@inreact.com',	'7d2f09b0cb4b5890dc2fdfb7a8de56d5a882700796164971bb9bd689d7c960c2',	'2017-07-12 03:23:38'),
('role-parent-esi@inreact.com',	'5fdc4dbe387333de6b6995b88b035d40dac3b13fb08546b2c551400802b66c31',	'2017-10-27 09:46:38'),
('role-teacher-esi@inreact.com',	'b9a20dada6e1ecd948c4e7d83dad871f77131661a0721b8eb7c68ba342889760',	'2017-10-27 09:48:08'),
('role-master-teacher-esi@inreact.com',	'5986a0558ef2ed108c791003e65511adf9728db9d7cc4917d39b1d8ac0db5233',	'2017-10-27 09:49:43'),
('role-school-leader-esi@inreact.com',	'c7a86b786e8147c63753c31c4a774cbc0055c39b96bfe456a284c832b70cef31',	'2017-10-27 09:50:09'),
('role-project-admin-esi@inreact.com',	'9aa66c45e48cc94395a90c036c113b68a1bc87c2ba8955e581a7ffbaf15ec403',	'2017-10-27 09:50:56'),
('esi-moderator@inreact.com',	'f490c522c07b57e1ffa9dafcc0e6a01b6328e2ae39352e07c33b2bf99c067114',	'2017-10-27 09:52:00'),
('esi-coach@inreact.com',	'4097d3491e304e8fb61084cd0e0c8add4b9842e66d2b2bbb4242673d41b33263',	'2017-10-27 09:52:25');

DROP TABLE IF EXISTS `esi_pending_requests`;
CREATE TABLE `esi_pending_requests` (
  `id` int(10) unsigned NOT NULL AUTO_INCREMENT,
  `created_at` timestamp NULL DEFAULT NULL,
  `updated_at` timestamp NULL DEFAULT NULL,
  PRIMARY KEY (`id`)
) ENGINE=InnoDB DEFAULT CHARSET=utf8 COLLATE=utf8_unicode_ci;


DROP TABLE IF EXISTS `esi_progress_bars`;
CREATE TABLE `esi_progress_bars` (
  `id` int(10) unsigned NOT NULL AUTO_INCREMENT,
  `author_id` int(11) NOT NULL,
  `name` varchar(255) COLLATE utf8_unicode_ci NOT NULL,
  `action_plan` text COLLATE utf8_unicode_ci NOT NULL,
  `created_at` timestamp NULL DEFAULT NULL,
  `updated_at` timestamp NULL DEFAULT NULL,
  `is_template` int(11) NOT NULL DEFAULT '0',
  `deadline` datetime NOT NULL,
  PRIMARY KEY (`id`)
) ENGINE=InnoDB DEFAULT CHARSET=utf8 COLLATE=utf8_unicode_ci;

INSERT INTO `esi_progress_bars` (`id`, `author_id`, `name`, `action_plan`, `created_at`, `updated_at`, `is_template`, `deadline`) VALUES
(165,	1,	'gdgr',	'',	'2018-03-01 15:48:12',	'2018-03-01 15:48:12',	0,	'0000-00-00 00:00:00'),
(167,	1,	'NEW PB',	'',	'2018-03-05 12:02:42',	'2018-03-05 12:02:42',	0,	'0000-00-00 00:00:00'),
(168,	1,	'hghgfhf',	'',	'2018-03-08 14:58:42',	'2018-03-08 14:58:42',	0,	'0000-00-00 00:00:00'),
(171,	155,	'fsdfsdf',	'',	'2018-03-20 09:16:40',	'2018-03-20 09:16:40',	0,	'0000-00-00 00:00:00'),
(172,	154,	'Progress Bar 3/20/2018',	'',	'2018-03-20 09:17:01',	'2018-03-20 09:17:01',	0,	'0000-00-00 00:00:00'),
(173,	1,	'sadsad',	'',	'2018-03-20 09:17:39',	'2018-03-20 09:17:39',	0,	'0000-00-00 00:00:00'),
(174,	1,	'vvbnvbnv',	'',	'2018-03-20 09:28:06',	'2018-03-20 09:28:06',	0,	'0000-00-00 00:00:00'),
(175,	1,	'New Progress Bar 3/20/18',	'',	'2018-03-20 09:33:38',	'2018-03-20 09:33:38',	0,	'0000-00-00 00:00:00'),
(176,	1,	'Test PB 03/22/2018',	'',	'2018-03-22 11:13:23',	'2018-03-22 11:13:23',	0,	'0000-00-00 00:00:00'),
(178,	1,	'fdsfdsf',	'',	'2018-03-23 13:26:22',	'2018-03-23 13:26:22',	0,	'0000-00-00 00:00:00'),
(179,	1,	'dsadasd',	'',	'2018-03-23 13:30:45',	'2018-03-23 13:30:45',	0,	'0000-00-00 00:00:00'),
(180,	1,	'sfdsdfsd',	'',	'2018-03-23 13:34:45',	'2018-03-23 13:34:45',	0,	'0000-00-00 00:00:00'),
(181,	79,	'fsdfsdfsd',	'',	'2018-03-26 16:38:15',	'2018-03-26 16:38:15',	0,	'0000-00-00 00:00:00'),
(182,	1,	'fdsfsd',	'',	'2018-03-27 11:20:54',	'2018-03-27 11:20:54',	0,	'0000-00-00 00:00:00'),
(183,	1,	'PB 03/28 1',	'',	'2018-03-28 09:51:00',	'2018-03-28 09:51:00',	0,	'0000-00-00 00:00:00'),
(184,	1,	'PB 03/28 2',	'',	'2018-03-28 10:47:32',	'2018-03-28 10:47:32',	0,	'0000-00-00 00:00:00'),
(185,	155,	'Hhfdssss',	'',	'2018-04-09 09:53:23',	'2018-04-09 09:53:23',	0,	'0000-00-00 00:00:00'),
(186,	155,	'Ficyjy',	'',	'2018-04-09 10:07:47',	'2018-04-09 10:07:47',	0,	'0000-00-00 00:00:00'),
(188,	1,	'Hdjchx',	'',	'2018-04-09 10:09:36',	'2018-04-09 10:09:36',	0,	'0000-00-00 00:00:00'),
(191,	1,	'Twt',	'',	'2018-04-09 10:32:49',	'2018-04-09 10:32:49',	0,	'0000-00-00 00:00:00'),
(192,	155,	'Dhdhddbdndn',	'',	'2018-04-09 10:33:05',	'2018-04-09 10:48:52',	0,	'0000-00-00 00:00:00'),
(193,	154,	'PB 4/10',	'',	'2018-04-10 07:13:16',	'2018-04-10 07:13:16',	0,	'0000-00-00 00:00:00'),
(194,	155,	'Upload sksnsns',	'',	'2018-04-10 07:16:31',	'2018-04-10 07:16:31',	0,	'0000-00-00 00:00:00'),
(195,	154,	'PB 4/10',	'',	'2018-04-10 07:39:17',	'2018-04-10 07:39:17',	0,	'0000-00-00 00:00:00'),
(196,	154,	'Pbbbbb',	'',	'2018-04-10 09:33:46',	'2018-04-10 09:33:46',	0,	'0000-00-00 00:00:00'),
(197,	1,	'q346',	'',	'2018-04-10 11:41:00',	'2018-04-10 11:41:00',	0,	'0000-00-00 00:00:00'),
(198,	1,	'Bbhf',	'',	'2018-04-10 14:18:49',	'2018-04-10 14:18:49',	0,	'0000-00-00 00:00:00'),
(199,	1,	'Tfhh',	'',	'2018-04-10 14:26:37',	'2018-04-10 14:26:37',	0,	'0000-00-00 00:00:00'),
(200,	155,	'Sbsjsbs',	'',	'2018-04-11 08:37:48',	'2018-04-11 08:37:48',	0,	'0000-00-00 00:00:00'),
(201,	1,	'Testing 4/11',	'',	'2018-04-11 09:28:25',	'2018-04-11 09:28:25',	0,	'0000-00-00 00:00:00'),
(202,	1,	'Test 4/11 Notification',	'',	'2018-04-11 11:20:42',	'2018-04-11 11:20:42',	0,	'0000-00-00 00:00:00'),
(203,	1,	'NOTIFICATIONS TESTING PROGRESS BAR',	'',	'2018-04-11 11:26:06',	'2018-04-11 11:26:06',	0,	'0000-00-00 00:00:00'),
(204,	1,	'',	'',	'2018-04-11 11:40:50',	'2018-04-11 11:40:50',	0,	'0000-00-00 00:00:00'),
(205,	1,	'',	'',	'2018-04-11 11:41:04',	'2018-04-11 11:41:04',	0,	'0000-00-00 00:00:00'),
(207,	155,	'PB',	'',	'2018-04-11 11:49:54',	'2018-04-11 11:51:13',	0,	'0000-00-00 00:00:00'),
(208,	155,	'Testing everything',	'',	'2018-04-11 12:09:58',	'2018-04-11 12:09:58',	0,	'0000-00-00 00:00:00'),
(209,	155,	'TEST PB FOR NOTIFICATIONS',	'',	'2018-04-12 10:31:05',	'2018-04-12 10:31:05',	0,	'0000-00-00 00:00:00'),
(210,	1,	'New Progress Bar 4/12/18',	'',	'2018-04-12 12:16:58',	'2018-04-12 12:16:58',	0,	'0000-00-00 00:00:00'),
(211,	155,	'Master Teacher 4/16/2018',	'',	'2018-04-16 10:24:10',	'2018-04-16 10:24:10',	0,	'0000-00-00 00:00:00'),
(212,	159,	'',	'',	'2018-04-16 10:33:31',	'2018-04-16 10:33:31',	0,	'0000-00-00 00:00:00'),
(214,	155,	'New PB',	'',	'2018-04-16 10:36:58',	'2018-04-16 10:36:58',	0,	'0000-00-00 00:00:00'),
(215,	155,	'haooo',	'',	'2018-04-16 10:45:15',	'2018-04-16 10:47:49',	0,	'0000-00-00 00:00:00');

DROP TABLE IF EXISTS `esi_progress_bar_steps`;
CREATE TABLE `esi_progress_bar_steps` (
  `id` int(10) unsigned NOT NULL AUTO_INCREMENT,
  `progress_bar_id` int(11) NOT NULL,
  `author_id` int(11) NOT NULL,
  `name` varchar(255) COLLATE utf8_unicode_ci NOT NULL,
  `link` varchar(255) COLLATE utf8_unicode_ci NOT NULL,
  `created_at` timestamp NULL DEFAULT NULL,
  `updated_at` timestamp NULL DEFAULT NULL,
  `order` int(11) NOT NULL,
  `due_date` date DEFAULT NULL,
  `type_id` int(11) NOT NULL,
  `desc` varchar(255) COLLATE utf8_unicode_ci NOT NULL,
  `participant_id` int(11) NOT NULL,
  `is_external` int(11) NOT NULL DEFAULT '0',
  `due_date_notified` int(11) NOT NULL DEFAULT '0',
  PRIMARY KEY (`id`)
) ENGINE=InnoDB DEFAULT CHARSET=utf8 COLLATE=utf8_unicode_ci;

INSERT INTO `esi_progress_bar_steps` (`id`, `progress_bar_id`, `author_id`, `name`, `link`, `created_at`, `updated_at`, `order`, `due_date`, `type_id`, `desc`, `participant_id`, `is_external`, `due_date_notified`) VALUES
(1,	15,	1,	'STEP 1',	'#',	'2017-07-15 03:35:35',	'2017-07-15 03:35:35',	0,	'0000-00-00',	0,	'',	0,	0,	0),
(2,	15,	1,	'STEP 2',	'@',	'2017-07-15 03:39:51',	'2017-07-15 03:39:51',	0,	'0000-00-00',	0,	'',	0,	0,	0),
(3,	16,	1,	'we',	'ewweq',	'2017-07-15 03:40:15',	'2017-07-15 03:40:15',	0,	'0000-00-00',	0,	'',	0,	0,	0),
(4,	16,	1,	'asdfadfasdf',	'asdfasdf',	'2017-07-15 03:40:22',	'2017-07-15 03:40:22',	0,	'0000-00-00',	0,	'',	0,	0,	0),
(5,	18,	1,	'Here\'s Another Step',	'#',	'2017-07-21 02:47:44',	'2017-07-21 02:47:44',	0,	'0000-00-00',	0,	'',	0,	0,	0),
(6,	18,	1,	'Watch Video',	'',	'2017-07-21 02:48:15',	'2017-07-21 02:48:15',	0,	'0000-00-00',	0,	'',	0,	0,	0),
(7,	18,	1,	'Review Lesson Plan',	'http://educare.inreact-um-esi.us-east-2.elasticbeanstalk.com/instructional-design/16',	'2017-07-21 03:00:04',	'2017-07-21 03:00:04',	0,	'0000-00-00',	0,	'',	0,	0,	0),
(8,	18,	1,	'One More for Good Luck',	'#',	'2017-07-21 03:10:26',	'2017-07-21 03:10:26',	0,	'0000-00-00',	0,	'',	0,	0,	0),
(9,	18,	1,	'Watch Video',	'',	'2017-07-21 15:09:29',	'2017-07-21 15:09:29',	0,	'0000-00-00',	0,	'',	0,	0,	0),
(10,	18,	1,	'Answer Prompts',	'',	'2017-07-21 15:13:40',	'2017-07-21 15:13:40',	0,	'0000-00-00',	0,	'',	0,	0,	0),
(11,	18,	1,	'Read Resource',	'',	'2017-07-21 15:14:26',	'2017-07-21 15:14:26',	0,	'0000-00-00',	0,	'',	0,	0,	0),
(12,	20,	1,	'Watch Video',	'',	'2017-07-21 15:55:54',	'2017-07-21 15:55:54',	0,	'0000-00-00',	0,	'',	0,	0,	0),
(13,	20,	1,	'Read resource',	'',	'2017-07-21 15:56:16',	'2017-07-21 15:56:16',	0,	'0000-00-00',	0,	'',	0,	0,	0),
(14,	20,	1,	'Watch Video',	'',	'2017-07-21 15:56:46',	'2017-07-21 15:56:46',	0,	'0000-00-00',	0,	'',	0,	0,	0),
(15,	22,	1,	'step 1',	'some link',	'2017-08-21 16:29:55',	'2017-08-21 16:29:55',	0,	'0000-00-00',	0,	'',	0,	0,	0),
(17,	22,	1,	'Step 2',	'#!!!',	'2017-08-21 16:31:12',	'2017-08-22 15:33:40',	0,	'0000-00-00',	0,	'',	0,	0,	0),
(18,	27,	1,	'Upload Video',	'http://educare.inreact-um-esi.us-east-2.elasticbeanstalk.com/video-center',	'2017-08-21 19:04:57',	'2017-08-21 19:04:57',	0,	'0000-00-00',	0,	'',	0,	0,	0),
(19,	27,	1,	'Write Annotations',	'',	'2017-08-21 19:06:05',	'2017-08-21 19:06:05',	0,	'0000-00-00',	0,	'',	0,	0,	0),
(20,	27,	1,	'Respond to Prompts',	'',	'2017-08-21 19:06:47',	'2017-08-21 19:06:47',	0,	'0000-00-00',	0,	'',	0,	0,	0),
(21,	27,	1,	'Send Message',	'',	'2017-08-21 19:07:15',	'2017-08-21 19:07:15',	0,	'0000-00-00',	0,	'',	0,	0,	0),
(26,	27,	1,	'Watch Video ',	'http://educare.inreact-um-esi.us-east-2.elasticbeanstalk.com/video-center/45',	'2017-08-21 19:54:01',	'2017-08-21 19:54:01',	0,	'0000-00-00',	0,	'',	0,	0,	0),
(27,	35,	1,	'Step 1',	'some link',	'2017-08-22 18:35:19',	'2017-08-22 20:16:45',	0,	'0000-00-00',	0,	'',	0,	0,	0),
(28,	35,	1,	'Step 2',	'#!!!',	'2017-08-22 18:35:19',	'2017-08-22 18:35:19',	0,	'0000-00-00',	0,	'',	0,	0,	0),
(29,	37,	1,	'step 1',	'some link',	'2017-08-22 18:44:32',	'2017-08-22 18:44:32',	0,	'0000-00-00',	0,	'',	0,	0,	0),
(30,	37,	1,	'Step 2',	'#!!!',	'2017-08-22 18:44:32',	'2017-08-22 18:44:32',	0,	'0000-00-00',	0,	'',	0,	0,	0),
(31,	38,	1,	'Upload Video',	'http://educare.inreact-um-esi.us-east-2.elasticbeanstalk.com/video-center',	'2017-08-22 20:14:34',	'2017-08-22 20:14:34',	0,	'0000-00-00',	0,	'',	0,	0,	0),
(32,	38,	1,	'Write Annotations',	'',	'2017-08-22 20:14:34',	'2017-08-22 20:14:34',	0,	'0000-00-00',	0,	'',	0,	0,	0),
(33,	38,	1,	'Respond to Prompts',	'',	'2017-08-22 20:14:34',	'2017-08-22 20:14:34',	0,	'0000-00-00',	0,	'',	0,	0,	0),
(34,	38,	1,	'Send Message',	'',	'2017-08-22 20:14:34',	'2017-08-22 20:14:34',	0,	'0000-00-00',	0,	'',	0,	0,	0),
(35,	38,	1,	'Watch Video ',	'http://educare.inreact-um-esi.us-east-2.elasticbeanstalk.com/video-center/45',	'2017-08-22 20:14:34',	'2017-08-22 20:14:34',	0,	'0000-00-00',	0,	'',	0,	0,	0),
(36,	40,	1,	'Upload Video',	'http://educare.inreact-um-esi.us-east-2.elasticbeanstalk.com/video-center',	'2017-08-23 15:21:11',	'2017-08-23 16:49:11',	0,	'0000-00-00',	0,	'',	0,	0,	0),
(37,	40,	1,	'Write Annotations',	'',	'2017-08-23 15:21:11',	'2017-08-23 15:21:11',	0,	'0000-00-00',	0,	'',	0,	0,	0),
(38,	40,	1,	'Respond to Prompts',	'',	'2017-08-23 15:21:11',	'2017-08-23 15:21:11',	0,	'0000-00-00',	0,	'',	0,	0,	0),
(39,	40,	1,	'Send Message',	'',	'2017-08-23 15:21:11',	'2017-08-23 15:21:11',	0,	'0000-00-00',	0,	'',	0,	0,	0),
(40,	40,	1,	'Watch Video ',	'http://educare.inreact-um-esi.us-east-2.elasticbeanstalk.com/video-center/45',	'2017-08-23 15:21:11',	'2017-08-23 15:21:11',	0,	'0000-00-00',	0,	'',	0,	0,	0),
(41,	45,	1,	'Upload Video',	'http://educare.inreact-um-esi.us-east-2.elasticbeanstalk.com/video-center',	'2017-09-20 18:28:43',	'2017-09-20 18:28:43',	0,	'0000-00-00',	0,	'',	0,	0,	0),
(42,	45,	1,	'Write Annotations',	'',	'2017-09-20 18:28:43',	'2017-09-20 18:28:43',	0,	'0000-00-00',	0,	'',	0,	0,	0),
(43,	45,	1,	'Respond to Prompts',	'',	'2017-09-20 18:28:43',	'2017-09-20 18:28:43',	0,	'0000-00-00',	0,	'',	0,	0,	0),
(44,	45,	1,	'Send Message',	'',	'2017-09-20 18:28:43',	'2017-09-20 18:28:43',	0,	'0000-00-00',	0,	'',	0,	0,	0),
(45,	45,	1,	'Watch Video ',	'http://educare.inreact-um-esi.us-east-2.elasticbeanstalk.com/video-center/45',	'2017-09-20 18:28:43',	'2017-09-20 18:28:43',	0,	'0000-00-00',	0,	'',	0,	0,	0),
(46,	46,	1,	'Instructional Desgin ',	'http://educare.inreact-um-esi.us-east-2.elasticbeanstalk.com/instructional-design/30',	'2017-09-20 18:31:30',	'2017-10-25 14:39:28',	0,	'0000-00-00',	0,	'',	0,	0,	0),
(47,	46,	1,	'Write Annotations',	'',	'2017-09-20 18:31:30',	'2017-09-20 18:31:30',	0,	'0000-00-00',	0,	'',	0,	0,	0),
(48,	46,	1,	'Respond to Prompts',	'',	'2017-09-20 18:31:30',	'2017-09-20 18:31:30',	0,	'0000-00-00',	0,	'',	0,	0,	0),
(49,	46,	1,	'Send Message',	'',	'2017-09-20 18:31:30',	'2017-09-20 18:31:30',	0,	'0000-00-00',	0,	'',	0,	0,	0),
(50,	46,	1,	'Watch Video ',	'http://educare.inreact-um-esi.us-east-2.elasticbeanstalk.com/video-center/98',	'2017-09-20 18:31:30',	'2017-10-25 14:38:04',	0,	'0000-00-00',	0,	'',	0,	0,	0),
(76,	52,	1,	'Step 1',	'google.com',	'2017-10-11 13:11:11',	'2017-10-11 16:43:31',	0,	'0000-00-00',	0,	'',	0,	0,	0),
(77,	52,	1,	'Step 2',	'#',	'2017-10-11 13:11:19',	'2017-10-11 13:11:22',	0,	'0000-00-00',	0,	'',	0,	0,	0),
(78,	52,	1,	'Step 3',	'#',	'2017-10-11 13:11:23',	'2017-10-11 13:11:26',	0,	'0000-00-00',	0,	'',	0,	0,	0),
(79,	55,	1,	'Step',	'#',	'2017-10-16 09:47:49',	'2017-10-16 09:47:49',	0,	'0000-00-00',	0,	'',	0,	0,	0),
(80,	55,	1,	'Step',	'#',	'2017-10-16 09:49:19',	'2017-10-16 09:49:19',	0,	'0000-00-00',	0,	'',	0,	0,	0),
(81,	55,	1,	'Internal Resource!!',	'http://educare.inreact-um-esi.us-east-2.elasticbeanstalk.com/video-center/24',	'2017-10-16 09:50:08',	'2017-10-16 11:13:32',	0,	'0000-00-00',	0,	'',	0,	0,	0),
(82,	57,	1,	'Upload Video ',	'http://educare.inreact-um-esi.us-east-2.elasticbeanstalk.com/video-center/93',	'2017-10-20 07:00:03',	'2017-10-20 07:09:09',	0,	'0000-00-00',	0,	'',	0,	0,	0),
(83,	57,	1,	'Write Annotations',	'#',	'2017-10-20 07:02:16',	'2017-10-20 07:12:14',	0,	'0000-00-00',	0,	'',	0,	0,	0),
(84,	57,	1,	'Respond to Prompts',	'#',	'2017-10-20 07:12:16',	'2017-10-20 07:12:28',	0,	'0000-00-00',	0,	'',	0,	0,	0),
(85,	57,	1,	'Send Message',	'#',	'2017-10-20 07:12:30',	'2017-10-20 07:12:43',	0,	'0000-00-00',	0,	'',	0,	0,	0),
(86,	57,	1,	'Watch Video ',	'#',	'2017-10-20 07:12:44',	'2017-10-20 07:13:04',	0,	'0000-00-00',	0,	'',	0,	0,	0),
(87,	57,	1,	'Step',	'#',	'2017-10-20 07:12:47',	'2017-10-20 07:12:47',	0,	'0000-00-00',	0,	'',	0,	0,	0),
(88,	54,	1,	'Upload Video ',	'http://educare.inreact-um-esi.us-east-2.elasticbeanstalk.com/video-center/98',	'2017-10-20 07:35:55',	'2017-10-25 14:21:14',	0,	'0000-00-00',	0,	'',	0,	0,	0),
(89,	57,	1,	'Step',	'#',	'2017-10-20 07:49:47',	'2017-10-20 07:49:47',	0,	'0000-00-00',	0,	'',	0,	0,	0),
(90,	57,	1,	'Step',	'#',	'2017-10-20 07:49:51',	'2017-10-20 07:49:51',	0,	'0000-00-00',	0,	'',	0,	0,	0),
(91,	59,	1,	'Step',	'#',	'2017-10-20 07:50:21',	'2017-10-20 07:50:21',	0,	'0000-00-00',	0,	'',	0,	0,	0),
(92,	58,	1,	'Step',	'#',	'2017-10-20 10:52:43',	'2017-10-20 10:52:43',	0,	'0000-00-00',	0,	'',	0,	0,	0),
(93,	58,	1,	'Step',	'#',	'2017-10-20 10:52:45',	'2017-10-20 10:52:45',	0,	'0000-00-00',	0,	'',	0,	0,	0),
(94,	58,	1,	'Step',	'#',	'2017-10-20 10:53:12',	'2017-10-20 10:53:12',	0,	'0000-00-00',	0,	'',	0,	0,	0),
(95,	60,	1,	'Upload a video ',	'http://educare.inreact-um-esi.us-east-2.elasticbeanstalk.com/video-center/90',	'2017-10-20 11:20:01',	'2017-10-20 11:22:46',	0,	'0000-00-00',	0,	'',	0,	0,	0),
(96,	60,	1,	'Step',	'#',	'2017-10-20 11:20:02',	'2017-10-20 11:20:02',	0,	'0000-00-00',	0,	'',	0,	0,	0),
(97,	60,	1,	'Step',	'#',	'2017-10-20 11:20:03',	'2017-10-20 11:20:03',	0,	'0000-00-00',	0,	'',	0,	0,	0),
(98,	60,	1,	'Step',	'#',	'2017-10-20 11:20:04',	'2017-10-20 11:20:04',	0,	'0000-00-00',	0,	'',	0,	0,	0),
(99,	60,	1,	'Step',	'#',	'2017-10-20 11:20:06',	'2017-10-20 11:20:06',	0,	'0000-00-00',	0,	'',	0,	0,	0),
(100,	60,	1,	'Step',	'#',	'2017-10-20 11:20:07',	'2017-10-20 11:20:07',	0,	'0000-00-00',	0,	'',	0,	0,	0),
(101,	60,	1,	'Step',	'#',	'2017-10-20 11:20:08',	'2017-10-20 11:20:08',	0,	'0000-00-00',	0,	'',	0,	0,	0),
(102,	60,	1,	'Step',	'#',	'2017-10-20 11:20:09',	'2017-10-20 11:20:09',	0,	'0000-00-00',	0,	'',	0,	0,	0),
(103,	61,	1,	'Upload Video ',	'http://educare.inreact-um-esi.us-east-2.elasticbeanstalk.com/video-center/98',	'2017-10-24 13:23:41',	'2017-10-24 13:26:29',	0,	'0000-00-00',	0,	'',	0,	0,	0),
(106,	61,	1,	'Step',	'#',	'2017-10-24 14:00:00',	'2017-10-24 14:00:00',	0,	'0000-00-00',	0,	'',	0,	0,	0),
(107,	62,	1,	'Step',	'#',	'2017-10-24 14:01:28',	'2017-10-24 14:01:28',	0,	'0000-00-00',	0,	'',	0,	0,	0),
(108,	61,	1,	'Step',	'#',	'2017-10-24 14:02:30',	'2017-10-24 14:02:30',	0,	'0000-00-00',	0,	'',	0,	0,	0),
(109,	61,	1,	'Step',	'#',	'2017-10-24 14:02:32',	'2017-10-24 14:02:32',	0,	'0000-00-00',	0,	'',	0,	0,	0),
(111,	61,	1,	'Step',	'#',	'2017-10-24 14:02:37',	'2017-10-24 14:02:37',	0,	'0000-00-00',	0,	'',	0,	0,	0),
(112,	63,	1,	'Upload Video',	'http://educare.inreact-um-esi.us-east-2.elasticbeanstalk.com/video-center',	'2017-10-25 13:57:17',	'2017-10-25 13:57:17',	0,	'0000-00-00',	0,	'',	0,	0,	0),
(113,	63,	1,	'Write Annotations',	'',	'2017-10-25 13:57:17',	'2017-10-25 13:57:17',	0,	'0000-00-00',	0,	'',	0,	0,	0),
(114,	63,	1,	'Respond to Prompts',	'',	'2017-10-25 13:57:17',	'2017-10-25 13:57:17',	0,	'0000-00-00',	0,	'',	0,	0,	0),
(115,	63,	1,	'Send Message',	'',	'2017-10-25 13:57:17',	'2017-10-25 13:57:17',	0,	'0000-00-00',	0,	'',	0,	0,	0),
(116,	63,	1,	'Watch Video ',	'http://educare.inreact-um-esi.us-east-2.elasticbeanstalk.com/video-center/45',	'2017-10-25 13:57:17',	'2017-10-25 13:57:17',	0,	'0000-00-00',	0,	'',	0,	0,	0),
(117,	64,	1,	'Upload Video',	'http://educare.inreact-um-esi.us-east-2.elasticbeanstalk.com/video-center',	'2017-10-25 14:02:58',	'2017-10-25 14:02:58',	0,	'0000-00-00',	0,	'',	0,	0,	0),
(118,	64,	1,	'Write Annotations',	'',	'2017-10-25 14:02:58',	'2017-10-25 14:02:58',	0,	'0000-00-00',	0,	'',	0,	0,	0),
(119,	64,	1,	'Respond to Prompts',	'',	'2017-10-25 14:02:58',	'2017-10-25 14:02:58',	0,	'0000-00-00',	0,	'',	0,	0,	0),
(120,	64,	1,	'Send Message',	'',	'2017-10-25 14:02:58',	'2017-10-25 14:02:58',	0,	'0000-00-00',	0,	'',	0,	0,	0),
(121,	64,	1,	'Watch Video ',	'http://educare.inreact-um-esi.us-east-2.elasticbeanstalk.com/video-center/45',	'2017-10-25 14:02:58',	'2017-10-25 14:02:58',	0,	'0000-00-00',	0,	'',	0,	0,	0),
(123,	51,	1,	'Upload Video ',	'#',	'2017-10-25 14:34:09',	'2017-10-25 14:34:25',	0,	'0000-00-00',	0,	'',	0,	0,	0),
(124,	67,	1,	'Name',	'',	'2017-10-25 14:42:37',	'2017-10-25 14:54:20',	0,	'0000-00-00',	0,	'',	0,	0,	0),
(129,	51,	1,	'Step',	'#',	'2017-11-06 12:21:49',	'2017-11-06 12:21:49',	0,	'0000-00-00',	0,	'',	0,	0,	0),
(130,	51,	1,	'Step',	'#',	'2017-11-06 12:42:53',	'2017-11-06 12:42:53',	0,	'0000-00-00',	0,	'',	0,	0,	0),
(131,	70,	1,	'Upload Video',	'http://educare.inreact-um-esi.us-east-2.elasticbeanstalk.com/video-center',	'2017-11-06 13:14:20',	'2017-11-06 13:14:20',	0,	'0000-00-00',	0,	'',	0,	0,	0),
(132,	70,	1,	'Write Annotations',	'',	'2017-11-06 13:14:20',	'2017-11-06 13:14:20',	0,	'0000-00-00',	0,	'',	0,	0,	0),
(133,	70,	1,	'Respond to Prompts',	'',	'2017-11-06 13:14:20',	'2017-11-06 13:14:20',	0,	'0000-00-00',	0,	'',	0,	0,	0),
(134,	70,	1,	'Send Message',	'',	'2017-11-06 13:14:20',	'2017-11-06 13:14:20',	0,	'0000-00-00',	0,	'',	0,	0,	0),
(135,	70,	1,	'Watch Video ',	'http://educare.inreact-um-esi.us-east-2.elasticbeanstalk.com/video-center/45',	'2017-11-06 13:14:20',	'2017-11-06 13:14:20',	0,	'0000-00-00',	0,	'',	0,	0,	0),
(136,	71,	1,	'Upload Video',	'http://educare.inreact-um-esi.us-east-2.elasticbeanstalk.com/video-center',	'2017-11-06 13:14:26',	'2017-11-06 13:14:26',	0,	'0000-00-00',	0,	'',	0,	0,	0),
(137,	71,	1,	'Write Annotations',	'',	'2017-11-06 13:14:26',	'2017-11-06 13:14:26',	0,	'0000-00-00',	0,	'',	0,	0,	0),
(138,	71,	1,	'Respond to Prompts',	'',	'2017-11-06 13:14:26',	'2017-11-06 13:14:26',	0,	'0000-00-00',	0,	'',	0,	0,	0),
(139,	71,	1,	'Send Message',	'',	'2017-11-06 13:14:26',	'2017-11-06 13:14:26',	0,	'0000-00-00',	0,	'',	0,	0,	0),
(140,	71,	1,	'Watch Video ',	'http://educare.inreact-um-esi.us-east-2.elasticbeanstalk.com/video-center/45',	'2017-11-06 13:14:26',	'2017-11-06 13:14:26',	0,	'0000-00-00',	0,	'',	0,	0,	0),
(141,	72,	1,	'STEP',	'#',	'2017-11-06 13:14:28',	'2017-11-06 13:14:28',	0,	'0000-00-00',	0,	'',	0,	0,	0),
(142,	72,	1,	'STEP DOS',	'The Link!',	'2017-11-06 13:14:28',	'2017-11-06 13:14:28',	0,	'0000-00-00',	0,	'',	0,	0,	0),
(143,	72,	1,	'WOW!',	'WOW!@',	'2017-11-06 13:14:28',	'2017-11-06 13:14:28',	0,	'0000-00-00',	0,	'',	0,	0,	0),
(144,	72,	1,	'Upload Video ',	'#',	'2017-11-06 13:14:28',	'2017-11-06 13:14:28',	0,	'0000-00-00',	0,	'',	0,	0,	0),
(145,	72,	1,	'Step',	'#',	'2017-11-06 13:14:28',	'2017-11-06 13:14:28',	0,	'0000-00-00',	0,	'',	0,	0,	0),
(146,	72,	1,	'Step',	'#',	'2017-11-06 13:14:28',	'2017-11-06 13:14:28',	0,	'0000-00-00',	0,	'',	0,	0,	0),
(147,	51,	1,	'Step',	'#',	'2017-11-06 13:15:59',	'2017-11-06 13:15:59',	0,	'0000-00-00',	0,	'',	0,	0,	0),
(148,	56,	1,	'Step',	'#',	'2017-11-06 13:27:28',	'2017-11-06 13:27:28',	0,	'0000-00-00',	0,	'',	0,	0,	0),
(150,	76,	1,	'upload video!',	'#',	'2017-11-06 13:33:10',	'2017-11-06 14:47:18',	0,	'0000-00-00',	0,	'',	0,	0,	0),
(151,	51,	1,	'Step',	'#',	'2017-11-06 14:25:53',	'2017-11-06 14:25:53',	0,	'0000-00-00',	0,	'',	0,	0,	0),
(153,	73,	1,	'Step',	'#',	'2017-11-06 14:38:19',	'2017-11-06 14:38:19',	0,	'0000-00-00',	0,	'',	0,	0,	0),
(154,	73,	1,	'Step',	'#',	'2017-11-06 14:38:24',	'2017-11-06 14:38:24',	0,	'0000-00-00',	0,	'',	0,	0,	0),
(155,	77,	154,	'Upload Video ',	'#',	'2017-11-10 09:09:17',	'2017-11-10 09:10:44',	0,	'0000-00-00',	0,	'',	0,	0,	0),
(156,	78,	154,	'Step',	'#',	'2017-11-10 13:08:48',	'2017-11-10 13:08:48',	0,	'0000-00-00',	0,	'',	0,	0,	0),
(157,	80,	154,	'Upload Video',	'http://educare.inreact-um-esi.us-east-2.elasticbeanstalk.com/video-center',	'2017-11-10 13:16:03',	'2017-11-10 13:16:03',	0,	'0000-00-00',	0,	'',	0,	0,	0),
(158,	80,	154,	'Write Annotations',	'',	'2017-11-10 13:16:03',	'2017-11-10 13:16:03',	0,	'0000-00-00',	0,	'',	0,	0,	0),
(159,	80,	154,	'Respond to Prompts',	'',	'2017-11-10 13:16:03',	'2017-11-10 13:16:03',	0,	'0000-00-00',	0,	'',	0,	0,	0),
(160,	80,	154,	'Send Message',	'',	'2017-11-10 13:16:03',	'2017-11-10 13:16:03',	0,	'0000-00-00',	0,	'',	0,	0,	0),
(161,	80,	154,	'Watch Video ',	'http://educare.inreact-um-esi.us-east-2.elasticbeanstalk.com/video-center/45',	'2017-11-10 13:16:03',	'2017-11-10 13:16:03',	0,	'0000-00-00',	0,	'',	0,	0,	0),
(162,	81,	154,	'Upload Video ',	'#',	'2017-11-10 13:16:45',	'2017-11-10 13:16:45',	0,	'0000-00-00',	0,	'',	0,	0,	0),
(163,	81,	154,	'Step',	'#',	'2017-11-10 13:16:45',	'2017-11-10 13:16:45',	0,	'0000-00-00',	0,	'',	0,	0,	0),
(164,	81,	154,	'Step',	'#',	'2017-11-10 13:16:45',	'2017-11-10 13:16:45',	0,	'0000-00-00',	0,	'',	0,	0,	0),
(165,	81,	154,	'Step',	'#',	'2017-11-10 13:16:45',	'2017-11-10 13:16:45',	0,	'0000-00-00',	0,	'',	0,	0,	0),
(166,	81,	154,	'Step',	'#',	'2017-11-10 13:16:45',	'2017-11-10 13:16:45',	0,	'0000-00-00',	0,	'',	0,	0,	0),
(167,	85,	154,	'Upload Video ',	'#',	'2017-11-10 13:43:53',	'2017-11-10 13:44:08',	0,	'0000-00-00',	0,	'',	0,	0,	0),
(168,	86,	154,	'Upload Video',	'#',	'2017-11-10 13:43:57',	'2017-11-10 13:44:11',	0,	'0000-00-00',	0,	'',	0,	0,	0),
(169,	77,	154,	'Up 3',	'#',	'2017-11-10 13:44:03',	'2017-11-10 13:44:16',	0,	'0000-00-00',	0,	'',	0,	0,	0),
(170,	86,	154,	'Step',	'#',	'2017-11-10 13:44:23',	'2017-11-10 13:44:23',	0,	'0000-00-00',	0,	'',	0,	0,	0),
(171,	87,	1,	'watch video',	'#',	'2017-11-13 14:24:36',	'2017-11-13 14:26:42',	0,	'0000-00-00',	0,	'',	0,	0,	0),
(172,	87,	1,	'Step',	'#',	'2017-11-13 14:27:25',	'2017-11-13 14:27:25',	0,	'0000-00-00',	0,	'',	0,	0,	0),
(173,	89,	1,	'Task 2',	'#',	'2017-11-14 10:19:48',	'2017-11-14 10:20:14',	0,	'0000-00-00',	0,	'',	0,	0,	0),
(174,	89,	1,	'Task 1',	'#',	'2017-11-14 10:19:58',	'2017-11-14 10:20:10',	0,	'0000-00-00',	0,	'',	0,	0,	0),
(175,	89,	1,	'Task 3',	'#',	'2017-11-14 10:20:18',	'2017-11-14 10:20:24',	0,	'0000-00-00',	0,	'',	0,	0,	0),
(176,	89,	1,	'Task 4',	'#',	'2017-11-14 10:20:26',	'2017-11-14 10:20:35',	0,	'0000-00-00',	0,	'',	0,	0,	0),
(178,	91,	1,	'Step',	'#',	'2017-12-05 10:36:22',	'2017-12-14 10:24:03',	0,	'2018-05-05',	0,	'',	0,	0,	0),
(179,	91,	1,	'Step #2',	'#',	'2017-12-05 10:40:14',	'2017-12-05 14:46:10',	0,	'2018-01-01',	0,	'',	0,	0,	0),
(180,	92,	1,	'Test',	'#',	'2017-12-06 11:50:37',	'2017-12-06 14:52:50',	0,	'2017-12-06',	0,	'',	0,	0,	0),
(181,	91,	1,	'Step Three',	'#',	'2017-12-06 11:57:58',	'2017-12-06 11:58:04',	0,	'2017-12-06',	0,	'',	0,	0,	0),
(182,	91,	1,	'Step',	'#',	'2017-12-06 14:46:13',	'2017-12-06 14:46:13',	0,	'2017-12-06',	0,	'',	0,	0,	0),
(183,	92,	1,	'Step up vid',	'#',	'2017-12-06 14:53:52',	'2017-12-06 15:22:30',	0,	'2017-12-06',	0,	'',	0,	0,	0),
(184,	93,	1,	'Test Task',	'http://educare.inreact-um-esi.us-east-2.elasticbeanstalk.com/video-center',	'2017-12-06 14:56:15',	'2017-12-14 10:02:03',	0,	'2017-12-15',	4,	'',	0,	0,	0),
(185,	93,	1,	'Write Annotations',	'',	'2017-12-06 14:56:15',	'2017-12-06 14:56:15',	0,	'0000-00-00',	0,	'',	0,	0,	0),
(186,	93,	1,	'Respond to Prompts',	'',	'2017-12-06 14:56:15',	'2017-12-06 14:56:15',	0,	'0000-00-00',	0,	'',	0,	0,	0),
(187,	93,	1,	'Send Message',	'',	'2017-12-06 14:56:16',	'2017-12-06 14:56:16',	0,	'0000-00-00',	0,	'',	0,	0,	0),
(188,	93,	1,	'Upload Video',	'http://educare.inreact-um-esi.us-east-2.elasticbeanstalk.com/video-center/45',	'2017-12-06 14:56:16',	'2017-12-14 09:52:09',	0,	'2017-12-14',	1,	'',	0,	0,	0),
(189,	94,	1,	'Watch Video ',	'https://www.youtube.com/watch?v=E5ln4uR4TwQ',	'2017-12-07 15:19:38',	'2017-12-07 15:21:05',	0,	'2017-12-07',	8,	'',	0,	0,	0),
(190,	94,	1,	'Step',	'#',	'2017-12-07 15:22:40',	'2017-12-07 15:22:40',	0,	'2017-12-07',	0,	'',	0,	0,	0),
(191,	94,	1,	'Step',	'#',	'2017-12-11 08:38:13',	'2017-12-11 08:38:13',	0,	'2017-12-11',	0,	'',	0,	0,	0),
(192,	94,	1,	'Step',	'#',	'2017-12-11 11:08:54',	'2017-12-11 11:08:54',	0,	'2017-12-11',	0,	'',	0,	0,	0),
(193,	93,	1,	'Watch Video',	'#',	'2017-12-14 09:52:42',	'2017-12-14 09:54:26',	0,	'2017-12-14',	8,	'',	0,	0,	0),
(194,	93,	1,	'Step',	'#',	'2017-12-14 10:02:45',	'2017-12-14 10:02:45',	0,	'2017-12-14',	0,	'',	0,	0,	0),
(195,	93,	1,	'Step',	'#',	'2017-12-14 10:02:48',	'2017-12-14 10:02:48',	0,	'2017-12-14',	0,	'',	0,	0,	0),
(196,	93,	1,	'Step',	'#',	'2017-12-14 10:02:49',	'2017-12-14 10:02:49',	0,	'2017-12-14',	0,	'',	0,	0,	0),
(197,	93,	1,	'Step',	'#',	'2017-12-14 10:02:50',	'2017-12-14 10:02:50',	0,	'2017-12-14',	0,	'',	0,	0,	0),
(198,	93,	1,	'Step',	'#',	'2017-12-14 10:02:51',	'2017-12-14 10:02:51',	0,	'2017-12-14',	0,	'',	0,	0,	0),
(199,	93,	1,	'Step',	'#',	'2017-12-14 10:06:07',	'2017-12-14 10:06:07',	0,	'2017-12-14',	0,	'',	0,	0,	0),
(200,	93,	1,	'Step',	'#',	'2017-12-14 10:06:07',	'2017-12-14 10:06:07',	0,	'2017-12-14',	0,	'',	0,	0,	0),
(201,	93,	1,	'Step',	'#',	'2017-12-14 10:06:08',	'2017-12-14 10:06:08',	0,	'2017-12-14',	0,	'',	0,	0,	0),
(202,	93,	1,	'Step',	'#',	'2017-12-14 10:06:08',	'2017-12-14 10:06:08',	0,	'2017-12-14',	0,	'',	0,	0,	0),
(203,	93,	1,	'Step',	'#',	'2017-12-14 10:06:09',	'2017-12-14 10:06:09',	0,	'2017-12-14',	0,	'',	0,	0,	0),
(204,	93,	1,	'Step',	'#',	'2017-12-14 10:06:10',	'2017-12-14 10:06:10',	0,	'2017-12-14',	0,	'',	0,	0,	0),
(205,	93,	1,	'Step',	'#',	'2017-12-14 10:06:10',	'2017-12-14 10:06:10',	0,	'2017-12-14',	0,	'',	0,	0,	0),
(206,	93,	1,	'Step',	'#',	'2017-12-14 10:06:11',	'2017-12-14 10:06:11',	0,	'2017-12-14',	0,	'',	0,	0,	0),
(207,	93,	1,	'Step',	'#',	'2017-12-14 10:06:12',	'2017-12-14 10:06:12',	0,	'2017-12-14',	0,	'',	0,	0,	0),
(208,	93,	1,	'Step',	'#',	'2017-12-14 10:06:12',	'2017-12-14 10:06:12',	0,	'2017-12-14',	0,	'',	0,	0,	0),
(209,	93,	1,	'Step',	'#',	'2017-12-14 10:06:12',	'2017-12-14 10:06:12',	0,	'2017-12-14',	0,	'',	0,	0,	0),
(210,	93,	1,	'Step',	'#',	'2017-12-14 10:06:12',	'2017-12-14 10:06:12',	0,	'2017-12-14',	0,	'',	0,	0,	0),
(211,	93,	1,	'Step',	'#',	'2017-12-14 10:06:13',	'2017-12-14 10:06:13',	0,	'2017-12-14',	0,	'',	0,	0,	0),
(212,	93,	1,	'Step',	'#',	'2017-12-14 10:06:13',	'2017-12-14 10:06:13',	0,	'2017-12-14',	0,	'',	0,	0,	0),
(213,	93,	1,	'Step',	'#',	'2017-12-14 10:06:13',	'2017-12-14 10:06:13',	0,	'2017-12-14',	0,	'',	0,	0,	0),
(214,	93,	1,	'Step',	'#',	'2017-12-14 10:06:13',	'2017-12-14 10:06:13',	0,	'2017-12-14',	0,	'',	0,	0,	0),
(215,	93,	1,	'Step',	'#',	'2017-12-14 10:06:14',	'2017-12-14 10:06:14',	0,	'2017-12-14',	0,	'',	0,	0,	0),
(216,	93,	1,	'Step',	'#',	'2017-12-14 10:06:14',	'2017-12-14 10:06:14',	0,	'2017-12-14',	0,	'',	0,	0,	0),
(217,	91,	1,	'Step',	'#',	'2017-12-14 10:25:11',	'2017-12-14 10:25:11',	0,	'2017-12-14',	0,	'',	0,	0,	0),
(218,	96,	1,	'Step!!!',	'#',	'2017-12-14 10:47:20',	'2017-12-14 10:47:32',	0,	'2017-12-14',	2,	'',	0,	0,	0),
(220,	97,	1,	'Test 1',	'#',	'2017-12-18 15:26:33',	'2017-12-18 15:26:50',	0,	'2017-12-18',	0,	'',	0,	0,	0),
(221,	98,	1,	'Watch Video',	'http://educare.inreact-um-esi.us-east-2.elasticbeanstalk.com/video-center/231',	'2017-12-18 15:41:34',	'2017-12-18 15:43:03',	0,	'2017-12-18',	8,	'',	0,	0,	0),
(222,	98,	1,	'task 3',	'#',	'2017-12-19 18:45:31',	'2017-12-19 18:46:08',	0,	'2017-12-20',	1,	'',	0,	0,	0),
(223,	98,	1,	'Step',	'#',	'2017-12-19 18:45:34',	'2017-12-19 18:45:34',	0,	'1970-08-22',	0,	'',	0,	0,	0),
(224,	99,	1,	'Upload Video ',	'http://educare.inreact-um-esi.us-east-2.elasticbeanstalk.com/video-center',	'2017-12-20 09:49:59',	'2017-12-20 10:02:08',	0,	'2017-12-20',	1,	'',	0,	0,	0),
(225,	99,	1,	'Watch Video ',	'http://educare.inreact-um-esi.us-east-2.elasticbeanstalk.com/video-center/234',	'2017-12-20 10:16:17',	'2017-12-20 10:19:44',	0,	'2017-12-20',	8,	'',	0,	0,	0),
(231,	100,	1,	'Step 1: Watch Video',	'http://educare.inreact-um-esi.us-east-2.elasticbeanstalk.com/video-center',	'2017-12-20 15:59:56',	'2017-12-21 10:28:10',	0,	'2017-12-21',	8,	'',	0,	0,	0),
(232,	100,	1,	'Step 2: Upload Video',	'http://educare.inreact-um-esi.us-east-2.elasticbeanstalk.com/video-center',	'2017-12-20 16:00:02',	'2017-12-21 10:28:44',	0,	'2017-12-22',	1,	'',	0,	0,	0),
(233,	101,	1,	'Upload Video 1',	'http://educare.inreact-um-esi.us-east-2.elasticbeanstalk.com/video-center',	'2017-12-21 07:42:15',	'2017-12-21 08:18:01',	0,	'0000-00-00',	1,	'',	0,	0,	0),
(239,	102,	1,	'Stepghgvh',	'#',	'2017-12-21 10:58:50',	'2017-12-21 10:58:54',	0,	'0000-00-00',	0,	'',	0,	0,	0),
(240,	102,	1,	'fghgfhhh',	'1',	'2017-12-21 10:58:56',	'2017-12-21 10:59:33',	0,	'0000-00-00',	0,	'',	0,	0,	0),
(243,	102,	1,	'Step',	'#',	'2017-12-21 11:00:17',	'2017-12-21 11:00:17',	0,	'1970-08-22',	0,	'',	0,	0,	0),
(244,	103,	1,	'Step X',	'',	'2017-12-21 11:00:57',	'2017-12-21 15:39:19',	3,	'2017-12-30',	0,	'DESC',	151,	0,	0),
(245,	103,	1,	'Step Y',	'',	'2017-12-21 11:02:14',	'2018-01-02 10:19:32',	2,	'2030-01-11',	0,	'',	150,	0,	0),
(247,	103,	1,	'Another step!',	'#',	'2017-12-21 12:55:13',	'2018-01-02 10:19:34',	1,	'2018-03-07',	1,	'',	1,	0,	0),
(248,	106,	1,	'Stepewd',	'#',	'2018-01-02 11:34:12',	'2018-01-02 11:37:59',	2,	'1970-08-22',	3,	'qdw',	149,	0,	0),
(249,	106,	1,	'Stepweqweqweqwe',	'#',	'2018-01-02 11:34:25',	'2018-01-02 11:37:28',	1,	'1970-08-22',	5,	'wwwwwwwww',	145,	0,	0),
(250,	105,	1,	'Step',	'#',	'2018-01-02 12:05:06',	'2018-01-02 12:05:06',	0,	'1970-08-22',	0,	'',	0,	0,	0),
(251,	107,	1,	'Task 1',	'http://educare.inreact-um-esi.us-east-2.elasticbeanstalk.com/video-center/243',	'2018-01-02 13:42:33',	'2018-01-02 13:59:03',	2,	'2018-01-03',	8,	'Watch this video about bubbles. If you can, please annotate as you watch the video.',	1,	0,	0),
(252,	107,	1,	'Task 0',	'http://educare.inreact-um-esi.us-east-2.elasticbeanstalk.com/messages/114',	'2018-01-02 13:57:05',	'2018-01-02 14:11:27',	3,	'2018-01-03',	10,	'This task is to be completed by the deadline date shown below.',	1,	0,	0),
(253,	107,	1,	'Task 2',	'http://educare.inreact-um-esi.us-east-2.elasticbeanstalk.com/messages',	'2018-01-02 13:59:06',	'2018-01-02 14:11:32',	1,	'2018-01-03',	7,	'Hi',	1,	0,	0),
(254,	107,	1,	'Task 3',	'#',	'2018-01-02 13:59:55',	'2018-01-02 14:11:43',	4,	'2018-01-03',	8,	'Complete task.',	1,	0,	0),
(255,	107,	1,	'Task 4 edit',	'',	'2018-01-02 14:00:30',	'2018-01-02 14:21:21',	5,	'2018-01-04',	3,	'Complete task by deadline. Edit',	1,	0,	0),
(258,	107,	1,	'Task 6 name edit',	'#',	'2018-01-02 14:37:53',	'2018-01-02 14:43:58',	6,	'2018-01-04',	0,	'',	1,	0,	0),
(259,	107,	1,	'Step',	'#',	'2018-01-02 14:38:19',	'2018-01-02 14:38:19',	0,	'1970-08-22',	0,	'',	0,	0,	0),
(260,	107,	1,	'Step',	'#',	'2018-01-02 14:38:41',	'2018-01-02 14:38:41',	0,	'1970-08-22',	0,	'',	0,	0,	0),
(261,	107,	1,	'Step',	'#',	'2018-01-02 14:38:42',	'2018-01-02 14:38:42',	0,	'1970-08-22',	0,	'',	0,	0,	0),
(262,	107,	1,	'Step',	'#',	'2018-01-02 14:38:44',	'2018-01-02 14:38:44',	0,	'1970-08-22',	0,	'',	0,	0,	0),
(263,	107,	1,	'Step',	'#',	'2018-01-02 14:38:45',	'2018-01-02 14:38:45',	0,	'1970-08-22',	0,	'',	0,	0,	0),
(264,	107,	1,	'Step',	'#',	'2018-01-02 14:38:46',	'2018-01-02 14:38:46',	0,	'1970-08-22',	0,	'',	0,	0,	0),
(265,	107,	1,	'Step',	'#',	'2018-01-02 14:38:48',	'2018-01-02 14:38:48',	0,	'1970-08-22',	0,	'',	0,	0,	0),
(266,	107,	1,	'Step',	'#',	'2018-01-02 14:38:50',	'2018-01-02 14:38:50',	0,	'1970-08-22',	0,	'',	0,	0,	0),
(267,	107,	1,	'Step',	'#',	'2018-01-02 14:38:53',	'2018-01-02 14:38:53',	0,	'1970-08-22',	0,	'',	0,	0,	0),
(268,	107,	1,	'Step',	'#',	'2018-01-02 14:39:08',	'2018-01-02 14:39:08',	0,	'1970-08-22',	0,	'',	0,	0,	0),
(269,	107,	1,	'Step',	'#',	'2018-01-02 14:39:09',	'2018-01-02 14:39:09',	0,	'1970-08-22',	0,	'',	0,	0,	0),
(270,	107,	1,	'Step',	'#',	'2018-01-02 14:39:11',	'2018-01-02 14:39:11',	0,	'1970-08-22',	0,	'',	0,	0,	0),
(271,	107,	1,	'Step',	'#',	'2018-01-02 14:39:13',	'2018-01-02 14:39:13',	0,	'1970-08-22',	0,	'',	0,	0,	0),
(272,	107,	1,	'Step',	'#',	'2018-01-02 14:39:15',	'2018-01-02 14:39:15',	0,	'1970-08-22',	0,	'',	0,	0,	0),
(273,	107,	1,	'Task with link',	'http://educare.inreact-um-esi.us-east-2.elasticbeanstalk.com/video-center/243',	'2018-01-02 14:47:15',	'2018-01-02 14:48:14',	0,	'2018-01-04',	8,	'Watch video.',	1,	0,	0),
(274,	108,	1,	'Task 1',	'#',	'2018-01-02 14:53:47',	'2018-01-02 14:56:29',	2,	'2018-01-03',	1,	'Description',	154,	0,	0),
(275,	108,	1,	'Task 2',	'',	'2018-01-02 14:54:24',	'2018-01-02 14:56:31',	1,	'2018-01-02',	9,	'Description',	154,	0,	0),
(276,	108,	1,	'Step',	'#',	'2018-01-02 15:01:42',	'2018-01-02 15:01:42',	0,	'1970-08-22',	0,	'',	0,	0,	0),
(277,	108,	1,	'Step',	'#',	'2018-01-04 10:51:46',	'2018-01-04 10:51:55',	3,	'1970-08-22',	0,	'',	0,	0,	0),
(278,	108,	1,	'Step',	'#',	'2018-01-04 10:52:03',	'2018-01-04 10:52:03',	0,	'1970-08-22',	0,	'',	0,	0,	0),
(279,	108,	1,	'Step',	'#',	'2018-01-04 10:52:06',	'2018-01-04 10:52:06',	0,	'1970-08-22',	0,	'',	0,	0,	0),
(280,	109,	1,	'Task 1',	'#',	'2018-01-04 11:02:32',	'2018-01-04 11:03:23',	1,	'2018-01-04',	0,	'',	1,	0,	0),
(281,	109,	1,	'Task 2',	'',	'2018-01-04 11:23:54',	'2018-01-04 11:24:40',	0,	'2018-01-05',	1,	'Complete task.',	1,	0,	0),
(282,	109,	1,	'Step',	'#',	'2018-01-04 11:25:36',	'2018-01-04 11:25:36',	0,	'1970-08-22',	0,	'',	0,	0,	0),
(283,	109,	1,	'Step',	'#',	'2018-01-04 11:25:58',	'2018-01-04 11:25:58',	0,	'1970-08-22',	0,	'',	0,	0,	0),
(284,	109,	1,	'Step',	'#',	'2018-01-04 11:26:04',	'2018-01-04 11:26:04',	0,	'1970-08-22',	0,	'',	0,	0,	0),
(285,	109,	1,	'Step',	'#',	'2018-01-04 11:26:08',	'2018-01-04 11:26:08',	0,	'1970-08-22',	0,	'',	0,	0,	0),
(286,	109,	1,	'Step',	'#',	'2018-01-04 11:26:09',	'2018-01-04 11:26:09',	0,	'1970-08-22',	0,	'',	0,	0,	0),
(287,	109,	1,	'Step',	'#',	'2018-01-04 11:26:09',	'2018-01-04 11:26:09',	0,	'1970-08-22',	0,	'',	0,	0,	0),
(288,	109,	1,	'Step',	'#',	'2018-01-04 11:26:17',	'2018-01-04 11:26:17',	0,	'1970-08-22',	0,	'',	0,	0,	0),
(289,	109,	1,	'Step',	'#',	'2018-01-04 11:26:18',	'2018-01-04 11:26:18',	0,	'1970-08-22',	0,	'',	0,	0,	0),
(290,	109,	1,	'Step',	'#',	'2018-01-04 11:26:18',	'2018-01-04 11:26:18',	0,	'1970-08-22',	0,	'',	0,	0,	0),
(291,	109,	1,	'Step',	'#',	'2018-01-04 11:26:18',	'2018-01-04 11:26:18',	0,	'1970-08-22',	0,	'',	0,	0,	0),
(292,	109,	1,	'Step',	'#',	'2018-01-04 11:26:20',	'2018-01-04 11:26:20',	0,	'1970-08-22',	0,	'',	0,	0,	0),
(293,	109,	1,	'Step',	'#',	'2018-01-04 11:26:20',	'2018-01-04 11:26:20',	0,	'1970-08-22',	0,	'',	0,	0,	0),
(294,	109,	1,	'Step',	'#',	'2018-01-04 11:26:21',	'2018-01-04 11:26:21',	0,	'1970-08-22',	0,	'',	0,	0,	0),
(295,	109,	1,	'Step',	'#',	'2018-01-04 11:26:21',	'2018-01-04 11:26:21',	0,	'1970-08-22',	0,	'',	0,	0,	0),
(296,	110,	1,	'Complete Task',	'',	'2018-01-04 11:27:18',	'2018-01-04 11:29:16',	0,	'2018-01-04',	1,	'Complete task by the due date.',	1,	0,	0),
(297,	110,	1,	'TEST',	'#',	'2018-01-04 11:29:47',	'2018-01-04 11:48:44',	0,	'1970-08-22',	0,	'',	1,	0,	0),
(298,	110,	1,	'Task 5',	'',	'2018-01-04 11:29:48',	'2018-01-04 12:32:08',	0,	'2018-01-05',	1,	'Complete task by tomorrow',	1,	0,	0),
(299,	110,	1,	'Step',	'#',	'2018-01-04 11:29:49',	'2018-01-04 11:29:49',	0,	'1970-08-22',	0,	'',	0,	0,	0),
(302,	110,	1,	'Step',	'#',	'2018-01-04 12:20:23',	'2018-01-04 12:20:23',	0,	'1970-08-22',	0,	'',	0,	0,	0),
(303,	110,	1,	'Step',	'#',	'2018-01-04 12:20:37',	'2018-01-04 12:20:37',	0,	'1970-08-22',	0,	'',	0,	0,	0),
(304,	110,	1,	'Step',	'#',	'2018-01-04 12:20:45',	'2018-01-04 12:20:45',	0,	'1970-08-22',	0,	'',	0,	0,	0),
(305,	110,	1,	'Step',	'#',	'2018-01-04 12:21:18',	'2018-01-04 12:21:18',	0,	'1970-08-22',	0,	'',	0,	0,	0),
(306,	110,	1,	'Step',	'#',	'2018-01-04 12:22:18',	'2018-01-04 12:22:18',	0,	'1970-08-22',	0,	'',	0,	0,	0),
(307,	110,	1,	'Step',	'#',	'2018-01-04 12:22:25',	'2018-01-04 12:22:25',	0,	'1970-08-22',	0,	'',	0,	0,	0),
(308,	110,	1,	'Step',	'#',	'2018-01-04 12:22:29',	'2018-01-04 12:22:29',	0,	'1970-08-22',	0,	'',	0,	0,	0),
(309,	110,	1,	'Step',	'#',	'2018-01-04 12:27:23',	'2018-01-04 12:27:23',	0,	'1970-08-22',	0,	'',	0,	0,	0),
(310,	110,	1,	'Step',	'#',	'2018-01-04 12:28:38',	'2018-01-04 12:28:38',	0,	'1970-08-22',	0,	'',	0,	0,	0),
(311,	110,	1,	'Step',	'#',	'2018-01-04 13:53:39',	'2018-01-04 13:53:39',	0,	'1970-08-22',	0,	'',	0,	0,	0),
(332,	111,	1,	'Step',	'#',	'2018-01-08 10:51:48',	'2018-01-08 10:51:48',	0,	'1970-08-22',	0,	'',	0,	0,	0),
(335,	112,	1,	'Upload Video',	'http://educare.inreact-um-esi.us-east-2.elasticbeanstalk.com/video-center',	'2018-01-08 10:56:42',	'2018-01-08 10:57:18',	0,	'2030-01-11',	0,	'',	1,	0,	0),
(336,	112,	1,	'Write Annotations',	'',	'2018-01-08 10:56:42',	'2018-01-08 10:56:42',	0,	'0000-00-00',	0,	'',	0,	0,	0),
(337,	112,	1,	'Respond to Prompts',	'',	'2018-01-08 10:56:42',	'2018-01-08 10:56:42',	0,	'0000-00-00',	0,	'',	0,	0,	0),
(338,	112,	1,	'Send Message',	'',	'2018-01-08 10:56:42',	'2018-01-08 10:56:42',	0,	'0000-00-00',	0,	'',	0,	0,	0),
(339,	112,	1,	'Watch Video ',	'http://educare.inreact-um-esi.us-east-2.elasticbeanstalk.com/video-center/45',	'2018-01-08 10:56:42',	'2018-01-08 10:56:42',	0,	'0000-00-00',	0,	'',	0,	0,	0),
(340,	114,	149,	'Step!!!',	'#',	'2018-01-08 11:01:25',	'2018-01-08 11:01:38',	0,	'1970-08-22',	3,	'Oh yeah',	1,	0,	0),
(342,	111,	1,	'Step',	'#',	'2018-01-08 11:10:32',	'2018-01-08 11:10:32',	0,	'1970-08-22',	0,	'',	0,	0,	0),
(343,	111,	1,	'Step',	'#',	'2018-01-08 11:11:19',	'2018-01-08 11:11:19',	0,	'1970-08-22',	0,	'',	0,	0,	0),
(344,	111,	1,	'Step',	'#',	'2018-01-08 11:49:33',	'2018-01-08 11:55:28',	0,	'1970-08-22',	1,	'asdhaskdhaskjdlkasdklasdha',	1,	0,	0),
(345,	111,	1,	'Step',	'#',	'2018-01-08 11:55:45',	'2018-01-08 11:56:48',	0,	'1970-08-22',	0,	'a saskjdhkajsdlkasd kljasdlkasjdlkasjlkd jaslkdjaslkdlkasjdklasjdklasjdlasjdlkasjdlaskjdklasjdlkasdjlkasjdlkasdjlkasjdlkasjdlkasjdlkasjdlkajsldkjaslkdjasdasdsdasdlkasjdlkasjdlajsdlkjasldjaslkjdlkasjdlkasjdlkasjdlkasjdlasjdlkajsdlkasjdlkasjdlasd',	1,	0,	0),
(349,	116,	1,	'Step',	'#',	'2018-01-10 16:38:31',	'2018-01-10 16:38:31',	0,	'1970-08-22',	0,	'',	0,	0,	0),
(350,	115,	1,	'Step',	'#',	'2018-01-10 16:40:04',	'2018-01-10 16:40:04',	0,	'1970-08-22',	0,	'',	0,	0,	0),
(356,	115,	1,	'Step',	'#',	'2018-01-10 16:47:19',	'2018-01-10 16:47:19',	0,	'1970-08-22',	0,	'',	0,	0,	0),
(357,	115,	1,	'Step',	'#',	'2018-01-10 16:47:30',	'2018-01-10 16:47:30',	0,	'1970-08-22',	0,	'',	0,	0,	0),
(358,	115,	1,	'Step',	'#',	'2018-01-10 16:48:08',	'2018-01-10 16:48:08',	0,	'1970-08-22',	0,	'',	0,	0,	0),
(359,	115,	1,	'Step',	'#',	'2018-01-10 16:48:42',	'2018-01-10 16:48:42',	0,	'1970-08-22',	0,	'',	0,	0,	0),
(360,	115,	1,	'Step',	'#',	'2018-01-10 16:50:37',	'2018-01-10 16:50:54',	0,	'1970-08-22',	0,	'',	0,	0,	0),
(361,	115,	1,	'Step',	'#',	'2018-01-10 16:51:23',	'2018-01-10 16:51:23',	0,	'1970-08-22',	0,	'',	0,	0,	0),
(362,	115,	1,	'Step',	'#',	'2018-01-10 16:55:37',	'2018-01-10 16:55:37',	0,	'1970-08-22',	0,	'',	0,	0,	0),
(364,	117,	1,	'Task 1',	'#',	'2018-01-11 14:34:52',	'2018-01-11 14:35:57',	0,	'2018-01-11',	1,	'1',	1,	0,	0),
(365,	117,	1,	'Task 2',	'#',	'2018-01-11 14:35:59',	'2018-01-11 14:36:12',	0,	'2018-01-11',	0,	'',	1,	0,	0),
(366,	117,	1,	'Task 3',	'#',	'2018-01-11 14:36:15',	'2018-01-11 14:38:42',	0,	'2018-01-11',	2,	'3',	2,	0,	0),
(367,	118,	1,	'Step',	'#',	'2018-01-16 08:04:26',	'2018-01-16 08:04:26',	0,	'1970-08-22',	0,	'',	0,	0,	0),
(368,	118,	1,	'Step',	'#',	'2018-01-16 08:05:21',	'2018-01-16 08:05:21',	0,	'1970-08-22',	0,	'',	0,	0,	0),
(369,	118,	1,	'Step',	'#',	'2018-01-16 08:05:24',	'2018-01-16 08:05:24',	0,	'1970-08-22',	0,	'',	0,	0,	0),
(370,	118,	1,	'Step',	'#',	'2018-01-16 08:06:17',	'2018-01-16 08:06:17',	0,	'1970-08-22',	0,	'',	0,	0,	0),
(371,	118,	1,	'Step',	'#',	'2018-01-17 13:54:55',	'2018-01-17 13:54:55',	0,	'1970-08-22',	0,	'',	0,	0,	0),
(372,	118,	1,	'Step',	'#',	'2018-01-17 13:56:14',	'2018-01-17 13:56:14',	0,	'1970-08-22',	0,	'',	0,	0,	0),
(373,	118,	1,	'Step',	'#',	'2018-01-17 14:04:50',	'2018-01-17 14:04:50',	0,	'1970-08-22',	0,	'',	0,	0,	0),
(374,	118,	1,	'Step',	'#',	'2018-01-17 14:05:34',	'2018-01-17 14:05:34',	0,	'1970-08-22',	0,	'',	0,	0,	0),
(375,	118,	1,	'Step',	'#',	'2018-01-17 14:14:55',	'2018-01-17 14:14:55',	0,	'1970-08-22',	0,	'',	0,	0,	0),
(376,	118,	1,	'Step',	'#',	'2018-01-17 14:14:58',	'2018-01-17 14:14:58',	0,	'1970-08-22',	0,	'',	0,	0,	0),
(377,	118,	1,	'Step',	'#',	'2018-01-17 14:15:01',	'2018-01-17 14:15:01',	0,	'1970-08-22',	0,	'',	0,	0,	0),
(378,	118,	1,	'Step',	'#',	'2018-01-17 14:15:03',	'2018-01-17 14:15:03',	0,	'1970-08-22',	0,	'',	0,	0,	0),
(379,	118,	1,	'Step',	'#',	'2018-01-17 14:15:15',	'2018-01-17 14:15:15',	0,	'1970-08-22',	0,	'',	0,	0,	0),
(380,	118,	1,	'Step',	'#',	'2018-01-17 14:15:19',	'2018-01-17 14:15:19',	0,	'1970-08-22',	0,	'',	0,	0,	0),
(381,	118,	1,	'Step',	'#',	'2018-01-17 14:15:24',	'2018-01-17 14:15:24',	0,	'1970-08-22',	0,	'',	0,	0,	0),
(382,	119,	1,	'Watch Video',	'http://educare.inreact-um-esi.us-east-2.elasticbeanstalk.com/video-center/90',	'2018-01-17 14:44:18',	'2018-01-17 16:49:09',	1,	'1970-08-22',	8,	'Watch this video!',	149,	0,	0),
(383,	119,	1,	'Annotate Video',	'http://educare.inreact-um-esi.us-east-2.elasticbeanstalk.com/video-center/255',	'2018-01-17 15:51:56',	'2018-01-18 12:48:28',	2,	'2017-01-17',	5,	'Locate the cats',	1,	0,	0),
(384,	119,	1,	'Upload Video',	'http://educare.inreact-um-esi.us-east-2.elasticbeanstalk.com/video-center#upload-video',	'2018-01-17 16:22:12',	'2018-01-18 12:48:34',	41,	'2018-08-22',	1,	'Again!',	1,	0,	0),
(385,	120,	1,	'First Step',	'https://www.youtube.com/watch?v=YfVLlxApskY',	'2018-01-18 12:21:57',	'2018-01-18 12:23:52',	0,	'2018-01-19',	12,	'This is the description.',	150,	0,	0),
(387,	120,	1,	'Step',	'#',	'2018-01-18 12:27:51',	'2018-01-18 12:27:51',	0,	'1970-08-22',	0,	'',	0,	0,	0),
(388,	121,	1,	'Hello!',	'#',	'2018-01-18 12:29:24',	'2018-01-18 12:29:48',	0,	'2018-01-22',	2,	'test',	149,	0,	0),
(390,	121,	1,	'Step 2',	'http://educare.inreact-um-esi.us-east-2.elasticbeanstalk.com/video-center/89',	'2018-01-18 12:31:32',	'2018-01-18 12:31:57',	0,	'2018-01-29',	4,	'step',	149,	0,	0),
(391,	122,	1,	'Santi',	'http://educare.inreact-um-esi.us-east-2.elasticbeanstalk.com/video-center/90',	'2018-01-18 13:38:11',	'2018-01-18 13:39:01',	0,	'1970-08-22',	8,	'fsdfs',	1,	0,	0),
(392,	122,	1,	'Step',	'#',	'2018-01-18 16:10:59',	'2018-01-18 16:10:59',	0,	'1970-08-22',	0,	'',	0,	0,	0),
(393,	123,	1,	'Watch Video',	'http://educare.inreact-um-esi.us-east-2.elasticbeanstalk.com/video-center/251',	'2018-01-18 16:11:55',	'2018-01-18 16:12:34',	0,	'2018-01-19',	8,	'watch video',	1,	0,	0),
(394,	123,	1,	'Step',	'#',	'2018-01-18 16:13:07',	'2018-01-18 16:14:55',	0,	'1970-08-22',	0,	'',	1,	0,	0),
(395,	123,	1,	'Step',	'http://educare.inreact-um-esi.us-east-2.elasticbeanstalk.com/video-center#upload-video',	'2018-01-18 16:14:10',	'2018-01-18 16:15:14',	0,	'1970-08-22',	1,	'',	1,	0,	0),
(396,	124,	1,	'Upload Video',	'http://educare.inreact-um-esi.us-east-2.elasticbeanstalk.com/video-center#upload-video',	'2018-01-18 16:16:37',	'2018-01-18 16:20:25',	0,	'1970-08-22',	1,	'',	1,	0,	0),
(397,	124,	1,	'2',	'#',	'2018-01-18 16:17:52',	'2018-01-19 13:12:06',	0,	'1970-08-22',	2,	'DESCRIPTION!',	1,	0,	0),
(398,	124,	1,	'3',	'#',	'2018-01-18 16:18:07',	'2018-01-18 16:20:33',	0,	'1970-08-22',	3,	'',	1,	0,	0),
(399,	124,	1,	'Resource',	'http://educare.inreact-um-esi.us-east-2.elasticbeanstalk.com/resource/52',	'2018-01-18 16:18:16',	'2018-01-18 16:20:36',	0,	'1970-08-22',	9,	'',	1,	0,	0),
(400,	124,	1,	'Star Wars Trailer',	'https://www.youtube.com/watch?v=Q0CbN8sfihY',	'2018-01-18 16:21:37',	'2018-01-18 16:22:52',	0,	'1970-08-22',	12,	'',	1,	0,	0),
(401,	124,	1,	'Step',	'http://educare.inreact-um-esi.us-east-2.elasticbeanstalk.com/video-center#upload-video',	'2018-01-18 16:23:37',	'2018-01-19 12:46:41',	0,	'2019-08-22',	1,	'EXTREMELY LONG DESCEXTREMELY LONG DESCEXTREMELY LONG DESCEXTREMELY LONG DESCEXTREMELY LONG DESCEXTREMELY LONG DESCEXTREMELY LONG DESCEXTREMELY LONG DESCEXTREMELY LONG DESC',	1,	0,	0),
(402,	125,	1,	'Step',	'#',	'2018-01-18 16:47:34',	'2018-01-18 16:49:41',	0,	'1970-08-22',	0,	'',	0,	0,	0),
(409,	126,	1,	'Name of task',	'#',	'2018-01-19 16:04:37',	'2018-01-19 16:04:43',	0,	'1970-08-22',	0,	'',	0,	0,	0),
(411,	126,	1,	'Step',	'#',	'2018-01-19 16:06:43',	'2018-01-19 16:06:43',	0,	'1970-08-22',	0,	'',	0,	0,	0),
(412,	126,	1,	'Step',	'#',	'2018-01-19 16:14:55',	'2018-01-19 16:14:59',	0,	'1970-08-22',	0,	'',	0,	0,	0),
(414,	127,	1,	'Step',	'#',	'2018-01-22 11:24:37',	'2018-01-22 11:24:37',	0,	'1970-08-22',	0,	'',	0,	0,	0),
(417,	127,	1,	'Step',	'#',	'2018-01-22 11:35:18',	'2018-01-22 11:35:18',	0,	'1970-08-22',	0,	'',	0,	0,	0),
(418,	127,	1,	'Step',	'#',	'2018-01-22 11:36:19',	'2018-01-22 11:36:19',	0,	'1970-08-22',	0,	'',	0,	0,	0),
(419,	127,	1,	'Step',	'#',	'2018-01-22 11:36:32',	'2018-01-22 11:36:32',	0,	'1970-08-22',	0,	'',	0,	0,	0),
(420,	124,	1,	'Step',	'#',	'2018-01-22 14:08:50',	'2018-01-22 14:08:54',	0,	'1970-08-22',	0,	'',	0,	0,	0),
(421,	124,	1,	'Step',	'#',	'2018-01-22 14:08:58',	'2018-01-22 14:08:58',	0,	'1970-08-22',	0,	'',	0,	0,	0),
(423,	128,	1,	'Stepdft',	'http://educare.inreact-um-esi.us-east-2.elasticbeanstalk.com/video-center#upload-video',	'2018-01-22 14:43:45',	'2018-01-23 13:48:19',	1,	'1970-08-22',	1,	'dtydtydyry',	1,	0,	0),
(435,	128,	1,	'Last real step',	'http://yahoo.com',	'2018-01-22 14:58:25',	'2018-01-23 13:48:20',	2,	'1970-08-22',	12,	'!!!!',	1,	0,	0),
(441,	128,	1,	'External Link',	'http://google.com',	'2018-01-23 10:54:12',	'2018-01-23 13:48:20',	3,	'1970-08-22',	12,	'!!',	1,	1,	0),
(448,	128,	1,	'View message!',	'http://educare.inreact-um-esi.us-east-2.elasticbeanstalk.com/video-center/206',	'2018-01-23 12:03:45',	'2018-01-23 13:48:24',	4,	'2018-01-23',	10,	'Required desc!',	1,	0,	0),
(449,	128,	1,	'Step',	'',	'2018-01-23 13:25:23',	'2018-01-23 13:48:25',	5,	'2018-01-23',	0,	'',	0,	0,	0),
(450,	128,	1,	'Step',	'',	'2018-01-23 13:30:47',	'2018-01-23 13:48:29',	6,	'2018-01-23',	0,	'',	0,	0,	0),
(451,	130,	1,	'dasdas',	'http://educare.inreact-um-esi.us-east-2.elasticbeanstalk.com/messages#send-message',	'2018-01-23 13:46:20',	'2018-01-23 13:47:30',	0,	'2018-01-23',	7,	'llsadlsad',	1,	0,	0),
(453,	131,	1,	'Upload Video',	'http://educare.inreact-um-esi.us-east-2.elasticbeanstalk.com/video-center#upload-video',	'2018-01-24 16:15:19',	'2018-01-24 16:32:37',	1,	'2018-01-24',	1,	'jjjj',	1,	0,	0),
(454,	131,	1,	'Upload Document',	'http://educare.inreact-um-esi.us-east-2.elasticbeanstalk.com/resources#upload-resource',	'2018-01-24 16:23:53',	'2018-01-24 16:32:34',	2,	'2018-01-24',	2,	'hi',	1,	0,	0),
(455,	131,	1,	'Upload Resource',	'http://educare.inreact-um-esi.us-east-2.elasticbeanstalk.com/resources#upload-document',	'2018-01-24 16:24:24',	'2018-01-24 16:32:39',	3,	'2018-01-24',	3,	'hi',	1,	0,	0),
(456,	131,	1,	'Create Progress Bar',	'http://educare.inreact-um-esi.us-east-2.elasticbeanstalk.com/progress-bars#create-pb',	'2018-01-24 16:24:47',	'2018-01-24 16:32:40',	4,	'2018-01-24',	4,	'hi',	1,	0,	0),
(457,	131,	1,	'Send Message',	'http://educare.inreact-um-esi.us-east-2.elasticbeanstalk.com/messages#send-message',	'2018-01-24 16:25:09',	'2018-01-24 16:32:42',	5,	'2018-01-24',	7,	'hi',	1,	0,	0),
(459,	131,	1,	'Hello',	'https://www.youtube.com/watch?v=YQHsXMglC9A',	'2018-01-24 16:26:23',	'2018-01-24 16:32:43',	6,	'2018-01-24',	12,	'hi',	1,	1,	0),
(460,	131,	1,	'External link 2',	'https://www.youtube.com/watch?v=2J5GzHoKl1Q',	'2018-01-24 16:31:12',	'2018-01-24 16:32:45',	7,	'2018-01-24',	12,	'hello',	1,	1,	0),
(461,	132,	1,	'Annotate a video',	'http://educare.inreact-um-esi.us-east-2.elasticbeanstalk.com/video-center/251',	'2018-01-24 16:33:43',	'2018-01-24 16:41:07',	1,	'2018-01-24',	5,	'hi',	1,	0,	0),
(462,	132,	1,	'Create Discussion',	'http://educare.inreact-um-esi.us-east-2.elasticbeanstalk.com/video-center/88',	'2018-01-24 16:34:21',	'2018-01-24 16:41:13',	2,	'2018-01-24',	6,	'hi',	1,	0,	0),
(464,	132,	1,	'Watch Video',	'http://educare.inreact-um-esi.us-east-2.elasticbeanstalk.com/video-center/220',	'2018-01-24 16:35:34',	'2018-01-24 16:41:10',	3,	'2018-01-24',	8,	'hellooooo',	1,	0,	0),
(465,	132,	1,	'View Resource',	'http://educare.inreact-um-esi.us-east-2.elasticbeanstalk.com/resource/52',	'2018-01-24 16:36:05',	'2018-01-24 16:41:11',	4,	'2018-01-24',	9,	'hellooo',	1,	0,	0),
(466,	132,	1,	'View Message',	'http://educare.inreact-um-esi.us-east-2.elasticbeanstalk.com/messages/70',	'2018-01-24 16:37:22',	'2018-01-24 16:41:15',	5,	'2018-01-24',	10,	'message view',	1,	0,	0),
(467,	132,	1,	'Respond to Discussion',	'http://educare.inreact-um-esi.us-east-2.elasticbeanstalk.com/video-center/98',	'2018-01-24 16:37:52',	'2018-01-24 16:41:17',	6,	'2018-01-24',	11,	'hii',	1,	0,	0),
(469,	133,	1,	'Step',	'',	'2018-01-25 09:58:30',	'2018-01-25 09:58:30',	0,	'2018-01-25',	0,	'',	0,	0,	0),
(471,	134,	1,	'dfsdfs',	'http://educare.inreact-um-esi.us-east-2.elasticbeanstalk.com/video-center#upload-video',	'2018-01-25 10:30:10',	'2018-01-25 15:10:46',	1,	'2018-01-25',	1,	'fsdfsdfsfs',	1,	0,	1),
(472,	135,	1,	'dsadasdasd',	'http://educare.inreact-um-esi.us-east-2.elasticbeanstalk.com/video-center#upload-video',	'2018-01-25 10:42:02',	'2018-01-25 11:09:43',	2,	'2018-01-25',	1,	'sadasdasd',	1,	0,	0),
(473,	135,	1,	'Stepvxcvxc',	'http://educare.inreact-um-esi.us-east-2.elasticbeanstalk.com/resources#upload-resource',	'2018-01-25 10:42:10',	'2018-01-25 11:09:45',	3,	'2018-01-25',	2,	'vxcvxcv',	1,	0,	0),
(474,	132,	1,	'New Task',	'http://educare.inreact-um-esi.us-east-2.elasticbeanstalk.com/video-center#upload-video',	'2018-01-25 10:59:03',	'2018-01-25 15:10:45',	0,	'2018-01-25',	1,	'desc.',	1,	0,	1),
(475,	135,	1,	'Step',	'',	'2018-01-25 11:00:56',	'2018-01-25 11:11:09',	8,	'2018-01-25',	0,	'',	0,	0,	0),
(478,	135,	1,	'Step 4',	'http://educare.inreact-um-esi.us-east-2.elasticbeanstalk.com/video-center#upload-video',	'2018-01-25 11:09:46',	'2018-01-25 11:10:59',	3,	'2018-01-25',	1,	'jj',	1,	0,	0),
(479,	135,	1,	'Step 5',	'http://educare.inreact-um-esi.us-east-2.elasticbeanstalk.com/video-center#upload-video',	'2018-01-25 11:10:04',	'2018-01-25 11:11:00',	4,	'2018-01-25',	1,	'hhh',	1,	0,	0),
(480,	135,	1,	'Step 6',	'http://educare.inreact-um-esi.us-east-2.elasticbeanstalk.com/video-center#upload-video',	'2018-01-25 11:10:17',	'2018-01-25 11:11:01',	5,	'2018-01-25',	1,	'kkkll',	1,	0,	0),
(481,	135,	1,	'Step 7',	'http://educare.inreact-um-esi.us-east-2.elasticbeanstalk.com/video-center#upload-video',	'2018-01-25 11:10:27',	'2018-01-25 11:11:03',	6,	'2018-01-25',	1,	'kkkkkkk',	1,	0,	0),
(483,	135,	1,	'Step 9',	'http://educare.inreact-um-esi.us-east-2.elasticbeanstalk.com/video-center#upload-video',	'2018-01-25 11:11:34',	'2018-01-25 11:12:31',	9,	'2018-01-25',	1,	'ttttt',	1,	0,	0),
(484,	135,	1,	'Step 10',	'http://educare.inreact-um-esi.us-east-2.elasticbeanstalk.com/video-center#upload-video',	'2018-01-25 11:11:45',	'2018-01-25 11:14:20',	9,	'2018-01-25',	1,	'dddddd',	1,	0,	0),
(485,	135,	1,	'Step 11',	'http://educare.inreact-um-esi.us-east-2.elasticbeanstalk.com/video-center#upload-video',	'2018-01-25 11:11:55',	'2018-01-25 11:14:23',	9,	'2018-01-25',	1,	'sssss',	1,	0,	0),
(486,	135,	1,	'Step 91',	'http://educare.inreact-um-esi.us-east-2.elasticbeanstalk.com/video-center#upload-video',	'2018-01-25 11:13:20',	'2018-01-25 11:14:02',	91,	'2018-01-25',	1,	'hhhh',	1,	0,	0),
(487,	135,	1,	'Step 92',	'http://educare.inreact-um-esi.us-east-2.elasticbeanstalk.com/video-center#upload-video',	'2018-01-25 11:13:35',	'2018-01-25 11:46:34',	1,	'2018-01-25',	1,	'sssss',	1,	0,	0),
(488,	135,	1,	'Step 81',	'http://educare.inreact-um-esi.us-east-2.elasticbeanstalk.com/video-center#upload-video',	'2018-01-25 11:13:47',	'2018-01-25 11:14:05',	81,	'2018-01-25',	1,	'uuuuuuu',	1,	0,	0),
(489,	136,	1,	'Task 1',	'http://educare.inreact-um-esi.us-east-2.elasticbeanstalk.com/video-center#upload-video',	'2018-01-25 11:22:49',	'2018-01-25 11:23:00',	0,	'2018-01-25',	1,	'uuu',	1,	0,	0),
(490,	136,	1,	'Step',	'',	'2018-01-25 11:24:06',	'2018-01-25 11:24:06',	0,	'2018-01-25',	0,	'',	0,	0,	0),
(491,	135,	1,	'A',	'http://educare.inreact-um-esi.us-east-2.elasticbeanstalk.com/video-center#upload-video',	'2018-01-25 11:35:29',	'2018-01-25 11:56:58',	100,	'2018-01-25',	1,	'ggg kkkkkkkkkkkkkkkkkkkkkkkk n\'lkn\'rv klnjnjn lkoouho ;jnbhuvuv jjj',	1,	0,	0),
(492,	136,	1,	'Step',	'',	'2018-01-25 11:42:59',	'2018-01-25 11:42:59',	0,	'2018-01-25',	0,	'',	0,	0,	0),
(493,	135,	1,	'New Task',	'http://educare.inreact-um-esi.us-east-2.elasticbeanstalk.com/video-center#upload-video',	'2018-01-25 11:43:12',	'2018-01-25 11:46:07',	3,	'2018-01-25',	1,	'hhhh',	1,	0,	0),
(495,	137,	1,	'Due Today!',	'http://educare.inreact-um-esi.us-east-2.elasticbeanstalk.com/video-center#upload-video',	'2018-01-25 15:16:32',	'2018-01-25 15:47:03',	1,	'2018-01-25',	1,	'Hello',	149,	0,	1),
(496,	137,	1,	'Also due today',	'http://educare.inreact-um-esi.us-east-2.elasticbeanstalk.com/video-center#upload-video',	'2018-01-25 15:18:33',	'2018-01-25 15:19:12',	2,	'2018-01-25',	1,	'Also due today',	149,	0,	1),
(500,	138,	1,	'HELLO!',	'http://educare.inreact-um-esi.us-east-2.elasticbeanstalk.com/video-center#upload-video',	'2018-01-29 10:47:47',	'2018-01-29 11:17:05',	1,	'2018-01-29',	1,	'test',	1,	0,	1),
(524,	138,	1,	'HEY!',	'http://educare.inreact-um-esi.us-east-2.elasticbeanstalk.com/video-center#upload-video',	'2018-01-29 11:19:05',	'2018-01-29 11:19:26',	2,	'2018-01-29',	1,	'asdfadsf',	1,	0,	1),
(562,	138,	1,	'3',	'http://educare.inreact-um-esi.us-east-2.elasticbeanstalk.com/video-center#upload-video',	'2018-01-29 11:59:50',	'2018-01-29 12:00:15',	3,	'2018-01-29',	1,	'3',	1,	0,	1),
(582,	138,	1,	'4',	'http://educare.inreact-um-esi.us-east-2.elasticbeanstalk.com/video-center#upload-video',	'2018-01-29 12:30:45',	'2018-01-29 12:30:54',	4,	'2018-01-29',	1,	'4',	1,	0,	1),
(583,	138,	1,	'5',	'http://educare.inreact-um-esi.us-east-2.elasticbeanstalk.com/video-center#upload-video',	'2018-01-29 12:30:54',	'2018-01-29 12:31:04',	5,	'2018-01-29',	1,	'5',	1,	0,	1),
(584,	138,	1,	'test',	'http://educare.inreact-um-esi.us-east-2.elasticbeanstalk.com/video-center#upload-video',	'2018-01-29 13:44:56',	'2018-01-29 13:45:10',	6,	'2018-01-29',	1,	'test',	1,	0,	1),
(585,	139,	1,	'Upload Video',	'http://educare.inreact-um-esi.us-east-2.elasticbeanstalk.com/video-center#upload-video',	'2018-01-29 13:45:36',	'2018-01-29 13:45:53',	1,	'2018-01-29',	1,	'Yes',	1,	0,	1),
(586,	139,	1,	'Step Two',	'http://educare.inreact-um-esi.us-east-2.elasticbeanstalk.com/resources#upload-resource',	'2018-01-29 13:50:25',	'2018-01-29 13:50:38',	2,	'2018-01-29',	2,	'2',	1,	0,	1),
(589,	140,	1,	'gdfgfd',	'http://educare.inreact-um-esi.us-east-2.elasticbeanstalk.com/video-center#upload-video',	'2018-01-30 12:34:23',	'2018-01-30 12:34:58',	1,	'2018-01-30',	1,	'gfdgdf',	1,	0,	0),
(590,	140,	1,	'gdfgdf',	'http://educare.inreact-um-esi.us-east-2.elasticbeanstalk.com/resources#upload-resource',	'2018-01-30 12:35:00',	'2018-01-30 12:35:11',	2,	'2018-01-30',	2,	'fgdfgd',	1,	0,	0),
(592,	140,	1,	'gfdgdfgfdgfdgdfgdf',	'http://educare.inreact-um-esi.us-east-2.elasticbeanstalk.com/resources#upload-document',	'2018-01-30 12:35:16',	'2018-01-30 12:42:21',	2,	'2018-01-30',	3,	'gfdgdf',	1,	0,	0),
(597,	140,	1,	'asaSA',	'http://educare.inreact-um-esi.us-east-2.elasticbeanstalk.com/video-center#upload-video',	'2018-01-30 12:42:21',	'2018-01-30 12:42:33',	4,	'2018-01-30',	1,	'ASas',	1,	0,	0),
(601,	141,	1,	'l',	'http://educare.inreact-um-esi.us-east-2.elasticbeanstalk.com/video-center#upload-video',	'2018-01-30 15:02:48',	'2018-01-30 15:03:08',	1,	'2018-01-30',	1,	'l',	1,	0,	0),
(602,	141,	1,	'View Document',	'http://educare.inreact-um-esi.us-east-2.elasticbeanstalk.com/resource/41',	'2018-01-30 15:05:42',	'2018-01-30 15:06:18',	2,	'2018-01-30',	13,	'ayyy',	1,	0,	0),
(607,	143,	1,	'neew task',	'http://educare.inreact-um-esi.us-east-2.elasticbeanstalk.com/resources#upload-resource',	'2018-01-30 15:19:20',	'2018-01-30 15:30:35',	2,	'2018-01-30',	2,	'kkkkkk',	1,	0,	0),
(608,	143,	1,	'ayyyy',	'http://educare.inreact-um-esi.us-east-2.elasticbeanstalk.com/video-center#upload-video',	'2018-01-30 15:19:50',	'2018-01-30 15:30:33',	1,	'2018-01-30',	1,	'oooooo',	1,	0,	0),
(610,	143,	1,	'taskkkk',	'http://educare.inreact-um-esi.us-east-2.elasticbeanstalk.com/video-center#upload-video',	'2018-01-30 15:30:36',	'2018-01-30 15:30:54',	10,	'2018-01-30',	1,	'dddddd',	1,	0,	0),
(612,	146,	1,	'Birds',	'www.birds.com',	'2018-01-31 13:40:39',	'2018-01-31 13:41:44',	1,	'2018-07-31',	5,	'Birds in the sky',	1,	0,	0),
(613,	145,	1,	'dom',	'http://educare.inreact-um-esi.us-east-2.elasticbeanstalk.com/progress-bars#create-pb',	'2018-01-31 13:40:39',	'2018-01-31 13:41:32',	1,	'2018-02-04',	4,	'b',	1,	0,	0),
(614,	148,	1,	'New task',	'http://educare.inreact-um-esi.us-east-2.elasticbeanstalk.com/video-center#upload-video',	'2018-01-31 13:40:40',	'2018-01-31 13:41:30',	1,	'2018-01-31',	5,	'Annotate a video',	1,	0,	0),
(615,	144,	1,	'new',	'http://educare.inreact-um-esi.us-east-2.elasticbeanstalk.com/resources#upload-resource',	'2018-01-31 13:40:40',	'2018-01-31 13:41:37',	1,	'2018-01-31',	2,	'fun',	1,	0,	0),
(616,	150,	1,	'Name',	'Link',	'2018-01-31 13:40:41',	'2018-01-31 13:41:13',	1,	'2018-01-31',	9,	'Description',	1,	0,	0),
(617,	149,	1,	'K',	'http://educare.inreact-um-esi.us-east-2.elasticbeanstalk.com/resource/66',	'2018-01-31 13:40:42',	'2018-01-31 13:41:22',	1,	'2018-01-31',	1,	'quiz',	1,	0,	0),
(620,	147,	1,	'birds',	'http://educare.inreact-um-esi.us-east-2.elasticbeanstalk.com/messages#send-message',	'2018-01-31 13:41:44',	'2018-01-31 13:42:27',	1,	'2018-01-31',	9,	'flying with birds',	1,	0,	0),
(621,	152,	1,	'sdf',	'wsyt',	'2018-02-02 08:43:31',	'2018-02-02 08:44:33',	1,	'2018-02-02',	6,	'str',	1,	0,	0),
(623,	155,	154,	'Task 1 ',	'http://educare.inreact-um-esi.us-east-2.elasticbeanstalk.com/messages/103',	'2018-02-02 08:59:04',	'2018-02-02 09:00:47',	1,	'2018-02-02',	7,	'a test to see if this will work ',	159,	0,	0),
(624,	155,	154,	'Task 2 ',	'http://educare.inreact-um-esi.us-east-2.elasticbeanstalk.com/video-center#upload-video',	'2018-02-02 09:01:01',	'2018-02-02 09:01:24',	2,	'2018-02-02',	1,	'another test',	1,	0,	0),
(632,	160,	1,	'dsd',	'http://educare.inreact-um-esi.us-east-2.elasticbeanstalk.com/video-center#upload-video',	'2018-02-14 14:36:39',	'2018-02-14 14:36:47',	1,	'2018-02-14',	1,	'sds',	1,	0,	0),
(633,	160,	1,	'fffr',	'http://educare.inreact-um-esi.us-east-2.elasticbeanstalk.com/video-center#upload-video',	'2018-02-14 14:36:48',	'2018-02-14 14:36:57',	2,	'2018-02-14',	1,	'frf',	1,	0,	0),
(634,	160,	1,	'efefw',	'http://educare.inreact-um-esi.us-east-2.elasticbeanstalk.com/video-center/255',	'2018-02-14 14:41:22',	'2018-02-14 14:41:42',	3,	'2018-02-14',	8,	'frf',	1,	0,	0),
(639,	161,	154,	'Task 1',	'http://educare.inreact-um-esi.us-east-2.elasticbeanstalk.com/video-center/322',	'2018-02-14 15:40:19',	'2018-02-14 15:43:59',	1,	'2018-02-14',	8,	'test 1 task 1',	153,	0,	0),
(640,	161,	154,	'Task 2',	'http://educare.inreact-um-esi.us-east-2.elasticbeanstalk.com/resources#upload-resource',	'2018-02-14 15:41:13',	'2018-02-14 15:43:54',	2,	'2018-02-14',	2,	'test 1 task 2',	153,	0,	0),
(641,	161,	154,	'Task 3',	'http://educare.inreact-um-esi.us-east-2.elasticbeanstalk.com/resource/34',	'2018-02-14 15:41:33',	'2018-02-14 15:43:56',	3,	'2018-02-14',	13,	'test 1 task 3',	153,	0,	0),
(642,	162,	1,	'dfsdf',	'http://educare.inreact-um-esi.us-east-2.elasticbeanstalk.com/video-center#upload-video',	'2018-02-26 11:17:27',	'2018-02-26 11:17:58',	1,	'2018-02-26',	1,	'sdfsd',	1,	0,	0),
(643,	162,	1,	'czcz',	'http://educare.inreact-um-esi.us-east-2.elasticbeanstalk.com/resources#upload-resource',	'2018-02-26 11:19:10',	'2018-02-26 11:20:02',	2,	'2018-02-26',	2,	'zxczx',	1,	0,	0),
(644,	162,	1,	'fdsfs',	'http://educare.inreact-um-esi.us-east-2.elasticbeanstalk.com/video-center/324',	'2018-02-26 11:20:06',	'2018-02-26 11:20:30',	3,	'2018-02-26',	8,	'fsdfs',	1,	0,	0),
(645,	162,	1,	'p',	'http://educare.inreact-um-esi.us-east-2.elasticbeanstalk.com/video-center#upload-video',	'2018-02-26 11:45:05',	'2018-02-26 13:54:48',	4,	'2018-02-26',	1,	'jl',	132,	0,	0),
(646,	162,	1,	'5',	'http://educare.inreact-um-esi.us-east-2.elasticbeanstalk.com/video-center#upload-video',	'2018-02-26 11:47:12',	'2018-02-27 11:11:05',	5,	'2018-02-26',	1,	'dfdf',	1,	0,	0),
(655,	163,	1,	'Read Book',	'http://educare.inreact-um-esi.us-east-2.elasticbeanstalk.com/instructional-design/4',	'2018-02-27 11:11:54',	'2018-02-27 11:12:32',	1,	'2018-02-27',	2,	'novel',	1,	0,	0),
(656,	163,	1,	'xxcx',	'http://educare.inreact-um-esi.us-east-2.elasticbeanstalk.com/video-center#upload-video',	'2018-02-27 16:41:50',	'2018-02-27 16:45:51',	3,	'2018-02-27',	1,	'cxcx',	1,	0,	0),
(658,	164,	1,	'1',	'http://educare.inreact-um-esi.us-east-2.elasticbeanstalk.com/video-center#upload-video',	'2018-02-28 13:39:33',	'2018-02-28 13:39:49',	1,	'2018-02-28',	1,	'fsdfsdf',	1,	0,	0),
(659,	164,	1,	'2',	'http://educare.inreact-um-esi.us-east-2.elasticbeanstalk.com/video-center#upload-video',	'2018-02-28 13:39:51',	'2018-03-08 20:25:34',	4,	'2018-02-28',	1,	'dfsdf',	1,	0,	0),
(660,	164,	1,	'3',	'http://educare.inreact-um-esi.us-east-2.elasticbeanstalk.com/video-center#upload-video',	'2018-02-28 13:40:16',	'2018-03-08 20:25:37',	3,	'2018-02-28',	1,	'sadasd',	1,	0,	0),
(663,	165,	1,	'c',	'http://educare.inreact-um-esi.us-east-2.elasticbeanstalk.com/video-center#upload-video',	'2018-03-01 15:48:54',	'2018-03-01 15:49:07',	3,	'2018-03-01',	1,	'c',	1,	0,	0),
(664,	166,	1,	'Test',	'http://educare.inreact-um-esi.us-east-2.elasticbeanstalk.com/video-center/273',	'2018-03-05 11:32:15',	'2018-03-05 11:34:25',	1,	'2018-03-10',	8,	'TEST!!!',	149,	0,	0),
(670,	167,	1,	'Name is required',	'http://educare.inreact-um-esi.us-east-2.elasticbeanstalk.com/video-center#upload-video',	'2018-03-05 12:02:47',	'2018-03-05 12:03:15',	1,	'2018-03-05',	1,	'Desc',	152,	0,	0),
(672,	167,	1,	'HELLO1',	'http://educare.inreact-um-esi.us-east-2.elasticbeanstalk.com/video-center#upload-video',	'2018-03-08 12:33:29',	'2018-03-08 12:33:45',	2,	'2018-03-08',	1,	'ERQWT',	155,	0,	0),
(674,	168,	1,	'hghfghfg',	'http://educare.inreact-um-esi.us-east-2.elasticbeanstalk.com/video-center#upload-video',	'2018-03-08 14:58:56',	'2018-03-08 14:59:04',	2,	'2018-03-08',	1,	'gfhgfhgfh',	1,	0,	0),
(677,	164,	1,	'Wove (Smooth Texture)',	'http://educare.inreact-um-esi.us-east-2.elasticbeanstalk.com/video-center#upload-video',	'2018-03-08 20:24:25',	'2018-03-08 20:25:33',	2,	'2018-03-23',	1,	'123',	1,	0,	0),
(684,	168,	1,	'March 26 2018',	'http://educare.inreact-um-esi.us-east-2.elasticbeanstalk.com/video-center#upload-video',	'2018-03-12 15:06:48',	'2018-03-14 09:58:21',	2,	'2018-03-26',	1,	'!!!',	156,	0,	0),
(689,	173,	1,	'dsadsadsad',	'http://educare.inreact-um-esi.us-east-2.elasticbeanstalk.com/resources#upload-document',	'2018-03-20 09:17:45',	'2018-03-20 09:20:44',	1,	'0000-00-00',	2,	'sadasdasda',	1,	0,	0),
(690,	173,	1,	'3.2',	'http://educare.inreact-um-esi.us-east-2.elasticbeanstalk.com/resources#upload-document',	'2018-03-20 09:20:46',	'2018-03-20 09:22:18',	2,	'0000-00-00',	2,	'sdfsdfsdf',	1,	0,	0),
(691,	173,	1,	'2.3',	'http://educare.inreact-um-esi.us-east-2.elasticbeanstalk.com/video-center#upload-video',	'2018-03-20 09:20:57',	'2018-03-20 09:22:26',	3,	'0000-00-00',	1,	'dsfsdfsd',	1,	0,	0),
(692,	173,	1,	'fdgdfgd',	'http://educare.inreact-um-esi.us-east-2.elasticbeanstalk.com/video-center#upload-video',	'2018-03-20 09:25:21',	'2018-03-20 09:25:34',	4,	'0000-00-00',	1,	'fgfdgdfg',	1,	0,	0),
(693,	173,	1,	'1',	'http://educare.inreact-um-esi.us-east-2.elasticbeanstalk.com/video-center#upload-video',	'2018-03-20 09:26:22',	'2018-03-20 09:26:30',	5,	'0000-00-00',	1,	'1',	1,	0,	0),
(694,	174,	1,	'1',	'http://educare.inreact-um-esi.us-east-2.elasticbeanstalk.com/video-center#upload-video',	'2018-03-20 09:28:15',	'2018-03-20 09:28:23',	1,	'0000-00-00',	1,	'1',	1,	0,	0),
(695,	174,	1,	'2',	'http://educare.inreact-um-esi.us-east-2.elasticbeanstalk.com/resources#upload-document',	'2018-03-20 09:28:24',	'2018-03-20 09:28:31',	2,	'0000-00-00',	2,	'2',	1,	0,	0),
(696,	174,	1,	'3',	'http://educare.inreact-um-esi.us-east-2.elasticbeanstalk.com/progress-bars#create-pb',	'2018-03-20 09:28:33',	'2018-03-20 09:28:42',	3,	'0000-00-00',	4,	'3',	1,	0,	0),
(710,	175,	1,	'View Document',	'http://educare.inreact-um-esi.us-east-2.elasticbeanstalk.com/resource/41',	'2018-03-20 09:38:38',	'2018-03-20 09:38:58',	13,	'0000-00-00',	13,	'view',	1,	0,	0),
(718,	175,	1,	'gg',	'http://educare.inreact-um-esi.us-east-2.elasticbeanstalk.com/instructional-design/18',	'2018-03-20 09:51:04',	'2018-03-20 09:54:38',	2,	'0000-00-00',	8,	'g',	1,	0,	0),
(728,	171,	155,	'sdfsa',	'http://educare.inreact-um-esi.us-east-2.elasticbeanstalk.com/video-center#upload-video',	'2018-03-22 10:52:19',	'2018-03-22 10:52:29',	1,	'0000-00-00',	1,	'asfas',	1,	0,	0),
(729,	171,	155,	'TEST',	'http://educare.inreact-um-esi.us-east-2.elasticbeanstalk.com/video-center#upload-video',	'2018-03-22 10:52:42',	'2018-03-22 11:12:39',	2,	'2018-03-23',	1,	'DSAD',	1,	0,	0),
(735,	176,	1,	'Upload Video',	'http://educare.inreact-um-esi.us-east-2.elasticbeanstalk.com/video-center#upload-video',	'2018-03-22 11:13:31',	'2018-03-22 11:13:48',	1,	'2018-03-22',	1,	'Upload video',	1,	0,	0),
(736,	176,	1,	'Step 2',	'http://educare.inreact-um-esi.us-east-2.elasticbeanstalk.com/resources#upload-document',	'2018-03-22 11:32:08',	'2018-03-22 11:32:48',	3,	'2018-03-22',	2,	'step 2',	1,	0,	0),
(737,	176,	1,	'Step 3',	'http://educare.inreact-um-esi.us-east-2.elasticbeanstalk.com/video-center#upload-video',	'2018-03-22 11:32:24',	'2018-03-22 11:32:48',	2,	'2018-03-22',	1,	'step 3',	1,	0,	0),
(739,	171,	155,	'fdsfsd',	'http://educare.inreact-um-esi.us-east-2.elasticbeanstalk.com/video-center#upload-video',	'2018-03-23 13:20:14',	'2018-03-23 13:24:52',	3,	'2018-03-23',	1,	'dsfsdfsd',	1,	0,	0),
(740,	177,	155,	'fdsfsdf',	'http://educare.inreact-um-esi.us-east-2.elasticbeanstalk.com/video-center#upload-video',	'2018-03-23 13:25:10',	'2018-03-23 13:25:16',	1,	'2018-03-23',	1,	'dsfsdfsd',	1,	0,	0),
(741,	178,	1,	'fsdfsdf',	'http://educare.inreact-um-esi.us-east-2.elasticbeanstalk.com/video-center#upload-video',	'2018-03-23 13:26:27',	'2018-03-23 13:26:34',	1,	'2018-03-23',	1,	'dfsdfs',	1,	0,	0),
(742,	178,	1,	'fsdfsdf',	'http://educare.inreact-um-esi.us-east-2.elasticbeanstalk.com/resources#upload-document',	'2018-03-23 13:27:03',	'2018-03-23 13:27:11',	2,	'2018-03-23',	2,	'sdfsdfsd',	1,	0,	0),
(743,	179,	1,	'1',	'http://educare.inreact-um-esi.us-east-2.elasticbeanstalk.com/video-center#upload-video',	'2018-03-23 13:30:49',	'2018-03-23 13:31:28',	1,	'2018-03-23',	1,	'sdasdasd',	1,	0,	0),
(744,	179,	1,	'2',	'http://educare.inreact-um-esi.us-east-2.elasticbeanstalk.com/video-center#upload-video',	'2018-03-23 13:30:57',	'2018-03-23 13:31:24',	2,	'2018-03-23',	1,	'sdasda',	1,	0,	0),
(745,	179,	1,	'3',	'http://educare.inreact-um-esi.us-east-2.elasticbeanstalk.com/video-center#upload-video',	'2018-03-23 13:31:05',	'2018-03-23 13:31:20',	3,	'2018-03-23',	1,	'asdasdas',	1,	0,	0),
(746,	179,	1,	'4',	'http://educare.inreact-um-esi.us-east-2.elasticbeanstalk.com/video-center#upload-video',	'2018-03-23 13:31:57',	'2018-03-23 13:32:09',	4,	'2018-03-23',	1,	'dfsdf',	1,	0,	0),
(747,	179,	1,	'5',	'http://educare.inreact-um-esi.us-east-2.elasticbeanstalk.com/video-center#upload-video',	'2018-03-23 13:32:32',	'2018-03-23 13:32:41',	5,	'2018-03-23',	1,	'sdsds',	1,	0,	0),
(748,	179,	1,	'6',	'http://educare.inreact-um-esi.us-east-2.elasticbeanstalk.com/video-center#upload-video',	'2018-03-23 13:32:42',	'2018-03-23 13:32:54',	6,	'2018-03-23',	1,	'dasdasd',	1,	0,	0),
(749,	180,	1,	'1',	'http://educare.inreact-um-esi.us-east-2.elasticbeanstalk.com/video-center#upload-video',	'2018-03-23 13:34:50',	'2018-03-23 13:34:58',	1,	'2018-03-23',	1,	'adsdad',	1,	0,	0),
(750,	180,	1,	'2',	'http://educare.inreact-um-esi.us-east-2.elasticbeanstalk.com/video-center#upload-video',	'2018-03-23 13:34:59',	'2018-03-26 15:27:51',	2,	'2018-03-23',	1,	'dasdasd',	1,	0,	0),
(751,	180,	1,	'3',	'http://educare.inreact-um-esi.us-east-2.elasticbeanstalk.com/video-center#upload-video',	'2018-03-23 13:35:08',	'2018-03-26 15:27:50',	3,	'2018-03-23',	1,	'dasdas',	1,	0,	0),
(768,	182,	1,	'sdasdas',	'http://educare.inreact-um-esi.us-east-2.elasticbeanstalk.com/video-center#upload-video',	'2018-03-27 11:21:00',	'2018-03-27 11:21:35',	1,	'2030-01-11',	1,	'sadasd',	1,	0,	0),
(771,	183,	1,	'View Video',	'http://educare.inreact-um-esi.us-east-2.elasticbeanstalk.com/video-center/341',	'2018-03-28 10:12:54',	'2018-03-28 10:15:35',	1,	'2018-03-31',	8,	'View this vdeo',	154,	0,	0),
(772,	183,	1,	'Annotate Video',	'http://educare.inreact-um-esi.us-east-2.elasticbeanstalk.com/video-center/340',	'2018-03-28 10:15:37',	'2018-03-28 10:16:03',	2,	'2018-03-31',	5,	'Annotate this video',	154,	0,	0),
(773,	183,	1,	'Watch Another Video',	'http://educare.inreact-um-esi.us-east-2.elasticbeanstalk.com/video-center#upload-video',	'2018-03-28 10:16:20',	'2018-03-28 10:16:37',	3,	'2018-04-04',	1,	'Do it',	154,	0,	0),
(787,	185,	155,	'Ffrddxd',	'http://educare.inreact-um-esi.us-east-2.elasticbeanstalk.com/video-center#upload-video',	'2018-04-09 09:53:37',	'2018-04-09 09:55:36',	1,	'2018-09-07',	1,	'Vvhhvv',	0,	0,	0),
(803,	184,	1,	'fwefw',	'http://educare.inreact-um-esi.us-east-2.elasticbeanstalk.com/video-center#upload-video',	'2018-04-09 10:46:02',	'2018-04-09 10:46:13',	1,	'2018-04-18',	1,	'ewfwef',	1,	0,	0),
(804,	192,	155,	'Djdkdj',	'http://educare.inreact-um-esi.us-east-2.elasticbeanstalk.com/video-center#upload-video',	'2018-04-09 10:47:36',	'2018-04-09 10:54:50',	2,	'2018-07-21',	1,	'Dbdnnddsbz',	1,	0,	0),
(805,	191,	1,	'Mo',	'http://educare.inreact-um-esi.us-east-2.elasticbeanstalk.com/video-center#upload-video',	'2018-04-09 10:47:37',	'2018-04-09 10:55:02',	3,	'2018-04-09',	1,	'Hi',	7,	0,	0),
(806,	192,	155,	'Step 2',	'http://educare.inreact-um-esi.us-east-2.elasticbeanstalk.com/video-center#upload-video',	'2018-04-09 10:50:26',	'2018-04-09 10:54:43',	1,	'2018-04-14',	1,	'Bbvv',	1,	0,	0),
(807,	191,	1,	'2',	'http://educare.inreact-um-esi.us-east-2.elasticbeanstalk.com/video-center#upload-video',	'2018-04-09 10:50:26',	'2018-04-09 10:54:57',	1,	'2018-04-10',	1,	'Ok',	2,	0,	0),
(808,	191,	1,	'3',	'http://educare.inreact-um-esi.us-east-2.elasticbeanstalk.com/video-center#upload-video',	'2018-04-09 10:51:45',	'2018-04-09 10:54:59',	2,	'2018-04-11',	1,	'Chi',	2,	0,	0),
(811,	194,	155,	'Didsssjsja',	'http://educare.inreact-um-esi.us-east-2.elasticbeanstalk.com/video-center#upload-video',	'2018-04-10 07:17:00',	'2018-04-10 07:18:17',	1,	'2018-04-27',	1,	'Hbhhhsss',	154,	0,	0),
(812,	194,	155,	'Usnsnsns poem',	'http://educare.inreact-um-esi.us-east-2.elasticbeanstalk.com/resources#upload-document',	'2018-04-10 07:18:21',	'2018-04-10 07:19:10',	2,	'2018-04-27',	2,	'Leeeelllaa',	154,	0,	0),
(814,	195,	154,	'New task',	'http://educare.inreact-um-esi.us-east-2.elasticbeanstalk.com/video-center#upload-video',	'2018-04-10 07:39:27',	'2018-04-10 07:40:22',	1,	'2018-04-10',	1,	'Idk',	1,	0,	0),
(815,	195,	154,	'The new new',	'http://educare.inreact-um-esi.us-east-2.elasticbeanstalk.com/progress-bars#create-pb',	'2018-04-10 07:45:08',	'2018-04-10 07:45:41',	2,	'2018-04-10',	4,	'Idk pt. 2',	1,	0,	0),
(816,	195,	154,	'NEW new new',	'http://educare.inreact-um-esi.us-east-2.elasticbeanstalk.com/resources#upload-resource',	'2018-04-10 07:46:59',	'2018-04-10 07:47:46',	3,	'2018-04-10',	3,	'Ayyy',	1,	0,	0),
(823,	197,	1,	'werwe',	'http://educare.inreact-um-esi.us-east-2.elasticbeanstalk.com/video-center/343',	'2018-04-10 11:41:05',	'2018-04-10 11:41:21',	1,	'2018-04-11',	11,	'rwerwe',	1,	0,	0),
(825,	197,	1,	'supercalifragilisticexpia supercalifragilisticexsssspiassss',	'http://educare.inreact-um-esi.us-east-2.elasticbeanstalk.com/progress-bars#create-pb',	'2018-04-10 11:41:35',	'2018-04-10 12:13:20',	2,	'2018-04-06',	4,	'asdfasd',	1,	0,	0),
(829,	199,	1,	'asdasd',	'http://educare.inreact-um-esi.us-east-2.elasticbeanstalk.com/instructional-design/18',	'2018-04-10 15:23:54',	'2018-04-10 15:24:24',	2,	'2018-04-12',	13,	'asdasdas',	1,	0,	0),
(830,	200,	155,	'Sjsnsbs',	'http://educare.inreact-um-esi.us-east-2.elasticbeanstalk.com/video-center#upload-video',	'2018-04-11 08:38:08',	'2018-04-11 09:52:35',	2,	'2018-04-14',	1,	'Snsnnsnd',	1,	0,	0),
(831,	200,	155,	'Sjsbsn',	'http://educare.inreact-um-esi.us-east-2.elasticbeanstalk.com/resources#upload-document',	'2018-04-11 08:38:37',	'2018-04-11 09:52:31',	1,	'2018-04-21',	2,	'Wksknsnddn',	1,	0,	0),
(834,	201,	1,	'New',	'http://educare.inreact-um-esi.us-east-2.elasticbeanstalk.com/video-center#upload-video',	'2018-04-11 09:52:33',	'2018-04-11 09:53:11',	1,	'2018-04-11',	1,	'G',	1,	0,	0),
(835,	186,	155,	'Bsjdbddb',	'http://educare.inreact-um-esi.us-east-2.elasticbeanstalk.com/video-center#upload-video',	'2018-04-11 09:57:31',	'2018-04-11 09:57:53',	1,	'2018-04-28',	1,	'Dnnddndn',	1,	0,	0),
(838,	200,	1,	'New task',	'http://educare.inreact-um-esi.us-east-2.elasticbeanstalk.com/video-center#upload-video',	'2018-04-11 11:07:16',	'2018-04-11 11:07:29',	3,	'2018-04-19',	1,	'Task',	1,	0,	0),
(839,	202,	1,	'Task for Raymond',	'http://educare.inreact-um-esi.us-east-2.elasticbeanstalk.com/video-center#upload-video',	'2018-04-11 11:21:14',	'2018-04-11 11:21:39',	1,	'2018-04-20',	1,	'Test',	149,	0,	0),
(840,	202,	1,	'Second Progress Bar',	'http://educare.inreact-um-esi.us-east-2.elasticbeanstalk.com/video-center#upload-video',	'2018-04-11 11:23:17',	'2018-04-11 11:23:42',	2,	'2018-04-11',	1,	'hi',	1,	0,	0),
(841,	202,	1,	'Three',	'http://educare.inreact-um-esi.us-east-2.elasticbeanstalk.com/video-center#upload-video',	'2018-04-11 11:23:44',	'2018-04-11 11:24:02',	3,	'2018-04-11',	1,	'lllll',	1,	0,	0),
(845,	202,	1,	'Neeeeeeewwww',	'http://educare.inreact-um-esi.us-east-2.elasticbeanstalk.com/video-center#upload-video',	'2018-04-11 11:26:19',	'2018-04-11 11:27:09',	4,	'2018-04-11',	1,	'h',	1,	0,	0),
(847,	202,	1,	'OOOOO',	'http://educare.inreact-um-esi.us-east-2.elasticbeanstalk.com/video-center#upload-video',	'2018-04-11 11:27:19',	'2018-04-11 11:27:40',	5,	'2018-04-11',	1,	'g',	1,	0,	0),
(848,	202,	1,	'LLLLL',	'http://educare.inreact-um-esi.us-east-2.elasticbeanstalk.com/video-center#upload-video',	'2018-04-11 11:27:46',	'2018-04-11 11:28:08',	6,	'2018-04-11',	1,	'kjbfkqb',	1,	0,	0),
(849,	203,	1,	'For Raymond 2',	'http://educare.inreact-um-esi.us-east-2.elasticbeanstalk.com/video-center#upload-video',	'2018-04-11 11:28:55',	'2018-04-11 11:29:12',	1,	'2018-04-12',	1,	'ddd',	149,	0,	0),
(850,	203,	1,	'For R 3',	'http://educare.inreact-um-esi.us-east-2.elasticbeanstalk.com/video-center#upload-video',	'2018-04-11 11:30:41',	'2018-04-11 12:07:15',	2,	'2018-04-17',	1,	'3',	149,	0,	0),
(851,	204,	1,	'Nameee',	'http://educare.inreact-um-esi.us-east-2.elasticbeanstalk.com/video-center#upload-video',	'2018-04-11 11:42:10',	'2018-04-11 11:42:27',	1,	'2018-04-11',	1,	'jjjjjj',	1,	0,	0),
(855,	207,	155,	'New Progress Bar',	'http://educare.inreact-um-esi.us-east-2.elasticbeanstalk.com/video-center#upload-video',	'2018-04-11 11:49:59',	'2018-04-11 11:50:57',	1,	'2018-04-11',	1,	'k',	1,	0,	0),
(857,	207,	155,	'Second Task',	'http://educare.inreact-um-esi.us-east-2.elasticbeanstalk.com/video-center#upload-video',	'2018-04-11 11:51:32',	'2018-04-11 11:51:48',	2,	'2018-04-11',	1,	'new new',	1,	0,	0),
(858,	207,	155,	'MT',	'http://educare.inreact-um-esi.us-east-2.elasticbeanstalk.com/video-center#upload-video',	'2018-04-11 11:51:51',	'2018-04-11 11:53:34',	3,	'2018-04-11',	1,	'new',	1,	0,	0),
(859,	207,	155,	'This is going to be a really long progress bar title',	'http://educare.inreact-um-esi.us-east-2.elasticbeanstalk.com/video-center#upload-video',	'2018-04-11 11:56:33',	'2018-04-11 11:57:07',	4,	'2018-04-11',	1,	'h',	1,	0,	0),
(860,	207,	155,	'name',	'http://educare.inreact-um-esi.us-east-2.elasticbeanstalk.com/video-center#upload-video',	'2018-04-11 12:05:32',	'2018-04-11 12:05:56',	5,	'2018-04-11',	1,	'ooooo',	1,	0,	0),
(863,	208,	155,	'Upload Video',	'http://educare.inreact-um-esi.us-east-2.elasticbeanstalk.com/video-center#upload-video',	'2018-04-11 12:10:12',	'2018-04-11 12:10:31',	1,	'2018-04-11',	1,	'description',	1,	0,	0),
(865,	208,	1,	'Upload Document',	'http://educare.inreact-um-esi.us-east-2.elasticbeanstalk.com/resources#upload-document',	'2018-04-11 12:17:23',	'2018-04-11 12:17:44',	2,	'2018-04-11',	2,	'hhhhh',	1,	0,	0),
(867,	208,	1,	'Upload Resource',	'http://educare.inreact-um-esi.us-east-2.elasticbeanstalk.com/resources#upload-resource',	'2018-04-11 12:22:12',	'2018-04-12 12:19:44',	3,	'2018-04-11',	3,	'description',	1,	0,	0),
(870,	208,	1,	'Create Progress Bar',	'http://educare.inreact-um-esi.us-east-2.elasticbeanstalk.com/progress-bars#create-pb',	'2018-04-11 12:25:21',	'2018-04-12 12:30:19',	4,	'2018-04-11',	4,	'hiiii',	1,	0,	0),
(873,	208,	155,	'Annotate a Video',	'http://educare.inreact-um-esi.us-east-2.elasticbeanstalk.com/video-center/251',	'2018-04-11 12:32:26',	'2018-04-12 12:31:20',	5,	'2018-04-11',	5,	'heeeeey',	1,	0,	0),
(877,	208,	1,	'Create Discussion',	'http://educare.inreact-um-esi.us-east-2.elasticbeanstalk.com/instructional-design/14',	'2018-04-11 12:47:02',	'2018-04-12 12:45:55',	6,	'2018-04-11',	6,	'bjbojqneo',	1,	0,	0),
(878,	208,	1,	'Send Message',	'http://educare.inreact-um-esi.us-east-2.elasticbeanstalk.com/messages#send-message',	'2018-04-11 12:47:56',	'2018-04-12 12:47:26',	7,	'2018-04-11',	7,	'heyyy',	1,	0,	0),
(879,	208,	1,	'Watch Video',	'heyyyy',	'2018-04-11 12:49:43',	'2018-04-12 12:48:22',	8,	'2018-04-11',	8,	'watchhh',	1,	0,	0),
(880,	208,	1,	'View Resource',	'http://educare.inreact-um-esi.us-east-2.elasticbeanstalk.com/resource/63',	'2018-04-11 12:53:10',	'2018-04-13 10:15:27',	9,	'2018-04-11',	9,	'hghghghg',	1,	0,	0),
(882,	208,	1,	'View Message',	'http://educare.inreact-um-esi.us-east-2.elasticbeanstalk.com/messages/131',	'2018-04-11 12:56:32',	'2018-04-13 10:15:35',	10,	'2018-04-11',	10,	'fffffff',	1,	0,	0),
(883,	208,	1,	'Respond to Discussion',	'http://educare.inreact-um-esi.us-east-2.elasticbeanstalk.com/video-center/359?discussionId=171#openDiscussion',	'2018-04-11 12:58:40',	'2018-04-13 10:15:41',	11,	'2018-04-11',	11,	'freee',	1,	0,	0),
(884,	208,	1,	'External Link',	'yahoo.com',	'2018-04-11 12:59:21',	'2018-04-13 10:15:46',	12,	'2018-04-11',	12,	'ex',	1,	1,	0),
(885,	208,	1,	'View Document',	'http://educare.inreact-um-esi.us-east-2.elasticbeanstalk.com/instructional-design/22',	'2018-04-11 13:00:00',	'2018-04-13 10:15:52',	13,	'2018-04-11',	13,	'viewwww',	1,	0,	0),
(886,	209,	155,	'R1',	'http://educare.inreact-um-esi.us-east-2.elasticbeanstalk.com/video-center#upload-video',	'2018-04-12 10:31:09',	'2018-04-12 10:31:26',	1,	'2018-04-20',	1,	'x',	1,	0,	0),
(887,	209,	155,	'R2',	'http://educare.inreact-um-esi.us-east-2.elasticbeanstalk.com/video-center#upload-video',	'2018-04-12 10:31:41',	'2018-04-12 10:32:01',	1,	'2018-04-03',	1,	'e',	1,	0,	0),
(893,	210,	1,	'Annotate Videoooo',	'http://educare.inreact-um-esi.us-east-2.elasticbeanstalk.com/video-center/356',	'2018-04-16 10:07:22',	'2018-04-16 10:12:27',	1,	'2018-04-16',	5,	'annnnnn',	1,	0,	0),
(894,	211,	155,	'Watch Video',	'http://educare.inreact-um-esi.us-east-2.elasticbeanstalk.com/video-center/130',	'2018-04-16 10:24:16',	'2018-04-16 10:25:11',	1,	'2018-04-16',	8,	'Video',	0,	0,	0),
(895,	215,	155,	'1 UV',	'http://educare.inreact-um-esi.us-east-2.elasticbeanstalk.com/video-center#upload-video',	'2018-04-16 10:52:51',	'2018-04-16 10:59:17',	1,	'2018-04-21',	1,	'fffff',	154,	0,	0),
(897,	215,	155,	'2 UD',	'http://educare.inreact-um-esi.us-east-2.elasticbeanstalk.com/resources#upload-document',	'2018-04-16 10:59:41',	'2018-04-16 11:00:02',	2,	'2018-04-28',	2,	'fesfae',	154,	0,	0),
(899,	215,	155,	'3 UR',	'http://educare.inreact-um-esi.us-east-2.elasticbeanstalk.com/resources#upload-resource',	'2018-04-16 11:03:17',	'2018-04-16 11:04:15',	3,	'2018-04-28',	3,	'fedswfaew',	154,	0,	0),
(900,	215,	155,	'',	'',	'2018-04-16 11:04:46',	'2018-04-16 11:04:46',	4,	NULL,	0,	'',	0,	0,	0),
(901,	215,	155,	'',	'',	'2018-04-16 11:04:56',	'2018-04-16 11:04:56',	4,	NULL,	0,	'',	0,	0,	0),
(902,	215,	155,	'',	'',	'2018-04-16 11:06:27',	'2018-04-16 11:06:27',	4,	NULL,	0,	'',	0,	0,	0),
(903,	215,	155,	'',	'',	'2018-04-16 11:06:36',	'2018-04-16 11:06:36',	4,	NULL,	0,	'',	0,	0,	0),
(904,	215,	155,	'',	'',	'2018-04-16 11:06:58',	'2018-04-16 11:06:58',	4,	NULL,	0,	'',	0,	0,	0);

DROP TABLE IF EXISTS `esi_progress_bar_step_progresses`;
CREATE TABLE `esi_progress_bar_step_progresses` (
  `id` int(10) unsigned NOT NULL AUTO_INCREMENT,
  `progress_bar_step_id` int(11) NOT NULL,
  `participant_id` int(11) NOT NULL,
  `completed` int(11) NOT NULL DEFAULT '0',
  `created_at` timestamp NULL DEFAULT NULL,
  `updated_at` timestamp NULL DEFAULT NULL,
  PRIMARY KEY (`id`)
) ENGINE=InnoDB DEFAULT CHARSET=utf8 COLLATE=utf8_unicode_ci;

INSERT INTO `esi_progress_bar_step_progresses` (`id`, `progress_bar_step_id`, `participant_id`, `completed`, `created_at`, `updated_at`) VALUES
(1,	0,	149,	1,	'2017-07-15 04:29:33',	'2017-07-15 04:29:33'),
(2,	0,	149,	1,	'2017-07-15 04:31:11',	'2017-07-15 04:31:11'),
(3,	0,	149,	1,	'2017-07-15 04:32:03',	'2017-07-15 04:32:03'),
(4,	0,	149,	1,	'2017-07-15 04:32:18',	'2017-07-15 04:32:18'),
(5,	0,	149,	1,	'2017-07-15 04:33:37',	'2017-07-15 04:33:37'),
(6,	0,	149,	1,	'2017-07-15 04:35:25',	'2017-07-15 04:35:25'),
(7,	0,	149,	1,	'2017-07-15 04:35:33',	'2017-07-15 04:35:33'),
(8,	0,	149,	1,	'2017-07-15 04:36:13',	'2017-07-15 04:36:13'),
(9,	0,	149,	1,	'2017-07-15 04:37:54',	'2017-07-15 04:37:54'),
(10,	3,	149,	1,	'2017-07-15 04:40:26',	'2017-07-15 04:40:26'),
(11,	4,	149,	1,	'2017-07-15 04:41:07',	'2017-07-15 04:41:07'),
(12,	5,	1,	1,	'2017-07-21 02:57:14',	'2017-07-21 02:57:14'),
(13,	7,	1,	1,	'2017-07-21 14:53:36',	'2017-07-21 14:53:36'),
(14,	9,	1,	1,	'2017-07-21 15:12:43',	'2017-07-21 15:12:43'),
(15,	10,	1,	1,	'2017-07-21 15:13:48',	'2017-07-21 15:13:48'),
(16,	13,	1,	1,	'2017-08-03 09:56:46',	'2017-08-03 09:56:46'),
(17,	11,	1,	1,	'2017-08-03 09:57:05',	'2017-08-03 09:57:05'),
(18,	14,	1,	1,	'2017-08-03 14:24:19',	'2017-08-03 14:24:19'),
(19,	15,	1,	1,	'2017-08-21 16:38:35',	'2017-08-21 16:38:35'),
(20,	155,	154,	1,	'2017-11-10 13:48:07',	'2017-11-10 13:48:07'),
(21,	169,	154,	1,	'2017-11-10 13:48:36',	'2017-11-10 13:48:36'),
(22,	155,	154,	1,	'2017-11-10 13:49:23',	'2017-11-10 13:49:23'),
(23,	150,	154,	1,	'2017-11-14 10:35:18',	'2017-11-14 10:35:18'),
(24,	168,	154,	1,	'2017-11-14 11:00:01',	'2017-11-14 11:00:01'),
(26,	178,	150,	1,	'2017-12-05 15:50:55',	'2017-12-05 15:50:55'),
(27,	178,	149,	1,	'2017-12-05 16:31:00',	'2017-12-05 16:31:00'),
(28,	189,	154,	1,	'2017-12-07 15:22:05',	'2017-12-07 15:22:05'),
(29,	180,	159,	1,	'2017-12-11 10:17:41',	'2017-12-11 10:17:41'),
(30,	92,	155,	1,	'2017-12-11 10:25:20',	'2017-12-11 10:25:20'),
(31,	180,	155,	1,	'2017-12-11 10:26:06',	'2017-12-11 10:26:06'),
(32,	190,	1,	1,	'2017-12-12 19:29:33',	'2017-12-12 19:29:33'),
(33,	191,	1,	1,	'2017-12-14 10:18:10',	'2017-12-14 10:18:10'),
(34,	185,	1,	1,	'2017-12-14 10:18:25',	'2017-12-14 10:18:25'),
(35,	184,	1,	1,	'2017-12-14 10:18:33',	'2017-12-14 10:18:33'),
(36,	192,	1,	1,	'2017-12-14 10:18:57',	'2017-12-14 10:18:57'),
(37,	221,	1,	1,	'2017-12-19 18:46:20',	'2017-12-19 18:46:20'),
(38,	223,	1,	1,	'2017-12-19 18:46:37',	'2017-12-19 18:46:37'),
(39,	224,	154,	1,	'2017-12-20 10:12:44',	'2017-12-20 10:12:44'),
(40,	222,	1,	1,	'2017-12-20 10:13:17',	'2017-12-20 10:13:17'),
(41,	225,	154,	1,	'2017-12-20 10:20:35',	'2017-12-20 10:20:35'),
(42,	225,	159,	1,	'2017-12-20 10:21:06',	'2017-12-20 10:21:06'),
(43,	231,	1,	1,	'2017-12-20 16:01:22',	'2017-12-20 16:01:22'),
(44,	247,	1,	1,	'2017-12-21 14:28:20',	'2017-12-21 14:28:20'),
(45,	248,	149,	1,	'2018-01-02 11:38:29',	'2018-01-02 11:38:29'),
(46,	252,	1,	1,	'2018-01-02 14:22:41',	'2018-01-02 14:22:41'),
(47,	253,	1,	1,	'2018-01-02 14:23:30',	'2018-01-02 14:23:30'),
(48,	254,	1,	1,	'2018-01-02 14:24:48',	'2018-01-02 14:24:48'),
(49,	251,	1,	1,	'2018-01-02 14:25:02',	'2018-01-02 14:25:02'),
(50,	255,	1,	1,	'2018-01-02 14:25:16',	'2018-01-02 14:25:16'),
(51,	274,	154,	1,	'2018-01-04 11:01:40',	'2018-01-04 11:01:40'),
(52,	275,	154,	1,	'2018-01-04 11:01:47',	'2018-01-04 11:01:47'),
(53,	280,	1,	1,	'2018-01-04 11:03:31',	'2018-01-04 11:03:31'),
(54,	297,	1,	1,	'2018-01-04 11:48:54',	'2018-01-04 11:48:54'),
(55,	296,	1,	1,	'2018-01-04 11:56:35',	'2018-01-04 11:56:35'),
(56,	298,	1,	1,	'2018-01-04 12:34:45',	'2018-01-04 12:34:45'),
(57,	382,	149,	1,	'2018-01-17 16:21:48',	'2018-01-17 16:21:48'),
(58,	383,	1,	1,	'2018-01-18 12:48:45',	'2018-01-18 12:48:45'),
(59,	384,	1,	1,	'2018-01-18 12:48:49',	'2018-01-18 12:48:49'),
(60,	393,	1,	1,	'2018-01-18 16:14:39',	'2018-01-18 16:14:39'),
(61,	394,	1,	1,	'2018-01-18 16:15:03',	'2018-01-18 16:15:03'),
(62,	396,	1,	1,	'2018-01-18 16:20:41',	'2018-01-18 16:20:41'),
(63,	397,	1,	1,	'2018-01-18 16:20:45',	'2018-01-18 16:20:45'),
(64,	398,	1,	1,	'2018-01-18 16:20:48',	'2018-01-18 16:20:48'),
(65,	399,	1,	1,	'2018-01-18 16:22:58',	'2018-01-18 16:22:58'),
(66,	400,	1,	1,	'2018-01-19 12:43:05',	'2018-01-19 12:43:05'),
(67,	401,	1,	1,	'2018-01-19 15:44:25',	'2018-01-19 15:44:25'),
(68,	407,	1,	1,	'2018-01-19 15:45:10',	'2018-01-19 15:45:10'),
(69,	422,	1,	1,	'2018-01-22 16:19:16',	'2018-01-22 16:19:16'),
(70,	423,	1,	1,	'2018-01-22 16:19:20',	'2018-01-22 16:19:20'),
(71,	435,	1,	1,	'2018-01-23 11:04:38',	'2018-01-23 11:04:38'),
(72,	453,	1,	1,	'2018-01-24 16:27:33',	'2018-01-24 16:27:33'),
(73,	454,	1,	1,	'2018-01-24 16:28:14',	'2018-01-24 16:28:14'),
(74,	455,	1,	1,	'2018-01-24 16:29:19',	'2018-01-24 16:29:19'),
(75,	456,	1,	1,	'2018-01-24 16:29:44',	'2018-01-24 16:29:44'),
(76,	457,	1,	1,	'2018-01-24 16:29:58',	'2018-01-24 16:29:58'),
(77,	459,	1,	1,	'2018-01-24 16:32:53',	'2018-01-24 16:32:53'),
(78,	460,	1,	1,	'2018-01-24 16:33:05',	'2018-01-24 16:33:05'),
(79,	441,	1,	1,	'2018-01-24 16:39:26',	'2018-01-24 16:39:26'),
(80,	441,	1,	1,	'2018-01-24 16:39:56',	'2018-01-24 16:39:56'),
(81,	441,	1,	1,	'2018-01-24 16:40:26',	'2018-01-24 16:40:26'),
(82,	441,	1,	1,	'2018-01-24 16:40:49',	'2018-01-24 16:40:49'),
(83,	461,	1,	1,	'2018-01-24 16:41:33',	'2018-01-24 16:41:33'),
(84,	441,	1,	1,	'2018-01-24 16:41:34',	'2018-01-24 16:41:34'),
(85,	441,	1,	1,	'2018-01-24 16:41:37',	'2018-01-24 16:41:37'),
(86,	441,	1,	1,	'2018-01-24 16:41:47',	'2018-01-24 16:41:47'),
(87,	461,	1,	1,	'2018-01-24 16:42:09',	'2018-01-24 16:42:09'),
(88,	462,	1,	1,	'2018-01-24 16:42:33',	'2018-01-24 16:42:33'),
(89,	464,	1,	1,	'2018-01-24 16:42:45',	'2018-01-24 16:42:45'),
(90,	465,	1,	1,	'2018-01-24 16:42:58',	'2018-01-24 16:42:58'),
(91,	466,	1,	1,	'2018-01-24 16:43:09',	'2018-01-24 16:43:09'),
(92,	467,	1,	1,	'2018-01-24 16:43:29',	'2018-01-24 16:43:29'),
(93,	472,	1,	1,	'2018-01-25 10:59:47',	'2018-01-25 10:59:47'),
(94,	489,	1,	1,	'2018-01-25 11:23:06',	'2018-01-25 11:23:06'),
(95,	487,	1,	1,	'2018-01-25 11:56:33',	'2018-01-25 11:56:33'),
(96,	495,	149,	0,	'2018-01-25 15:48:54',	'2018-01-25 15:48:54'),
(97,	495,	149,	0,	'2018-01-25 16:06:13',	'2018-01-25 16:06:13'),
(98,	495,	149,	0,	'2018-01-25 16:06:36',	'2018-01-25 16:06:36'),
(99,	495,	149,	0,	'2018-01-25 16:07:06',	'2018-01-25 16:07:06'),
(100,	495,	149,	0,	'2018-01-25 16:08:11',	'2018-01-25 16:08:11'),
(101,	495,	149,	0,	'2018-01-25 16:08:30',	'2018-01-25 16:08:30'),
(102,	495,	149,	0,	'2018-01-25 16:09:38',	'2018-01-25 16:09:38'),
(103,	495,	149,	0,	'2018-01-25 16:10:17',	'2018-01-25 16:10:17'),
(104,	495,	149,	0,	'2018-01-25 16:10:41',	'2018-01-25 16:10:41'),
(105,	495,	149,	0,	'2018-01-25 16:11:57',	'2018-01-25 16:11:57'),
(106,	495,	149,	0,	'2018-01-25 16:13:29',	'2018-01-25 16:13:29'),
(107,	495,	149,	0,	'2018-01-25 16:13:46',	'2018-01-25 16:13:46'),
(108,	585,	1,	1,	'2018-01-29 13:50:45',	'2018-01-29 13:50:45'),
(109,	586,	1,	1,	'2018-01-29 13:50:49',	'2018-01-29 13:50:49'),
(110,	589,	1,	1,	'2018-01-30 12:52:06',	'2018-01-30 12:52:06'),
(111,	590,	1,	1,	'2018-01-30 12:52:20',	'2018-01-30 12:52:20'),
(112,	592,	1,	1,	'2018-01-30 13:09:15',	'2018-01-30 13:09:15'),
(113,	601,	1,	1,	'2018-01-30 15:06:29',	'2018-01-30 15:06:29'),
(114,	602,	1,	0,	'2018-01-30 15:06:33',	'2018-01-30 15:06:33'),
(115,	602,	1,	1,	'2018-01-30 15:08:45',	'2018-01-30 15:08:45'),
(116,	609,	1,	1,	'2018-01-30 15:22:04',	'2018-01-30 15:22:04'),
(117,	608,	1,	1,	'2018-01-30 15:26:57',	'2018-01-30 15:26:57'),
(118,	607,	1,	0,	'2018-01-31 07:28:44',	'2018-01-31 07:28:44'),
(119,	607,	1,	0,	'2018-01-31 07:30:59',	'2018-01-31 07:30:59'),
(120,	607,	1,	0,	'2018-01-31 07:32:12',	'2018-01-31 07:32:12'),
(121,	607,	1,	0,	'2018-01-31 07:33:40',	'2018-01-31 07:33:40'),
(122,	607,	1,	1,	'2018-01-31 07:57:19',	'2018-01-31 07:57:19'),
(123,	616,	1,	0,	'2018-02-02 08:42:16',	'2018-02-02 08:42:16'),
(124,	616,	1,	0,	'2018-02-02 08:44:32',	'2018-02-02 08:44:32'),
(125,	621,	1,	0,	'2018-02-02 08:44:45',	'2018-02-02 08:44:45'),
(126,	632,	1,	1,	'2018-02-14 14:40:22',	'2018-02-14 14:40:22'),
(127,	633,	1,	1,	'2018-02-14 14:40:26',	'2018-02-14 14:40:26'),
(128,	634,	1,	1,	'2018-02-14 14:41:54',	'2018-02-14 14:41:54'),
(129,	642,	1,	0,	'2018-02-26 11:45:55',	'2018-02-26 11:45:55'),
(130,	642,	1,	1,	'2018-02-26 13:32:45',	'2018-02-26 13:32:45'),
(131,	662,	1,	1,	'2018-03-01 16:00:10',	'2018-03-01 16:00:10'),
(132,	674,	1,	1,	'2018-03-08 15:00:34',	'2018-03-08 15:00:34'),
(133,	675,	1,	1,	'2018-03-08 15:00:37',	'2018-03-08 15:00:37'),
(134,	658,	1,	1,	'2018-03-15 20:19:05',	'2018-03-15 20:19:05'),
(135,	677,	1,	0,	'2018-03-16 07:38:46',	'2018-03-16 07:38:46'),
(136,	677,	1,	0,	'2018-03-16 08:23:41',	'2018-03-16 08:23:41'),
(137,	677,	1,	1,	'2018-03-16 08:37:23',	'2018-03-16 08:37:23'),
(138,	677,	1,	0,	'2018-03-16 08:47:15',	'2018-03-16 08:47:15'),
(139,	689,	1,	1,	'2018-03-20 09:25:43',	'2018-03-20 09:25:43'),
(140,	690,	1,	1,	'2018-03-20 09:25:46',	'2018-03-20 09:25:46'),
(141,	691,	1,	1,	'2018-03-20 09:25:50',	'2018-03-20 09:25:50'),
(142,	692,	1,	0,	'2018-03-20 09:25:56',	'2018-03-20 09:25:56'),
(143,	692,	1,	1,	'2018-03-20 09:26:36',	'2018-03-20 09:26:36'),
(144,	694,	1,	0,	'2018-03-20 09:29:03',	'2018-03-20 09:29:03'),
(145,	694,	1,	1,	'2018-03-20 09:30:03',	'2018-03-20 09:30:03'),
(146,	698,	1,	0,	'2018-03-20 09:39:08',	'2018-03-20 09:39:08'),
(147,	698,	1,	1,	'2018-03-20 09:39:18',	'2018-03-20 09:39:18'),
(148,	699,	1,	0,	'2018-03-20 09:39:47',	'2018-03-20 09:39:47'),
(149,	701,	1,	1,	'2018-03-20 09:40:13',	'2018-03-20 09:40:13'),
(150,	702,	1,	0,	'2018-03-20 09:40:46',	'2018-03-20 09:40:46'),
(151,	703,	1,	0,	'2018-03-20 09:41:02',	'2018-03-20 09:41:02'),
(152,	704,	1,	0,	'2018-03-20 09:41:33',	'2018-03-20 09:41:33'),
(153,	705,	1,	0,	'2018-03-20 09:41:52',	'2018-03-20 09:41:52'),
(154,	706,	1,	0,	'2018-03-20 09:42:07',	'2018-03-20 09:42:07'),
(155,	707,	1,	0,	'2018-03-20 09:42:22',	'2018-03-20 09:42:22'),
(156,	708,	1,	0,	'2018-03-20 09:42:52',	'2018-03-20 09:42:52'),
(157,	711,	1,	0,	'2018-03-20 09:46:34',	'2018-03-20 09:46:34'),
(158,	709,	1,	0,	'2018-03-20 09:47:03',	'2018-03-20 09:47:03'),
(159,	710,	1,	0,	'2018-03-20 09:47:22',	'2018-03-20 09:47:22'),
(160,	718,	1,	0,	'2018-03-20 09:54:51',	'2018-03-20 09:54:51'),
(161,	741,	1,	0,	'2018-03-23 13:26:41',	'2018-03-23 13:26:41'),
(162,	741,	1,	0,	'2018-03-23 13:26:53',	'2018-03-23 13:26:53'),
(163,	741,	1,	1,	'2018-03-23 13:27:18',	'2018-03-23 13:27:18'),
(164,	677,	1,	0,	'2018-03-23 13:38:42',	'2018-03-23 13:38:42'),
(165,	677,	1,	1,	'2018-03-23 13:39:27',	'2018-03-23 13:39:27'),
(166,	677,	1,	0,	'2018-03-23 14:02:11',	'2018-03-23 14:02:11'),
(167,	768,	1,	0,	'2018-03-27 11:21:44',	'2018-03-27 11:21:44'),
(168,	768,	1,	0,	'2018-03-27 11:22:35',	'2018-03-27 11:22:35'),
(169,	768,	1,	0,	'2018-03-27 11:22:41',	'2018-03-27 11:22:41'),
(170,	771,	154,	1,	'2018-03-28 10:42:38',	'2018-03-28 10:42:38'),
(171,	772,	154,	1,	'2018-03-28 10:42:46',	'2018-03-28 10:42:46'),
(172,	773,	154,	1,	'2018-03-28 10:42:49',	'2018-03-28 10:42:49'),
(173,	774,	1,	1,	'2018-03-28 10:51:28',	'2018-03-28 10:51:28'),
(174,	775,	154,	1,	'2018-03-28 10:51:37',	'2018-03-28 10:51:37'),
(175,	776,	1,	1,	'2018-03-28 10:51:54',	'2018-03-28 10:51:54'),
(176,	743,	1,	1,	'2018-04-03 13:52:33',	'2018-04-03 13:52:33'),
(177,	695,	1,	1,	'2018-04-05 08:55:14',	'2018-04-05 08:55:14'),
(178,	735,	1,	1,	'2018-04-05 09:52:30',	'2018-04-05 09:52:30'),
(179,	829,	1,	0,	'2018-04-10 15:24:36',	'2018-04-10 15:24:36'),
(180,	863,	1,	0,	'2018-04-11 12:15:34',	'2018-04-11 12:15:34'),
(181,	863,	1,	0,	'2018-04-12 12:17:40',	'2018-04-12 12:17:40'),
(182,	863,	1,	1,	'2018-04-12 12:18:44',	'2018-04-12 12:18:44'),
(183,	865,	1,	0,	'2018-04-12 12:19:11',	'2018-04-12 12:19:11'),
(184,	865,	1,	1,	'2018-04-12 12:19:28',	'2018-04-12 12:19:28'),
(185,	867,	1,	0,	'2018-04-12 12:20:53',	'2018-04-12 12:20:53'),
(186,	867,	1,	1,	'2018-04-12 12:29:57',	'2018-04-12 12:29:57'),
(187,	870,	1,	0,	'2018-04-12 12:30:31',	'2018-04-12 12:30:31'),
(188,	870,	1,	1,	'2018-04-12 12:31:04',	'2018-04-12 12:31:04'),
(189,	873,	1,	0,	'2018-04-12 12:31:42',	'2018-04-12 12:31:42'),
(190,	873,	1,	0,	'2018-04-12 12:32:20',	'2018-04-12 12:32:20'),
(191,	873,	1,	1,	'2018-04-12 12:32:28',	'2018-04-12 12:32:28'),
(192,	877,	1,	0,	'2018-04-12 12:46:06',	'2018-04-12 12:46:06'),
(193,	877,	1,	0,	'2018-04-12 12:46:51',	'2018-04-12 12:46:51'),
(194,	877,	1,	1,	'2018-04-12 12:46:59',	'2018-04-12 12:46:59'),
(195,	878,	1,	0,	'2018-04-12 12:47:44',	'2018-04-12 12:47:44'),
(196,	878,	1,	1,	'2018-04-12 12:48:00',	'2018-04-12 12:48:00'),
(197,	879,	1,	0,	'2018-04-12 12:48:35',	'2018-04-12 12:48:35'),
(198,	879,	1,	0,	'2018-04-13 10:13:56',	'2018-04-13 10:13:56'),
(199,	879,	1,	1,	'2018-04-13 10:14:50',	'2018-04-13 10:14:50'),
(200,	880,	1,	0,	'2018-04-13 10:16:37',	'2018-04-13 10:16:37'),
(201,	880,	1,	1,	'2018-04-13 10:16:49',	'2018-04-13 10:16:49'),
(202,	882,	1,	0,	'2018-04-13 10:17:53',	'2018-04-13 10:17:53'),
(203,	882,	1,	0,	'2018-04-13 12:53:34',	'2018-04-13 12:53:34'),
(204,	882,	1,	0,	'2018-04-13 12:54:00',	'2018-04-13 12:54:00'),
(205,	882,	1,	1,	'2018-04-13 12:54:16',	'2018-04-13 12:54:16'),
(206,	883,	1,	0,	'2018-04-13 12:54:47',	'2018-04-13 12:54:47'),
(207,	883,	1,	0,	'2018-04-13 13:01:53',	'2018-04-13 13:01:53'),
(208,	883,	1,	1,	'2018-04-13 13:02:01',	'2018-04-13 13:02:01'),
(209,	884,	1,	0,	'2018-04-13 13:02:37',	'2018-04-13 13:02:37'),
(210,	884,	1,	1,	'2018-04-13 13:04:00',	'2018-04-13 13:04:00'),
(211,	885,	1,	0,	'2018-04-13 13:08:59',	'2018-04-13 13:08:59');

DROP TABLE IF EXISTS `esi_progress_bar_step_types`;
CREATE TABLE `esi_progress_bar_step_types` (
  `id` int(10) unsigned NOT NULL AUTO_INCREMENT,
  `name` varchar(255) COLLATE utf8_unicode_ci NOT NULL,
  `created_at` timestamp NULL DEFAULT NULL,
  `updated_at` timestamp NULL DEFAULT NULL,
  PRIMARY KEY (`id`)
) ENGINE=InnoDB DEFAULT CHARSET=utf8 COLLATE=utf8_unicode_ci;

INSERT INTO `esi_progress_bar_step_types` (`id`, `name`, `created_at`, `updated_at`) VALUES
(1,	'Upload Video',	'2017-12-06 20:06:30',	'2017-12-06 20:06:30'),
(2,	'Upload Document',	'2017-12-06 20:06:42',	'2017-12-06 20:06:42'),
(3,	'Upload Resource',	'2017-12-06 20:06:48',	'2017-12-06 20:06:48'),
(4,	'Create Progress Bar',	'2017-12-06 20:06:57',	'2017-12-06 20:06:57'),
(5,	'Annotate a Video',	'2017-12-06 20:07:04',	'2017-12-06 20:07:04'),
(6,	'Create Discussion',	'2017-12-06 20:07:14',	'2017-12-06 20:07:14'),
(7,	'Send Message',	'2017-12-06 20:07:20',	'2017-12-06 20:07:20'),
(8,	'Watch Video',	'2017-12-06 20:07:27',	'2017-12-06 20:07:27'),
(9,	'View Resource',	'2017-12-06 20:07:32',	'2017-12-06 20:07:32'),
(10,	'View Message',	'2017-12-06 20:07:39',	'2017-12-06 20:07:39'),
(11,	'Respond to Discussion',	'2017-12-06 20:07:47',	'2017-12-06 20:07:47'),
(12,	'External Link',	'2017-12-06 20:08:19',	'2017-12-06 20:08:19'),
(13,	'View Document',	'2018-01-29 19:27:29',	'2018-01-29 19:27:29');

DROP TABLE IF EXISTS `esi_recover_requests`;
CREATE TABLE `esi_recover_requests` (
  `id` int(10) unsigned NOT NULL AUTO_INCREMENT,
  `author_id` varchar(255) COLLATE utf8_unicode_ci NOT NULL,
  `object_id` varchar(255) COLLATE utf8_unicode_ci NOT NULL,
  `object_type` varchar(255) COLLATE utf8_unicode_ci NOT NULL,
  `recoverer_id` int(11) NOT NULL,
  `approved` int(11) NOT NULL,
  `created_at` timestamp NULL DEFAULT NULL,
  `updated_at` timestamp NULL DEFAULT NULL,
  PRIMARY KEY (`id`)
) ENGINE=InnoDB DEFAULT CHARSET=utf8 COLLATE=utf8_unicode_ci;

INSERT INTO `esi_recover_requests` (`id`, `author_id`, `object_id`, `object_type`, `recoverer_id`, `approved`, `created_at`, `updated_at`) VALUES
(1,	'149',	'56',	'App\\Video',	1,	1,	'2017-10-12 13:09:28',	'2017-10-12 13:29:07'),
(2,	'149',	'56',	'App\\Video',	0,	0,	'2017-10-12 13:42:07',	'2017-10-12 13:42:07');

DROP TABLE IF EXISTS `esi_resourceables`;
CREATE TABLE `esi_resourceables` (
  `id` int(10) unsigned NOT NULL AUTO_INCREMENT,
  `resource_id` int(10) unsigned NOT NULL,
  `resource_type_id` int(10) unsigned NOT NULL,
  PRIMARY KEY (`id`)
) ENGINE=InnoDB DEFAULT CHARSET=utf8 COLLATE=utf8_unicode_ci;

INSERT INTO `esi_resourceables` (`id`, `resource_id`, `resource_type_id`) VALUES
(1,	1,	9),
(2,	1,	3),
(3,	1,	6),
(6,	3,	8),
(7,	3,	9),
(8,	3,	5),
(9,	3,	6),
(10,	4,	7),
(11,	4,	4),
(12,	5,	8),
(13,	5,	9),
(14,	5,	5),
(15,	5,	6),
(16,	6,	8),
(17,	6,	9),
(18,	7,	9),
(19,	8,	7),
(20,	9,	8),
(21,	9,	9),
(22,	10,	8),
(23,	10,	9),
(26,	12,	9);

DROP TABLE IF EXISTS `esi_resources`;
CREATE TABLE `esi_resources` (
  `id` int(10) unsigned NOT NULL AUTO_INCREMENT,
  `title` varchar(255) COLLATE utf8_unicode_ci NOT NULL,
  `description` text COLLATE utf8_unicode_ci NOT NULL,
  `author_id` int(10) unsigned NOT NULL,
  `remote_url` varchar(255) COLLATE utf8_unicode_ci DEFAULT NULL,
  `created_at` timestamp NOT NULL DEFAULT '0000-00-00 00:00:00',
  `updated_at` timestamp NOT NULL DEFAULT '0000-00-00 00:00:00',
  `resource_category_id` int(11) NOT NULL,
  `is_module` int(11) NOT NULL DEFAULT '0',
  `resource_type_id` int(11) NOT NULL,
  `is_private` int(11) NOT NULL DEFAULT '0',
  PRIMARY KEY (`id`)
) ENGINE=InnoDB DEFAULT CHARSET=utf8 COLLATE=utf8_unicode_ci;

INSERT INTO `esi_resources` (`id`, `title`, `description`, `author_id`, `remote_url`, `created_at`, `updated_at`, `resource_category_id`, `is_module`, `resource_type_id`, `is_private`) VALUES
(34,	'Link Document!!',	'<p>This is an outside link!</p>',	1,	'',	'2018-01-09 11:00:08',	'2018-01-09 11:25:49',	0,	0,	12,	0),
(35,	'test!!!!!',	'<p>test</p>',	1,	'',	'2018-01-09 11:32:27',	'2018-01-09 11:35:32',	0,	0,	10,	0),
(36,	'PRIVATE DOC!',	'<p>This document is super private!!!</p>',	1,	'',	'2018-01-09 12:32:20',	'2018-01-09 12:32:20',	0,	0,	10,	1),
(37,	'Private PDF',	'<p>hello world</p>',	1,	'',	'2018-01-09 12:34:28',	'2018-01-09 12:34:28',	0,	0,	10,	1),
(38,	'Private PDF!!',	'<p>Check it out</p>',	1,	'',	'2018-01-09 13:10:58',	'2018-01-09 13:10:58',	0,	0,	10,	1),
(39,	'Test Document',	'<p>Description</p>',	1,	'',	'2018-01-11 08:09:31',	'2018-01-11 08:09:31',	0,	0,	10,	1),
(41,	'Test Doc January',	'<p>Description 1</p>',	1,	'google.com',	'2018-01-11 08:40:49',	'2018-01-11 08:40:49',	0,	0,	11,	0),
(46,	'Jan 1/11/2018',	'<p>Description 2</p>',	1,	'',	'2018-01-11 08:51:04',	'2018-01-11 08:51:04',	0,	0,	10,	1),
(50,	'Test Link',	'<p>Description</p>',	1,	'http://journals.sagepub.com/doi/10.1177/0961463X15577260',	'2018-01-11 10:13:07',	'2018-01-11 10:13:07',	0,	0,	12,	0),
(51,	'January',	'<p>Description</p>',	1,	'ay',	'2018-01-11 10:33:01',	'2018-01-12 12:37:01',	0,	0,	11,	0),
(52,	'January 11',	'<p>Description 1</p>',	1,	'ay',	'2018-01-11 10:34:06',	'2018-01-11 10:34:06',	0,	0,	10,	1),
(53,	'Test 4',	'<p>4</p>',	1,	'ay',	'2018-01-11 10:34:46',	'2018-01-11 10:34:46',	0,	0,	11,	1),
(54,	'January 11 2',	'<p>Description again</p>',	1,	'ayy',	'2018-01-11 10:35:21',	'2018-01-11 10:35:21',	0,	0,	11,	1),
(55,	'Title 3',	'<p>Description of document</p>',	1,	'ayyy',	'2018-01-11 10:39:29',	'2018-01-11 10:39:29',	0,	0,	11,	1),
(56,	'January 11, 2018',	'<p>Description</p>',	1,	'linkkkk',	'2018-01-11 10:40:24',	'2018-01-12 12:36:16',	0,	0,	10,	0),
(57,	'Testtttt',	'<p>Descriptionnnnn</p>',	1,	'linkkkk',	'2018-01-11 10:41:16',	'2018-01-12 12:34:57',	0,	0,	11,	0),
(58,	'titleeeee',	'<p>description</p>',	1,	'linkkkkkk',	'2018-01-11 10:43:23',	'2018-01-11 10:43:23',	0,	0,	11,	0),
(60,	'Public Resource 333',	'<p>Ayyy 3</p>',	1,	'9',	'2018-01-11 11:33:12',	'2018-01-11 11:43:16',	0,	0,	11,	0),
(62,	'test',	'<p>Hello!</p>',	1,	'',	'2018-01-19 15:46:02',	'2018-01-19 15:46:02',	0,	0,	10,	0),
(63,	'Title',	'',	1,	'linkkkk',	'2018-01-19 15:47:17',	'2018-01-19 15:47:17',	0,	0,	10,	0),
(64,	'test 2',	'<p>Test test</p>',	1,	'',	'2018-01-19 15:47:19',	'2018-01-19 15:47:19',	0,	0,	10,	0),
(65,	'Title',	'<p>ayy</p>',	1,	'link',	'2018-01-19 16:00:47',	'2018-01-19 16:00:47',	0,	0,	10,	0),
(66,	'ayyy',	'<p>ayy</p>',	1,	'ayyy',	'2018-01-19 16:01:26',	'2018-01-19 16:01:26',	0,	0,	10,	1),
(67,	'Test Private Document',	'<p>description</p>',	1,	'',	'2018-01-22 08:56:37',	'2018-01-22 08:56:37',	0,	0,	10,	1),
(68,	'Test Private Document 2 ',	'',	1,	'',	'2018-01-22 08:57:54',	'2018-04-16 15:33:19',	0,	0,	10,	0),
(69,	'Test Private Document 3',	'<p>description section</p>',	1,	'linkkk',	'2018-01-22 09:02:11',	'2018-04-16 15:32:50',	0,	0,	11,	0),
(70,	'Test Doc 1 04/17',	'<p>Test test</p>',	1,	'Link',	'2018-04-17 09:32:59',	'2018-04-17 09:57:20',	0,	0,	10,	0);

DROP TABLE IF EXISTS `esi_resource_categories`;
CREATE TABLE `esi_resource_categories` (
  `id` int(10) unsigned NOT NULL AUTO_INCREMENT,
  `name` varchar(255) COLLATE utf8_unicode_ci NOT NULL,
  `created_at` timestamp NULL DEFAULT NULL,
  `updated_at` timestamp NULL DEFAULT NULL,
  PRIMARY KEY (`id`)
) ENGINE=InnoDB DEFAULT CHARSET=utf8 COLLATE=utf8_unicode_ci;

INSERT INTO `esi_resource_categories` (`id`, `name`, `created_at`, `updated_at`) VALUES
(1,	'Dummy Resource Category 1',	NULL,	NULL),
(2,	'Video category!!!',	'2017-07-20 15:20:19',	'2017-07-20 15:20:19'),
(3,	'only links',	'2017-07-20 15:21:39',	'2017-07-20 15:21:39'),
(4,	'Reading Category',	'2017-07-20 20:39:17',	'2017-07-20 20:39:17'),
(5,	'Music Video',	'2017-07-26 17:52:20',	'2017-07-26 17:52:20'),
(6,	'Music Video',	'2017-07-26 17:54:09',	'2017-07-26 17:54:09');

DROP TABLE IF EXISTS `esi_resource_types`;
CREATE TABLE `esi_resource_types` (
  `id` int(10) unsigned NOT NULL AUTO_INCREMENT,
  `type` varchar(255) COLLATE utf8_unicode_ci NOT NULL,
  `category` varchar(255) COLLATE utf8_unicode_ci DEFAULT NULL,
  PRIMARY KEY (`id`)
) ENGINE=InnoDB DEFAULT CHARSET=utf8 COLLATE=utf8_unicode_ci;

INSERT INTO `esi_resource_types` (`id`, `type`, `category`) VALUES
(10,	'Document',	NULL),
(11,	'Video',	NULL),
(12,	'Outside Link',	NULL);

DROP TABLE IF EXISTS `esi_roles`;
CREATE TABLE `esi_roles` (
  `id` int(10) unsigned NOT NULL AUTO_INCREMENT,
  `machine_name` varchar(255) COLLATE utf8_unicode_ci NOT NULL,
  `display_name` varchar(255) COLLATE utf8_unicode_ci NOT NULL,
  PRIMARY KEY (`id`)
) ENGINE=InnoDB DEFAULT CHARSET=utf8 COLLATE=utf8_unicode_ci;

INSERT INTO `esi_roles` (`id`, `machine_name`, `display_name`) VALUES
(1,	'parent',	'Parent'),
(2,	'teacher',	'Teacher'),
(3,	'master_teacher',	'Master Teacher'),
(4,	'school_leader',	'School Leader'),
(5,	'project_admin',	'Project Admin'),
(6,	'super_admin',	'Super Admin'),
(7,	'mod',	'Moderator'),
(8,	'coach',	'Coach');

DROP TABLE IF EXISTS `esi_schools`;
CREATE TABLE `esi_schools` (
  `id` int(10) unsigned NOT NULL AUTO_INCREMENT,
  `name` varchar(255) COLLATE utf8_unicode_ci NOT NULL,
  PRIMARY KEY (`id`)
) ENGINE=InnoDB DEFAULT CHARSET=utf8 COLLATE=utf8_unicode_ci;

INSERT INTO `esi_schools` (`id`, `name`) VALUES
(1,	'Educare Miami'),
(2,	'Educare Seattle'),
(3,	'Educare Omaha - Kellom'),
(4,	'Educare Omaha - Indian Hill');

DROP TABLE IF EXISTS `esi_school_user`;
CREATE TABLE `esi_school_user` (
  `id` int(10) unsigned NOT NULL AUTO_INCREMENT,
  `user_id` int(10) unsigned NOT NULL,
  `school_id` int(10) unsigned NOT NULL,
  PRIMARY KEY (`id`)
) ENGINE=InnoDB DEFAULT CHARSET=utf8 COLLATE=utf8_unicode_ci;

INSERT INTO `esi_school_user` (`id`, `user_id`, `school_id`) VALUES
(1,	3,	4),
(2,	4,	4),
(3,	5,	4),
(4,	6,	4),
(5,	7,	4),
(6,	8,	4),
(7,	9,	4),
(8,	10,	4),
(9,	11,	4),
(10,	12,	4),
(11,	13,	4),
(12,	14,	4),
(13,	15,	4),
(14,	16,	4),
(15,	17,	4),
(16,	18,	4),
(17,	19,	4),
(18,	20,	4),
(19,	21,	4),
(20,	22,	4),
(21,	23,	4),
(22,	24,	4),
(23,	25,	2),
(24,	26,	2),
(25,	27,	2),
(26,	28,	2),
(27,	29,	2),
(28,	30,	2),
(29,	31,	2),
(30,	32,	2),
(31,	33,	2),
(32,	34,	2),
(33,	35,	2),
(34,	36,	2),
(35,	37,	2),
(36,	38,	2),
(37,	39,	2),
(38,	40,	2),
(39,	41,	2),
(40,	42,	2),
(41,	43,	2),
(42,	44,	2),
(43,	45,	2),
(44,	46,	3),
(45,	47,	3),
(46,	48,	3),
(47,	49,	3),
(48,	50,	3),
(49,	51,	3),
(50,	52,	3),
(51,	53,	3),
(52,	54,	3),
(53,	55,	3),
(54,	56,	1),
(55,	57,	1),
(56,	58,	1),
(57,	59,	1),
(58,	60,	1),
(59,	61,	1),
(60,	62,	1),
(61,	63,	1),
(62,	64,	1),
(63,	65,	1),
(64,	66,	1),
(65,	67,	1),
(66,	68,	1),
(67,	69,	1),
(68,	78,	1),
(69,	79,	1),
(70,	80,	1),
(71,	81,	1),
(72,	82,	1),
(73,	84,	1),
(74,	85,	4),
(75,	86,	4),
(76,	87,	4),
(77,	88,	3),
(78,	89,	3),
(79,	90,	1),
(80,	91,	2),
(81,	92,	4),
(82,	93,	3),
(83,	94,	3),
(84,	95,	3),
(85,	96,	3),
(86,	97,	2),
(87,	98,	2),
(88,	99,	2),
(89,	100,	2),
(90,	101,	4),
(91,	102,	4),
(92,	103,	4),
(93,	105,	4),
(94,	106,	2),
(95,	107,	2),
(96,	108,	2),
(97,	109,	2),
(98,	110,	2),
(99,	111,	2),
(100,	112,	2),
(101,	113,	2),
(102,	114,	2),
(103,	115,	3),
(104,	116,	3),
(105,	117,	3),
(106,	118,	3),
(107,	119,	3),
(108,	120,	3),
(109,	121,	3),
(110,	122,	3),
(111,	123,	3),
(112,	124,	2),
(113,	125,	2),
(114,	126,	2),
(115,	127,	2),
(116,	128,	2),
(117,	129,	2),
(118,	130,	1),
(119,	131,	1),
(120,	132,	1),
(121,	133,	3),
(122,	134,	1),
(123,	142,	1),
(124,	143,	1),
(125,	144,	1),
(126,	145,	1),
(127,	147,	3),
(128,	148,	1),
(129,	149,	1),
(130,	150,	1),
(131,	151,	1),
(132,	152,	1),
(133,	153,	1),
(134,	154,	1),
(135,	155,	1),
(136,	156,	1),
(137,	158,	1),
(138,	159,	1);

DROP TABLE IF EXISTS `esi_tagables`;
CREATE TABLE `esi_tagables` (
  `tag_id` int(10) unsigned NOT NULL,
  `tagable_id` int(10) unsigned NOT NULL,
  `tagable_type` varchar(255) COLLATE utf8_unicode_ci NOT NULL
) ENGINE=InnoDB DEFAULT CHARSET=utf8 COLLATE=utf8_unicode_ci;

INSERT INTO `esi_tagables` (`tag_id`, `tagable_id`, `tagable_type`) VALUES
(1,	1,	'App\\Video'),
(2,	1,	'App\\Video'),
(7,	1,	'App\\Video'),
(12,	1,	'App\\Video'),
(16,	1,	'App\\Video'),
(19,	1,	'App\\Video'),
(16,	2,	'App\\Video'),
(20,	2,	'App\\Video'),
(2,	3,	'App\\Video'),
(12,	3,	'App\\Video'),
(20,	3,	'App\\Video'),
(2,	4,	'App\\Video'),
(5,	4,	'App\\Video'),
(12,	4,	'App\\Video'),
(16,	4,	'App\\Video'),
(20,	4,	'App\\Video'),
(8,	5,	'App\\Video'),
(16,	5,	'App\\Video'),
(3,	8,	'App\\Video'),
(5,	8,	'App\\Video'),
(8,	8,	'App\\Video'),
(10,	8,	'App\\Video'),
(17,	8,	'App\\Video'),
(14,	9,	'App\\Video'),
(17,	9,	'App\\Video'),
(2,	10,	'App\\Video'),
(13,	10,	'App\\Video'),
(16,	10,	'App\\Video'),
(2,	12,	'App\\Video'),
(2,	13,	'App\\Video'),
(6,	13,	'App\\Video'),
(7,	13,	'App\\Video'),
(8,	13,	'App\\Video'),
(9,	13,	'App\\Video'),
(11,	13,	'App\\Video'),
(13,	13,	'App\\Video'),
(16,	13,	'App\\Video'),
(17,	13,	'App\\Video'),
(2,	4,	'App\\LessonPlan'),
(7,	4,	'App\\LessonPlan'),
(1,	16,	'App\\Video'),
(7,	16,	'App\\Video'),
(16,	16,	'App\\Video'),
(6,	25,	'App\\Video'),
(7,	25,	'App\\Video'),
(10,	25,	'App\\Video'),
(12,	25,	'App\\Video'),
(17,	25,	'App\\Video'),
(1,	26,	'App\\Video'),
(8,	26,	'App\\Video'),
(16,	26,	'App\\Video'),
(1,	27,	'App\\Video'),
(11,	27,	'App\\Video'),
(16,	27,	'App\\Video'),
(1,	28,	'App\\Video'),
(14,	28,	'App\\Video'),
(16,	28,	'App\\Video'),
(2,	29,	'App\\Video'),
(7,	29,	'App\\Video'),
(17,	29,	'App\\Video'),
(1,	30,	'App\\Video'),
(7,	30,	'App\\Video'),
(18,	30,	'App\\Video'),
(1,	31,	'App\\Video'),
(7,	31,	'App\\Video'),
(17,	31,	'App\\Video'),
(1,	32,	'App\\Video'),
(8,	32,	'App\\Video'),
(19,	32,	'App\\Video'),
(2,	33,	'App\\Video'),
(7,	33,	'App\\Video'),
(17,	33,	'App\\Video'),
(17,	34,	'App\\Video'),
(18,	34,	'App\\Video'),
(10,	35,	'App\\Video'),
(12,	35,	'App\\Video'),
(19,	35,	'App\\Video'),
(12,	36,	'App\\Video'),
(14,	36,	'App\\Video'),
(16,	36,	'App\\Video'),
(19,	36,	'App\\Video'),
(1,	37,	'App\\Video'),
(11,	37,	'App\\Video'),
(16,	37,	'App\\Video'),
(2,	38,	'App\\Video'),
(7,	38,	'App\\Video'),
(18,	38,	'App\\Video'),
(12,	39,	'App\\Video'),
(17,	39,	'App\\Video'),
(2,	40,	'App\\Video'),
(8,	40,	'App\\Video'),
(12,	40,	'App\\Video'),
(18,	40,	'App\\Video'),
(4,	41,	'App\\Video'),
(10,	41,	'App\\Video'),
(18,	41,	'App\\Video'),
(1,	42,	'App\\Video'),
(10,	42,	'App\\Video'),
(19,	42,	'App\\Video'),
(19,	43,	'App\\Video'),
(3,	44,	'App\\Video'),
(8,	44,	'App\\Video'),
(18,	44,	'App\\Video'),
(12,	46,	'App\\Video'),
(16,	46,	'App\\Video'),
(1,	13,	'App\\LessonPlan'),
(2,	13,	'App\\LessonPlan'),
(1,	12,	'App\\LessonPlan'),
(2,	12,	'App\\LessonPlan'),
(6,	12,	'App\\LessonPlan'),
(7,	12,	'App\\LessonPlan'),
(8,	12,	'App\\LessonPlan'),
(1,	11,	'App\\LessonPlan'),
(4,	11,	'App\\LessonPlan'),
(8,	11,	'App\\LessonPlan'),
(18,	15,	'App\\LessonPlan'),
(1,	50,	'App\\Video'),
(2,	50,	'App\\Video'),
(3,	50,	'App\\Video'),
(1,	61,	'App\\Video'),
(2,	61,	'App\\Video'),
(3,	61,	'App\\Video'),
(4,	61,	'App\\Video'),
(5,	61,	'App\\Video'),
(6,	61,	'App\\Video'),
(7,	61,	'App\\Video'),
(8,	61,	'App\\Video'),
(9,	61,	'App\\Video'),
(10,	61,	'App\\Video'),
(11,	61,	'App\\Video'),
(12,	61,	'App\\Video'),
(13,	61,	'App\\Video'),
(14,	61,	'App\\Video'),
(15,	61,	'App\\Video'),
(16,	61,	'App\\Video'),
(17,	61,	'App\\Video'),
(18,	61,	'App\\Video'),
(19,	61,	'App\\Video'),
(5,	70,	'App\\Message'),
(11,	70,	'App\\Message'),
(18,	70,	'App\\Message'),
(1,	71,	'App\\Message'),
(2,	71,	'App\\Message'),
(7,	71,	'App\\Message'),
(8,	71,	'App\\Message'),
(16,	71,	'App\\Message'),
(17,	71,	'App\\Message'),
(1,	72,	'App\\Message'),
(2,	72,	'App\\Message'),
(7,	72,	'App\\Message'),
(8,	72,	'App\\Message'),
(16,	72,	'App\\Message'),
(17,	72,	'App\\Message'),
(1,	74,	'App\\Message'),
(2,	74,	'App\\Message'),
(7,	74,	'App\\Message'),
(8,	74,	'App\\Message'),
(16,	74,	'App\\Message'),
(17,	74,	'App\\Message'),
(2,	76,	'App\\Video'),
(9,	76,	'App\\Video'),
(17,	76,	'App\\Video'),
(19,	76,	'App\\Video'),
(11,	85,	'App\\Video'),
(18,	85,	'App\\Video'),
(12,	85,	'App\\Video'),
(17,	85,	'App\\Video'),
(2,	85,	'App\\Video'),
(3,	85,	'App\\Video'),
(11,	85,	'App\\Video'),
(12,	85,	'App\\Video'),
(17,	85,	'App\\Video'),
(18,	85,	'App\\Video'),
(2,	85,	'App\\Video'),
(3,	85,	'App\\Video'),
(5,	85,	'App\\Video'),
(11,	85,	'App\\Video'),
(12,	85,	'App\\Video'),
(17,	85,	'App\\Video'),
(18,	85,	'App\\Video'),
(1,	87,	'App\\Video'),
(7,	87,	'App\\Video'),
(16,	87,	'App\\Video'),
(6,	87,	'App\\Video'),
(12,	87,	'App\\Video'),
(1,	75,	'App\\Message'),
(2,	75,	'App\\Message'),
(1,	88,	'App\\Video'),
(2,	88,	'App\\Video'),
(7,	88,	'App\\Video'),
(8,	88,	'App\\Video'),
(16,	88,	'App\\Video'),
(17,	88,	'App\\Video'),
(1,	89,	'App\\Video'),
(2,	89,	'App\\Video'),
(4,	89,	'App\\Video'),
(8,	89,	'App\\Video'),
(9,	89,	'App\\Video'),
(17,	89,	'App\\Video'),
(19,	89,	'App\\Video'),
(1,	91,	'App\\Video'),
(2,	91,	'App\\Video'),
(1,	90,	'App\\Video'),
(2,	90,	'App\\Video'),
(1,	92,	'App\\Video'),
(2,	92,	'App\\Video'),
(7,	92,	'App\\Video'),
(8,	92,	'App\\Video'),
(16,	92,	'App\\Video'),
(17,	92,	'App\\Video'),
(5,	54,	'App\\ProgressBar'),
(3,	54,	'App\\ProgressBar'),
(1,	93,	'App\\Video'),
(2,	93,	'App\\Video'),
(7,	93,	'App\\Video'),
(8,	93,	'App\\Video'),
(16,	93,	'App\\Video'),
(17,	93,	'App\\Video'),
(1,	94,	'App\\Video'),
(2,	94,	'App\\Video'),
(7,	94,	'App\\Video'),
(8,	94,	'App\\Video'),
(16,	94,	'App\\Video'),
(17,	94,	'App\\Video'),
(1,	95,	'App\\Video'),
(2,	95,	'App\\Video'),
(1,	76,	'App\\Message'),
(2,	76,	'App\\Message'),
(1,	57,	'App\\ProgressBar'),
(2,	57,	'App\\ProgressBar'),
(3,	57,	'App\\ProgressBar'),
(1,	87,	'App\\Message'),
(2,	87,	'App\\Message'),
(3,	91,	'App\\Message'),
(2,	100,	'App\\Video'),
(10,	100,	'App\\Video'),
(18,	100,	'App\\Video'),
(1,	65,	'App\\ProgressBar'),
(2,	65,	'App\\ProgressBar'),
(4,	65,	'App\\ProgressBar'),
(1,	66,	'App\\ProgressBar'),
(3,	66,	'App\\ProgressBar'),
(2,	66,	'App\\ProgressBar'),
(1,	67,	'App\\ProgressBar'),
(2,	67,	'App\\ProgressBar'),
(3,	67,	'App\\ProgressBar'),
(2,	102,	'App\\Video'),
(11,	102,	'App\\Video'),
(17,	102,	'App\\Video'),
(1,	104,	'App\\Video'),
(8,	104,	'App\\Video'),
(18,	104,	'App\\Video'),
(3,	107,	'App\\Video'),
(11,	107,	'App\\Video'),
(18,	107,	'App\\Video'),
(2,	108,	'App\\Video'),
(10,	108,	'App\\Video'),
(18,	108,	'App\\Video'),
(2,	110,	'App\\Video'),
(8,	110,	'App\\Video'),
(17,	110,	'App\\Video'),
(4,	111,	'App\\Video'),
(9,	111,	'App\\Video'),
(18,	111,	'App\\Video'),
(2,	112,	'App\\Video'),
(8,	112,	'App\\Video'),
(17,	112,	'App\\Video'),
(2,	113,	'App\\Video'),
(11,	113,	'App\\Video'),
(17,	113,	'App\\Video'),
(1,	114,	'App\\Video'),
(7,	114,	'App\\Video'),
(16,	114,	'App\\Video'),
(5,	115,	'App\\Video'),
(11,	115,	'App\\Video'),
(18,	115,	'App\\Video'),
(1,	116,	'App\\Video'),
(7,	116,	'App\\Video'),
(16,	116,	'App\\Video'),
(5,	117,	'App\\Video'),
(12,	117,	'App\\Video'),
(19,	117,	'App\\Video'),
(1,	118,	'App\\Video'),
(7,	118,	'App\\Video'),
(16,	118,	'App\\Video'),
(1,	119,	'App\\Video'),
(12,	119,	'App\\Video'),
(18,	119,	'App\\Video'),
(4,	120,	'App\\Video'),
(10,	120,	'App\\Video'),
(18,	120,	'App\\Video'),
(2,	121,	'App\\Video'),
(7,	121,	'App\\Video'),
(18,	121,	'App\\Video'),
(5,	122,	'App\\Video'),
(14,	122,	'App\\Video'),
(18,	122,	'App\\Video'),
(1,	123,	'App\\Video'),
(10,	123,	'App\\Video'),
(18,	123,	'App\\Video'),
(4,	124,	'App\\Video'),
(12,	124,	'App\\Video'),
(19,	124,	'App\\Video'),
(3,	125,	'App\\Video'),
(11,	125,	'App\\Video'),
(18,	125,	'App\\Video'),
(2,	126,	'App\\Video'),
(7,	126,	'App\\Video'),
(16,	126,	'App\\Video'),
(2,	127,	'App\\Video'),
(10,	127,	'App\\Video'),
(17,	127,	'App\\Video'),
(4,	128,	'App\\Video'),
(9,	128,	'App\\Video'),
(17,	128,	'App\\Video'),
(2,	129,	'App\\Video'),
(12,	129,	'App\\Video'),
(17,	129,	'App\\Video'),
(2,	130,	'App\\Video'),
(9,	130,	'App\\Video'),
(19,	130,	'App\\Video'),
(6,	131,	'App\\Video'),
(10,	131,	'App\\Video'),
(16,	131,	'App\\Video'),
(6,	133,	'App\\Video'),
(12,	133,	'App\\Video'),
(19,	133,	'App\\Video'),
(2,	135,	'App\\Video'),
(12,	135,	'App\\Video'),
(16,	135,	'App\\Video'),
(2,	136,	'App\\Video'),
(7,	136,	'App\\Video'),
(19,	136,	'App\\Video'),
(4,	139,	'App\\Video'),
(12,	139,	'App\\Video'),
(18,	139,	'App\\Video'),
(1,	140,	'App\\Video'),
(7,	140,	'App\\Video'),
(16,	140,	'App\\Video'),
(1,	141,	'App\\Video'),
(7,	141,	'App\\Video'),
(16,	141,	'App\\Video'),
(1,	68,	'App\\ProgressBar'),
(1,	69,	'App\\ProgressBar'),
(1,	73,	'App\\ProgressBar'),
(1,	75,	'App\\ProgressBar'),
(2,	75,	'App\\ProgressBar'),
(3,	75,	'App\\ProgressBar'),
(3,	76,	'App\\ProgressBar'),
(1,	94,	'App\\Message'),
(7,	94,	'App\\Message'),
(16,	94,	'App\\Message'),
(4,	95,	'App\\Message'),
(10,	95,	'App\\Message'),
(18,	95,	'App\\Message'),
(6,	96,	'App\\Message'),
(10,	96,	'App\\Message'),
(17,	96,	'App\\Message'),
(1,	142,	'App\\Video'),
(11,	142,	'App\\Video'),
(18,	142,	'App\\Video'),
(1,	97,	'App\\Message'),
(7,	97,	'App\\Message'),
(16,	97,	'App\\Message'),
(2,	143,	'App\\Video'),
(10,	143,	'App\\Video'),
(17,	143,	'App\\Video'),
(1,	144,	'App\\Video'),
(8,	144,	'App\\Video'),
(16,	144,	'App\\Video'),
(2,	144,	'App\\Video'),
(7,	144,	'App\\Video'),
(17,	144,	'App\\Video'),
(1,	145,	'App\\Video'),
(2,	145,	'App\\Video'),
(7,	145,	'App\\Video'),
(8,	145,	'App\\Video'),
(16,	145,	'App\\Video'),
(17,	145,	'App\\Video'),
(1,	146,	'App\\Video'),
(7,	146,	'App\\Video'),
(16,	146,	'App\\Video'),
(1,	147,	'App\\Video'),
(1,	148,	'App\\Video'),
(7,	148,	'App\\Video'),
(16,	148,	'App\\Video'),
(1,	149,	'App\\Video'),
(10,	149,	'App\\Video'),
(17,	149,	'App\\Video'),
(4,	150,	'App\\Video'),
(12,	150,	'App\\Video'),
(18,	150,	'App\\Video'),
(1,	152,	'App\\Video'),
(7,	152,	'App\\Video'),
(16,	152,	'App\\Video'),
(1,	153,	'App\\Video'),
(1,	154,	'App\\Video'),
(7,	154,	'App\\Video'),
(16,	154,	'App\\Video'),
(1,	98,	'App\\Message'),
(1,	77,	'App\\ProgressBar'),
(2,	77,	'App\\ProgressBar'),
(3,	77,	'App\\ProgressBar'),
(1,	155,	'App\\Video'),
(2,	155,	'App\\Video'),
(7,	155,	'App\\Video'),
(8,	155,	'App\\Video'),
(16,	155,	'App\\Video'),
(17,	155,	'App\\Video'),
(2,	156,	'App\\Video'),
(9,	156,	'App\\Video'),
(18,	156,	'App\\Video'),
(2,	157,	'App\\Video'),
(10,	157,	'App\\Video'),
(18,	157,	'App\\Video'),
(2,	78,	'App\\ProgressBar'),
(1,	82,	'App\\ProgressBar'),
(2,	83,	'App\\ProgressBar'),
(1,	84,	'App\\ProgressBar'),
(2,	84,	'App\\ProgressBar'),
(3,	84,	'App\\ProgressBar'),
(4,	85,	'App\\ProgressBar'),
(1,	86,	'App\\ProgressBar'),
(1,	99,	'App\\Message'),
(7,	99,	'App\\Message'),
(16,	99,	'App\\Message'),
(1,	103,	'App\\Message'),
(7,	103,	'App\\Message'),
(16,	103,	'App\\Message'),
(2,	104,	'App\\Message'),
(9,	104,	'App\\Message'),
(17,	104,	'App\\Message'),
(5,	105,	'App\\Message'),
(1,	106,	'App\\Message'),
(7,	106,	'App\\Message'),
(16,	106,	'App\\Message'),
(3,	107,	'App\\Message'),
(4,	108,	'App\\Message'),
(1,	109,	'App\\Message'),
(7,	109,	'App\\Message'),
(16,	109,	'App\\Message'),
(4,	110,	'App\\Message'),
(4,	111,	'App\\Message'),
(1,	112,	'App\\Message'),
(7,	112,	'App\\Message'),
(16,	112,	'App\\Message'),
(1,	158,	'App\\Video'),
(7,	158,	'App\\Video'),
(16,	158,	'App\\Video'),
(1,	159,	'App\\Video'),
(1,	87,	'App\\ProgressBar'),
(1,	160,	'App\\Video'),
(1,	161,	'App\\Video'),
(7,	161,	'App\\Video'),
(16,	161,	'App\\Video'),
(1,	89,	'App\\ProgressBar'),
(5,	162,	'App\\Video'),
(10,	162,	'App\\Video'),
(18,	162,	'App\\Video'),
(1,	172,	'App\\Video'),
(7,	172,	'App\\Video'),
(16,	172,	'App\\Video'),
(1,	173,	'App\\Video'),
(12,	173,	'App\\Video'),
(19,	173,	'App\\Video'),
(5,	174,	'App\\Video'),
(1,	175,	'App\\Video'),
(7,	175,	'App\\Video'),
(16,	175,	'App\\Video'),
(1,	176,	'App\\Video'),
(7,	176,	'App\\Video'),
(16,	176,	'App\\Video'),
(4,	178,	'App\\Video'),
(11,	178,	'App\\Video'),
(19,	178,	'App\\Video'),
(1,	179,	'App\\Video'),
(1,	180,	'App\\Video'),
(7,	180,	'App\\Video'),
(16,	180,	'App\\Video'),
(1,	181,	'App\\Video'),
(7,	181,	'App\\Video'),
(16,	181,	'App\\Video'),
(1,	182,	'App\\Video'),
(1,	183,	'App\\Video'),
(8,	183,	'App\\Video'),
(16,	183,	'App\\Video'),
(2,	184,	'App\\Video'),
(7,	184,	'App\\Video'),
(16,	184,	'App\\Video'),
(3,	185,	'App\\Video'),
(10,	185,	'App\\Video'),
(5,	186,	'App\\Video'),
(5,	187,	'App\\Video'),
(3,	188,	'App\\Video'),
(1,	198,	'App\\Video'),
(1,	199,	'App\\Video'),
(1,	200,	'App\\Video'),
(3,	202,	'App\\Video'),
(9,	202,	'App\\Video'),
(18,	202,	'App\\Video'),
(5,	203,	'App\\Video'),
(10,	203,	'App\\Video'),
(18,	203,	'App\\Video'),
(4,	208,	'App\\Video'),
(12,	208,	'App\\Video'),
(16,	208,	'App\\Video'),
(4,	213,	'App\\Video'),
(1,	90,	'App\\ProgressBar'),
(2,	90,	'App\\ProgressBar'),
(4,	90,	'App\\ProgressBar'),
(1,	217,	'App\\Video'),
(7,	217,	'App\\Video'),
(16,	217,	'App\\Video'),
(2,	91,	'App\\ProgressBar'),
(4,	91,	'App\\ProgressBar'),
(5,	91,	'App\\ProgressBar'),
(1,	92,	'App\\ProgressBar'),
(1,	218,	'App\\Video'),
(7,	218,	'App\\Video'),
(16,	218,	'App\\Video'),
(1,	219,	'App\\Video'),
(1,	220,	'App\\Video'),
(4,	221,	'App\\Video'),
(1,	94,	'App\\ProgressBar'),
(1,	223,	'App\\Video'),
(7,	223,	'App\\Video'),
(16,	223,	'App\\Video'),
(4,	224,	'App\\Video'),
(9,	224,	'App\\Video'),
(18,	224,	'App\\Video'),
(1,	225,	'App\\Video'),
(5,	226,	'App\\Video'),
(3,	227,	'App\\Video'),
(12,	227,	'App\\Video'),
(1,	228,	'App\\Video'),
(7,	228,	'App\\Video'),
(16,	228,	'App\\Video'),
(5,	229,	'App\\Video'),
(11,	229,	'App\\Video'),
(16,	229,	'App\\Video'),
(1,	230,	'App\\Video'),
(1,	231,	'App\\Video'),
(2,	232,	'App\\Video'),
(2,	93,	'App\\ProgressBar'),
(1,	93,	'App\\ProgressBar'),
(3,	93,	'App\\ProgressBar'),
(6,	95,	'App\\ProgressBar'),
(6,	96,	'App\\ProgressBar'),
(3,	96,	'App\\ProgressBar'),
(1,	97,	'App\\ProgressBar'),
(1,	98,	'App\\ProgressBar'),
(1,	234,	'App\\Video'),
(2,	98,	'App\\ProgressBar'),
(1,	235,	'App\\Video'),
(1,	236,	'App\\Video'),
(7,	236,	'App\\Video'),
(16,	236,	'App\\Video'),
(2,	236,	'App\\Video'),
(8,	236,	'App\\Video'),
(17,	236,	'App\\Video'),
(2,	238,	'App\\Video'),
(9,	238,	'App\\Video'),
(18,	238,	'App\\Video'),
(5,	239,	'App\\Video'),
(11,	239,	'App\\Video'),
(18,	239,	'App\\Video'),
(1,	113,	'App\\Message'),
(1,	240,	'App\\Video'),
(1,	100,	'App\\ProgressBar'),
(1,	241,	'App\\Video'),
(3,	101,	'App\\ProgressBar'),
(1,	242,	'App\\Video'),
(2,	242,	'App\\Video'),
(1,	114,	'App\\Message'),
(4,	115,	'App\\Message'),
(11,	115,	'App\\Message'),
(18,	115,	'App\\Message'),
(1,	116,	'App\\Message'),
(1,	102,	'App\\ProgressBar'),
(2,	103,	'App\\ProgressBar'),
(1,	104,	'App\\ProgressBar'),
(1,	243,	'App\\Video'),
(1,	105,	'App\\ProgressBar'),
(2,	106,	'App\\ProgressBar'),
(3,	106,	'App\\ProgressBar'),
(4,	106,	'App\\ProgressBar'),
(1,	107,	'App\\ProgressBar'),
(2,	107,	'App\\ProgressBar'),
(17,	107,	'App\\ProgressBar'),
(3,	108,	'App\\ProgressBar'),
(1,	244,	'App\\Video'),
(12,	245,	'App\\Video'),
(1,	109,	'App\\ProgressBar'),
(1,	110,	'App\\ProgressBar'),
(1,	248,	'App\\Video'),
(1,	250,	'App\\Video'),
(5,	250,	'App\\Video'),
(2,	111,	'App\\ProgressBar'),
(4,	251,	'App\\Video'),
(11,	251,	'App\\Video'),
(17,	251,	'App\\Video'),
(1,	252,	'App\\Video'),
(2,	253,	'App\\Video'),
(11,	253,	'App\\Video'),
(16,	253,	'App\\Video'),
(1,	113,	'App\\ProgressBar'),
(4,	114,	'App\\ProgressBar'),
(1,	115,	'App\\ProgressBar'),
(2,	34,	'App\\Resource'),
(11,	34,	'App\\Resource'),
(7,	35,	'App\\Resource'),
(2,	36,	'App\\Resource'),
(12,	36,	'App\\Resource'),
(17,	36,	'App\\Resource'),
(2,	37,	'App\\Resource'),
(5,	38,	'App\\Resource'),
(3,	116,	'App\\ProgressBar'),
(1,	39,	'App\\Resource'),
(8,	39,	'App\\Resource'),
(19,	39,	'App\\Resource'),
(2,	41,	'App\\Resource'),
(8,	41,	'App\\Resource'),
(17,	41,	'App\\Resource'),
(1,	44,	'App\\Resource'),
(2,	46,	'App\\Resource'),
(1,	254,	'App\\Video'),
(1,	51,	'App\\Resource'),
(1,	52,	'App\\Resource'),
(1,	53,	'App\\Resource'),
(1,	54,	'App\\Resource'),
(7,	54,	'App\\Resource'),
(17,	54,	'App\\Resource'),
(5,	55,	'App\\Resource'),
(11,	55,	'App\\Resource'),
(19,	55,	'App\\Resource'),
(4,	56,	'App\\Resource'),
(8,	56,	'App\\Resource'),
(18,	56,	'App\\Resource'),
(2,	57,	'App\\Resource'),
(3,	58,	'App\\Resource'),
(2,	59,	'App\\Resource'),
(9,	60,	'App\\Resource'),
(17,	60,	'App\\Resource'),
(1,	117,	'App\\ProgressBar'),
(1,	118,	'App\\ProgressBar'),
(1,	255,	'App\\Video'),
(7,	255,	'App\\Video'),
(17,	255,	'App\\Video'),
(2,	256,	'App\\Video'),
(2,	119,	'App\\ProgressBar'),
(4,	119,	'App\\ProgressBar'),
(4,	257,	'App\\Video'),
(12,	257,	'App\\Video'),
(19,	257,	'App\\Video'),
(1,	120,	'App\\ProgressBar'),
(2,	120,	'App\\ProgressBar'),
(2,	121,	'App\\ProgressBar'),
(2,	122,	'App\\ProgressBar'),
(1,	123,	'App\\ProgressBar'),
(1,	124,	'App\\ProgressBar'),
(1,	125,	'App\\ProgressBar'),
(4,	260,	'App\\Video'),
(1,	261,	'App\\Video'),
(8,	261,	'App\\Video'),
(17,	261,	'App\\Video'),
(3,	261,	'App\\Video'),
(4,	62,	'App\\Resource'),
(11,	62,	'App\\Resource'),
(18,	62,	'App\\Resource'),
(4,	63,	'App\\Resource'),
(12,	64,	'App\\Resource'),
(2,	126,	'App\\ProgressBar'),
(1,	67,	'App\\Resource'),
(3,	69,	'App\\Resource'),
(1,	127,	'App\\ProgressBar'),
(4,	128,	'App\\ProgressBar'),
(2,	129,	'App\\ProgressBar'),
(10,	117,	'App\\Message'),
(2,	130,	'App\\ProgressBar'),
(2,	262,	'App\\Video'),
(7,	263,	'App\\Video'),
(8,	264,	'App\\Video'),
(8,	267,	'App\\Video'),
(17,	267,	'App\\Video'),
(2,	131,	'App\\ProgressBar'),
(1,	132,	'App\\ProgressBar'),
(1,	269,	'App\\Video'),
(1,	270,	'App\\Video'),
(1,	133,	'App\\ProgressBar'),
(1,	271,	'App\\Video'),
(7,	271,	'App\\Video'),
(3,	272,	'App\\Video'),
(1,	134,	'App\\ProgressBar'),
(1,	135,	'App\\ProgressBar'),
(10,	274,	'App\\Video'),
(1,	275,	'App\\Video'),
(1,	136,	'App\\ProgressBar'),
(2,	276,	'App\\Video'),
(10,	277,	'App\\Video'),
(9,	278,	'App\\Video'),
(16,	279,	'App\\Video'),
(10,	280,	'App\\Video'),
(2,	137,	'App\\ProgressBar'),
(1,	138,	'App\\ProgressBar'),
(2,	139,	'App\\ProgressBar'),
(2,	281,	'App\\Video'),
(1,	140,	'App\\ProgressBar'),
(1,	141,	'App\\ProgressBar'),
(1,	142,	'App\\ProgressBar'),
(1,	143,	'App\\ProgressBar'),
(1,	282,	'App\\Video'),
(2,	283,	'App\\Video'),
(1,	284,	'App\\Video'),
(3,	285,	'App\\Video'),
(1,	144,	'App\\ProgressBar'),
(7,	145,	'App\\ProgressBar'),
(2,	146,	'App\\ProgressBar'),
(2,	147,	'App\\ProgressBar'),
(17,	148,	'App\\ProgressBar'),
(2,	149,	'App\\ProgressBar'),
(2,	150,	'App\\ProgressBar'),
(3,	150,	'App\\ProgressBar'),
(5,	150,	'App\\ProgressBar'),
(1,	119,	'App\\Message'),
(4,	151,	'App\\ProgressBar'),
(2,	286,	'App\\Video'),
(5,	286,	'App\\Video'),
(9,	286,	'App\\Video'),
(11,	286,	'App\\Video'),
(16,	286,	'App\\Video'),
(18,	286,	'App\\Video'),
(2,	287,	'App\\Video'),
(5,	120,	'App\\Message'),
(12,	120,	'App\\Message'),
(19,	120,	'App\\Message'),
(6,	288,	'App\\Video'),
(11,	288,	'App\\Video'),
(1,	289,	'App\\Video'),
(1,	290,	'App\\Video'),
(12,	290,	'App\\Video'),
(18,	290,	'App\\Video'),
(6,	291,	'App\\Video'),
(6,	292,	'App\\Video'),
(8,	292,	'App\\Video'),
(5,	293,	'App\\Video'),
(12,	293,	'App\\Video'),
(17,	293,	'App\\Video'),
(4,	295,	'App\\Video'),
(10,	295,	'App\\Video'),
(17,	295,	'App\\Video'),
(4,	296,	'App\\Video'),
(10,	296,	'App\\Video'),
(17,	296,	'App\\Video'),
(6,	297,	'App\\Video'),
(11,	297,	'App\\Video'),
(19,	297,	'App\\Video'),
(3,	298,	'App\\Video'),
(12,	298,	'App\\Video'),
(19,	298,	'App\\Video'),
(2,	298,	'App\\Video'),
(10,	298,	'App\\Video'),
(16,	298,	'App\\Video'),
(5,	300,	'App\\Video'),
(9,	300,	'App\\Video'),
(18,	300,	'App\\Video'),
(5,	301,	'App\\Video'),
(11,	301,	'App\\Video'),
(18,	301,	'App\\Video'),
(2,	302,	'App\\Video'),
(11,	302,	'App\\Video'),
(19,	302,	'App\\Video'),
(3,	303,	'App\\Video'),
(19,	303,	'App\\Video'),
(14,	303,	'App\\Video'),
(1,	304,	'App\\Video'),
(2,	304,	'App\\Video'),
(3,	304,	'App\\Video'),
(4,	304,	'App\\Video'),
(5,	304,	'App\\Video'),
(6,	304,	'App\\Video'),
(7,	304,	'App\\Video'),
(8,	304,	'App\\Video'),
(9,	304,	'App\\Video'),
(10,	304,	'App\\Video'),
(11,	304,	'App\\Video'),
(12,	304,	'App\\Video'),
(16,	304,	'App\\Video'),
(17,	304,	'App\\Video'),
(18,	304,	'App\\Video'),
(19,	304,	'App\\Video'),
(1,	305,	'App\\Video'),
(7,	305,	'App\\Video'),
(16,	305,	'App\\Video'),
(5,	152,	'App\\ProgressBar'),
(3,	153,	'App\\ProgressBar'),
(1,	121,	'App\\Message'),
(7,	121,	'App\\Message'),
(16,	121,	'App\\Message'),
(3,	154,	'App\\ProgressBar'),
(5,	307,	'App\\Video'),
(1,	155,	'App\\ProgressBar'),
(2,	155,	'App\\ProgressBar'),
(6,	308,	'App\\Video'),
(4,	309,	'App\\Video'),
(8,	156,	'App\\ProgressBar'),
(11,	156,	'App\\ProgressBar'),
(12,	156,	'App\\ProgressBar'),
(9,	156,	'App\\ProgressBar'),
(10,	156,	'App\\ProgressBar'),
(18,	156,	'App\\ProgressBar'),
(19,	156,	'App\\ProgressBar'),
(5,	122,	'App\\Message'),
(6,	310,	'App\\Video'),
(2,	157,	'App\\ProgressBar'),
(6,	312,	'App\\Video'),
(11,	312,	'App\\Video'),
(17,	312,	'App\\Video'),
(4,	313,	'App\\Video'),
(11,	313,	'App\\Video'),
(17,	313,	'App\\Video'),
(4,	123,	'App\\Message'),
(11,	123,	'App\\Message'),
(17,	123,	'App\\Message'),
(3,	314,	'App\\Video'),
(17,	315,	'App\\Video'),
(5,	316,	'App\\Video'),
(1,	158,	'App\\ProgressBar'),
(2,	159,	'App\\ProgressBar'),
(3,	317,	'App\\Video'),
(11,	317,	'App\\Video'),
(17,	317,	'App\\Video'),
(2,	319,	'App\\Video'),
(15,	319,	'App\\Video'),
(4,	320,	'App\\Video'),
(10,	321,	'App\\Video'),
(5,	125,	'App\\Message'),
(12,	125,	'App\\Message'),
(17,	125,	'App\\Message'),
(1,	126,	'App\\Message'),
(2,	126,	'App\\Message'),
(3,	126,	'App\\Message'),
(4,	126,	'App\\Message'),
(5,	126,	'App\\Message'),
(6,	126,	'App\\Message'),
(7,	126,	'App\\Message'),
(8,	126,	'App\\Message'),
(9,	126,	'App\\Message'),
(10,	126,	'App\\Message'),
(11,	126,	'App\\Message'),
(12,	126,	'App\\Message'),
(13,	126,	'App\\Message'),
(14,	126,	'App\\Message'),
(15,	126,	'App\\Message'),
(16,	126,	'App\\Message'),
(17,	126,	'App\\Message'),
(18,	126,	'App\\Message'),
(19,	126,	'App\\Message'),
(4,	127,	'App\\Message'),
(9,	127,	'App\\Message'),
(18,	127,	'App\\Message'),
(4,	128,	'App\\Message'),
(12,	128,	'App\\Message'),
(17,	128,	'App\\Message'),
(4,	129,	'App\\Message'),
(10,	129,	'App\\Message'),
(18,	129,	'App\\Message'),
(2,	130,	'App\\Message'),
(10,	130,	'App\\Message'),
(19,	130,	'App\\Message'),
(1,	132,	'App\\Message'),
(9,	132,	'App\\Message'),
(16,	132,	'App\\Message'),
(2,	160,	'App\\ProgressBar'),
(1,	161,	'App\\ProgressBar'),
(2,	324,	'App\\Video'),
(7,	324,	'App\\Video'),
(17,	324,	'App\\Video'),
(1,	162,	'App\\ProgressBar'),
(2,	134,	'App\\Message'),
(11,	134,	'App\\Message'),
(17,	134,	'App\\Message'),
(3,	163,	'App\\ProgressBar'),
(1,	164,	'App\\ProgressBar'),
(6,	326,	'App\\Video'),
(2,	327,	'App\\Video'),
(2,	165,	'App\\ProgressBar'),
(2,	329,	'App\\Video'),
(8,	329,	'App\\Video'),
(17,	329,	'App\\Video'),
(2,	330,	'App\\Video'),
(7,	330,	'App\\Video'),
(17,	330,	'App\\Video'),
(1,	166,	'App\\ProgressBar'),
(2,	167,	'App\\ProgressBar'),
(11,	138,	'App\\Message'),
(2,	142,	'App\\Message'),
(7,	142,	'App\\Message'),
(17,	142,	'App\\Message'),
(1,	143,	'App\\Message'),
(1,	144,	'App\\Message'),
(1,	168,	'App\\ProgressBar'),
(1,	331,	'App\\Video'),
(1,	332,	'App\\Video'),
(8,	332,	'App\\Video'),
(17,	332,	'App\\Video'),
(1,	333,	'App\\Video'),
(8,	333,	'App\\Video'),
(17,	333,	'App\\Video'),
(1,	334,	'App\\Video'),
(9,	334,	'App\\Video'),
(17,	334,	'App\\Video'),
(4,	335,	'App\\Video'),
(10,	335,	'App\\Video'),
(16,	335,	'App\\Video'),
(2,	336,	'App\\Video'),
(8,	336,	'App\\Video'),
(17,	336,	'App\\Video'),
(3,	322,	'App\\Video'),
(9,	322,	'App\\Video'),
(17,	322,	'App\\Video'),
(2,	337,	'App\\Video'),
(10,	337,	'App\\Video'),
(17,	337,	'App\\Video'),
(3,	338,	'App\\Video'),
(9,	338,	'App\\Video'),
(17,	338,	'App\\Video'),
(1,	339,	'App\\Video'),
(10,	339,	'App\\Video'),
(17,	339,	'App\\Video'),
(2,	340,	'App\\Video'),
(8,	340,	'App\\Video'),
(17,	340,	'App\\Video'),
(2,	173,	'App\\ProgressBar'),
(1,	174,	'App\\ProgressBar'),
(2,	175,	'App\\ProgressBar'),
(12,	341,	'App\\Video'),
(4,	342,	'App\\Video'),
(10,	342,	'App\\Video'),
(18,	342,	'App\\Video'),
(3,	343,	'App\\Video'),
(18,	344,	'App\\Video'),
(8,	345,	'App\\Video'),
(12,	346,	'App\\Video'),
(8,	347,	'App\\Video'),
(2,	171,	'App\\ProgressBar'),
(7,	176,	'App\\ProgressBar'),
(2,	348,	'App\\Video'),
(11,	348,	'App\\Video'),
(16,	348,	'App\\Video'),
(4,	349,	'App\\Video'),
(10,	349,	'App\\Video'),
(16,	349,	'App\\Video'),
(3,	177,	'App\\ProgressBar'),
(2,	178,	'App\\ProgressBar'),
(2,	179,	'App\\ProgressBar'),
(2,	180,	'App\\ProgressBar'),
(8,	350,	'App\\Video'),
(17,	350,	'App\\Video'),
(11,	351,	'App\\Video'),
(1,	181,	'App\\ProgressBar'),
(2,	182,	'App\\ProgressBar'),
(1,	352,	'App\\Video'),
(9,	352,	'App\\Video'),
(17,	352,	'App\\Video'),
(4,	353,	'App\\Video'),
(3,	354,	'App\\Video'),
(10,	354,	'App\\Video'),
(17,	354,	'App\\Video'),
(2,	355,	'App\\Video'),
(4,	356,	'App\\Video'),
(10,	356,	'App\\Video'),
(17,	356,	'App\\Video'),
(1,	357,	'App\\Video'),
(1,	183,	'App\\ProgressBar'),
(6,	184,	'App\\ProgressBar'),
(5,	358,	'App\\Video'),
(14,	185,	'App\\ProgressBar'),
(2,	186,	'App\\ProgressBar'),
(3,	188,	'App\\ProgressBar'),
(2,	189,	'App\\ProgressBar'),
(7,	190,	'App\\ProgressBar'),
(2,	191,	'App\\ProgressBar'),
(2,	192,	'App\\ProgressBar'),
(5,	192,	'App\\ProgressBar'),
(2,	193,	'App\\ProgressBar'),
(2,	194,	'App\\ProgressBar'),
(1,	359,	'App\\Video'),
(2,	359,	'App\\Video'),
(4,	359,	'App\\Video'),
(7,	359,	'App\\Video'),
(17,	359,	'App\\Video'),
(1,	195,	'App\\ProgressBar'),
(3,	195,	'App\\ProgressBar'),
(4,	195,	'App\\ProgressBar'),
(6,	195,	'App\\ProgressBar'),
(8,	195,	'App\\ProgressBar'),
(2,	195,	'App\\ProgressBar'),
(5,	195,	'App\\ProgressBar'),
(7,	195,	'App\\ProgressBar'),
(9,	195,	'App\\ProgressBar'),
(10,	195,	'App\\ProgressBar'),
(2,	196,	'App\\ProgressBar'),
(2,	360,	'App\\Video'),
(4,	360,	'App\\Video'),
(5,	360,	'App\\Video'),
(9,	360,	'App\\Video'),
(10,	360,	'App\\Video'),
(12,	360,	'App\\Video'),
(16,	360,	'App\\Video'),
(18,	360,	'App\\Video'),
(1,	361,	'App\\Video'),
(2,	361,	'App\\Video'),
(8,	361,	'App\\Video'),
(17,	361,	'App\\Video'),
(2,	197,	'App\\ProgressBar'),
(4,	199,	'App\\ProgressBar'),
(2,	200,	'App\\ProgressBar'),
(1,	200,	'App\\ProgressBar'),
(2,	201,	'App\\ProgressBar'),
(3,	200,	'App\\ProgressBar'),
(4,	200,	'App\\ProgressBar'),
(5,	200,	'App\\ProgressBar'),
(7,	200,	'App\\ProgressBar'),
(7,	202,	'App\\ProgressBar'),
(2,	203,	'App\\ProgressBar'),
(1,	206,	'App\\ProgressBar'),
(1,	207,	'App\\ProgressBar'),
(1,	208,	'App\\ProgressBar'),
(2,	209,	'App\\ProgressBar'),
(1,	210,	'App\\ProgressBar'),
(2,	211,	'App\\ProgressBar'),
(1,	214,	'App\\ProgressBar'),
(1,	215,	'App\\ProgressBar'),
(3,	70,	'App\\Resource');

DROP TABLE IF EXISTS `esi_tags`;
CREATE TABLE `esi_tags` (
  `id` int(10) unsigned NOT NULL AUTO_INCREMENT,
  `tag` varchar(255) COLLATE utf8_unicode_ci NOT NULL,
  `type` varchar(255) COLLATE utf8_unicode_ci NOT NULL,
  PRIMARY KEY (`id`)
) ENGINE=InnoDB DEFAULT CHARSET=utf8 COLLATE=utf8_unicode_ci;

INSERT INTO `esi_tags` (`id`, `tag`, `type`) VALUES
(1,	'Patterns',	'Crosscutting Concepts'),
(2,	'Cause and Effect',	'Crosscutting Concepts'),
(3,	'Scale Proportion and Quantity',	'Crosscutting Concepts'),
(4,	'Systems and System Models',	'Crosscutting Concepts'),
(5,	'Structure and Function',	'Crosscutting Concepts'),
(6,	'Stability and Change',	'Crosscutting Concepts'),
(7,	'Making Observations',	'Practices'),
(8,	'Asking Questions and Defining Problems',	'Practices'),
(9,	'Making Predictions',	'Practices'),
(10,	'Developing and Using Models',	'Practices'),
(11,	'Planning and Carrying Out Investigations',	'Practices'),
(12,	'Using Math and Computational Thinking',	'Practices'),
(13,	'Documenting Analyzing and Interpreting Data',	'Practices'),
(14,	'Constructing Explanations and Designing Solutions',	'Practices'),
(15,	'Communicating Information',	'Practices'),
(16,	'Physical Science',	'Core Ideas'),
(17,	'Life Science',	'Core Ideas'),
(18,	'Earth and Space Science',	'Core Ideas'),
(19,	'Engineering, Technology and the Applications of Science',	'Core Ideas');

DROP TABLE IF EXISTS `esi_userables`;
CREATE TABLE `esi_userables` (
  `user_id` int(10) unsigned NOT NULL,
  `userable_id` int(10) unsigned NOT NULL,
  `userable_type` varchar(255) COLLATE utf8_unicode_ci NOT NULL
) ENGINE=InnoDB DEFAULT CHARSET=utf8 COLLATE=utf8_unicode_ci;

INSERT INTO `esi_userables` (`user_id`, `userable_id`, `userable_type`) VALUES
(7,	2,	'App\\Message'),
(8,	2,	'App\\Message'),
(9,	2,	'App\\Message'),
(10,	2,	'App\\Message'),
(11,	2,	'App\\Message'),
(12,	2,	'App\\Message'),
(13,	2,	'App\\Message'),
(14,	2,	'App\\Message'),
(15,	2,	'App\\Message'),
(16,	2,	'App\\Message'),
(17,	2,	'App\\Message'),
(18,	2,	'App\\Message'),
(19,	2,	'App\\Message'),
(20,	2,	'App\\Message'),
(21,	2,	'App\\Message'),
(22,	2,	'App\\Message'),
(24,	2,	'App\\Message'),
(28,	2,	'App\\Message'),
(29,	2,	'App\\Message'),
(30,	2,	'App\\Message'),
(31,	2,	'App\\Message'),
(32,	2,	'App\\Message'),
(33,	2,	'App\\Message'),
(34,	2,	'App\\Message'),
(35,	2,	'App\\Message'),
(36,	2,	'App\\Message'),
(37,	2,	'App\\Message'),
(38,	2,	'App\\Message'),
(39,	2,	'App\\Message'),
(40,	2,	'App\\Message'),
(41,	2,	'App\\Message'),
(42,	2,	'App\\Message'),
(43,	2,	'App\\Message'),
(44,	2,	'App\\Message'),
(45,	2,	'App\\Message'),
(48,	2,	'App\\Message'),
(49,	2,	'App\\Message'),
(50,	2,	'App\\Message'),
(51,	2,	'App\\Message'),
(52,	2,	'App\\Message'),
(53,	2,	'App\\Message'),
(54,	2,	'App\\Message'),
(55,	2,	'App\\Message'),
(58,	2,	'App\\Message'),
(59,	2,	'App\\Message'),
(60,	2,	'App\\Message'),
(61,	2,	'App\\Message'),
(62,	2,	'App\\Message'),
(63,	2,	'App\\Message'),
(64,	2,	'App\\Message'),
(65,	2,	'App\\Message'),
(66,	2,	'App\\Message'),
(67,	2,	'App\\Message'),
(69,	2,	'App\\Message'),
(2,	1,	'App\\LessonPlan'),
(1,	1,	'App\\LessonPlan'),
(2,	3,	'App\\Message'),
(1,	3,	'App\\Message'),
(2,	1,	'App\\Video'),
(1,	1,	'App\\Video'),
(2,	2,	'App\\Video'),
(1,	2,	'App\\Video'),
(2,	3,	'App\\Video'),
(1,	3,	'App\\Video'),
(2,	2,	'App\\LessonPlan'),
(1,	2,	'App\\LessonPlan'),
(2,	4,	'App\\Video'),
(1,	4,	'App\\Video'),
(2,	5,	'App\\Video'),
(13,	4,	'App\\Message'),
(3,	5,	'App\\Message'),
(2,	9,	'App\\Video'),
(78,	12,	'App\\Video'),
(78,	6,	'App\\Message'),
(80,	6,	'App\\Message'),
(84,	8,	'App\\Message'),
(78,	11,	'App\\Message'),
(80,	11,	'App\\Message'),
(78,	12,	'App\\Message'),
(6,	10,	'App\\Message'),
(25,	10,	'App\\Message'),
(26,	10,	'App\\Message'),
(46,	10,	'App\\Message'),
(47,	10,	'App\\Message'),
(56,	10,	'App\\Message'),
(57,	10,	'App\\Message'),
(78,	10,	'App\\Message'),
(79,	10,	'App\\Message'),
(80,	10,	'App\\Message'),
(85,	10,	'App\\Message'),
(86,	10,	'App\\Message'),
(87,	10,	'App\\Message'),
(88,	10,	'App\\Message'),
(89,	10,	'App\\Message'),
(90,	10,	'App\\Message'),
(91,	10,	'App\\Message'),
(130,	10,	'App\\Message'),
(131,	10,	'App\\Message'),
(132,	14,	'App\\Message'),
(132,	15,	'App\\Message'),
(79,	14,	'App\\Message'),
(130,	16,	'App\\Message'),
(58,	17,	'App\\Message'),
(59,	17,	'App\\Message'),
(60,	17,	'App\\Message'),
(61,	17,	'App\\Message'),
(62,	17,	'App\\Message'),
(63,	17,	'App\\Message'),
(64,	17,	'App\\Message'),
(65,	17,	'App\\Message'),
(66,	17,	'App\\Message'),
(67,	17,	'App\\Message'),
(69,	17,	'App\\Message'),
(132,	17,	'App\\Message'),
(6,	15,	'App\\Video'),
(25,	15,	'App\\Video'),
(26,	15,	'App\\Video'),
(46,	15,	'App\\Video'),
(47,	15,	'App\\Video'),
(56,	15,	'App\\Video'),
(57,	15,	'App\\Video'),
(78,	15,	'App\\Video'),
(79,	15,	'App\\Video'),
(80,	15,	'App\\Video'),
(85,	15,	'App\\Video'),
(86,	15,	'App\\Video'),
(87,	15,	'App\\Video'),
(88,	15,	'App\\Video'),
(89,	15,	'App\\Video'),
(90,	15,	'App\\Video'),
(91,	15,	'App\\Video'),
(130,	15,	'App\\Video'),
(131,	15,	'App\\Video'),
(79,	18,	'App\\Message'),
(78,	19,	'App\\Message'),
(78,	8,	'App\\LessonPlan'),
(79,	20,	'App\\Message'),
(79,	21,	'App\\Message'),
(79,	22,	'App\\Message'),
(6,	23,	'App\\Message'),
(25,	23,	'App\\Message'),
(26,	23,	'App\\Message'),
(47,	23,	'App\\Message'),
(56,	23,	'App\\Message'),
(57,	23,	'App\\Message'),
(78,	23,	'App\\Message'),
(79,	23,	'App\\Message'),
(80,	23,	'App\\Message'),
(85,	23,	'App\\Message'),
(86,	23,	'App\\Message'),
(87,	23,	'App\\Message'),
(88,	23,	'App\\Message'),
(89,	23,	'App\\Message'),
(91,	23,	'App\\Message'),
(130,	23,	'App\\Message'),
(131,	23,	'App\\Message'),
(133,	23,	'App\\Message'),
(6,	23,	'App\\Video'),
(25,	23,	'App\\Video'),
(26,	23,	'App\\Video'),
(47,	23,	'App\\Video'),
(56,	23,	'App\\Video'),
(57,	23,	'App\\Video'),
(78,	23,	'App\\Video'),
(79,	23,	'App\\Video'),
(80,	23,	'App\\Video'),
(85,	23,	'App\\Video'),
(86,	23,	'App\\Video'),
(87,	23,	'App\\Video'),
(88,	23,	'App\\Video'),
(89,	23,	'App\\Video'),
(91,	23,	'App\\Video'),
(130,	23,	'App\\Video'),
(131,	23,	'App\\Video'),
(133,	23,	'App\\Video'),
(134,	23,	'App\\Message'),
(134,	23,	'App\\Video'),
(135,	23,	'App\\Message'),
(141,	23,	'App\\Message'),
(138,	23,	'App\\Message'),
(140,	23,	'App\\Message'),
(139,	23,	'App\\Message'),
(23,	23,	'App\\Message'),
(68,	23,	'App\\Message'),
(6,	24,	'App\\Message'),
(25,	24,	'App\\Message'),
(47,	24,	'App\\Message'),
(56,	24,	'App\\Message'),
(57,	24,	'App\\Message'),
(78,	24,	'App\\Message'),
(79,	24,	'App\\Message'),
(80,	24,	'App\\Message'),
(85,	24,	'App\\Message'),
(86,	24,	'App\\Message'),
(87,	24,	'App\\Message'),
(88,	24,	'App\\Message'),
(89,	24,	'App\\Message'),
(91,	24,	'App\\Message'),
(130,	24,	'App\\Message'),
(131,	24,	'App\\Message'),
(133,	24,	'App\\Message'),
(134,	24,	'App\\Message'),
(6,	4,	'App\\ProgressBar'),
(2,	4,	'App\\ProgressBar'),
(1,	14,	'App\\ProgressBar'),
(7,	15,	'App\\ProgressBar'),
(2,	15,	'App\\ProgressBar'),
(11,	15,	'App\\ProgressBar'),
(145,	16,	'App\\ProgressBar'),
(149,	16,	'App\\ProgressBar'),
(150,	16,	'App\\ProgressBar'),
(6,	17,	'App\\ProgressBar'),
(8,	17,	'App\\ProgressBar'),
(2,	25,	'App\\Message'),
(149,	26,	'App\\Message'),
(149,	27,	'App\\Message'),
(149,	28,	'App\\Message'),
(149,	29,	'App\\Message'),
(149,	30,	'App\\Message'),
(150,	16,	'App\\LessonPlan'),
(149,	16,	'App\\LessonPlan'),
(149,	31,	'App\\Message'),
(149,	32,	'App\\Message'),
(149,	33,	'App\\Message'),
(149,	18,	'App\\ProgressBar'),
(79,	19,	'App\\ProgressBar'),
(79,	20,	'App\\ProgressBar'),
(132,	34,	'App\\Message'),
(132,	17,	'App\\LessonPlan'),
(79,	17,	'App\\LessonPlan'),
(132,	18,	'App\\LessonPlan'),
(79,	18,	'App\\LessonPlan'),
(132,	48,	'App\\Video'),
(132,	35,	'App\\Message'),
(79,	35,	'App\\Message'),
(79,	21,	'App\\LessonPlan'),
(132,	21,	'App\\LessonPlan'),
(79,	22,	'App\\LessonPlan'),
(132,	22,	'App\\LessonPlan'),
(79,	38,	'App\\Message'),
(79,	25,	'App\\ProgressBar'),
(78,	33,	'App\\ProgressBar'),
(2,	22,	'App\\ProgressBar'),
(7,	22,	'App\\ProgressBar'),
(79,	25,	'App\\LessonPlan'),
(150,	54,	'App\\Video'),
(79,	28,	'App\\LessonPlan'),
(149,	56,	'App\\Video'),
(149,	57,	'App\\Video'),
(149,	58,	'App\\Video'),
(79,	44,	'App\\ProgressBar'),
(79,	59,	'App\\Video'),
(79,	60,	'App\\Video'),
(79,	61,	'App\\Video'),
(79,	63,	'App\\Video'),
(132,	63,	'App\\Video'),
(79,	64,	'App\\Video'),
(79,	66,	'App\\Video'),
(6,	43,	'App\\Message'),
(8,	43,	'App\\Message'),
(150,	44,	'App\\Message'),
(79,	67,	'App\\Video'),
(79,	50,	'App\\Message'),
(79,	51,	'App\\Message'),
(79,	30,	'App\\LessonPlan'),
(79,	54,	'App\\Message'),
(79,	68,	'App\\Video'),
(150,	60,	'App\\Message'),
(150,	63,	'App\\Message'),
(150,	65,	'App\\Message'),
(150,	66,	'App\\Message'),
(150,	67,	'App\\Message'),
(150,	68,	'App\\Message'),
(150,	69,	'App\\Message'),
(150,	70,	'App\\Message'),
(150,	70,	'App\\Video'),
(150,	72,	'App\\Video'),
(150,	73,	'App\\Video'),
(79,	71,	'App\\Message'),
(79,	72,	'App\\Message'),
(79,	74,	'App\\Message'),
(150,	75,	'App\\Video'),
(150,	76,	'App\\Video'),
(8,	82,	'App\\Video'),
(61,	83,	'App\\Video'),
(58,	50,	'App\\ProgressBar'),
(59,	84,	'App\\Video'),
(60,	84,	'App\\Video'),
(150,	85,	'App\\Video'),
(59,	86,	'App\\Video'),
(150,	87,	'App\\Video'),
(58,	87,	'App\\Video'),
(79,	75,	'App\\Message'),
(79,	88,	'App\\Video'),
(79,	89,	'App\\Video'),
(79,	90,	'App\\Video'),
(79,	91,	'App\\Video'),
(79,	92,	'App\\Video'),
(79,	93,	'App\\Video'),
(79,	94,	'App\\Video'),
(79,	95,	'App\\Video'),
(79,	76,	'App\\Message'),
(149,	79,	'App\\Message'),
(149,	80,	'App\\Message'),
(149,	81,	'App\\Message'),
(149,	82,	'App\\Message'),
(149,	83,	'App\\Message'),
(149,	84,	'App\\Message'),
(149,	85,	'App\\Message'),
(149,	56,	'App\\ProgressBar'),
(150,	56,	'App\\ProgressBar'),
(150,	86,	'App\\Message'),
(79,	96,	'App\\Video'),
(79,	97,	'App\\Video'),
(79,	87,	'App\\Message'),
(79,	88,	'App\\Message'),
(79,	90,	'App\\Message'),
(79,	91,	'App\\Message'),
(79,	100,	'App\\Video'),
(79,	61,	'App\\ProgressBar'),
(79,	66,	'App\\ProgressBar'),
(79,	102,	'App\\Video'),
(79,	103,	'App\\Video'),
(150,	104,	'App\\Video'),
(149,	104,	'App\\Video'),
(79,	106,	'App\\Video'),
(79,	107,	'App\\Video'),
(79,	108,	'App\\Video'),
(150,	109,	'App\\Video'),
(79,	111,	'App\\Video'),
(132,	112,	'App\\Video'),
(132,	113,	'App\\Video'),
(79,	114,	'App\\Video'),
(79,	115,	'App\\Video'),
(132,	116,	'App\\Video'),
(79,	117,	'App\\Video'),
(132,	118,	'App\\Video'),
(132,	119,	'App\\Video'),
(79,	120,	'App\\Video'),
(79,	121,	'App\\Video'),
(79,	122,	'App\\Video'),
(132,	123,	'App\\Video'),
(79,	124,	'App\\Video'),
(132,	125,	'App\\Video'),
(79,	126,	'App\\Video'),
(132,	127,	'App\\Video'),
(132,	128,	'App\\Video'),
(132,	129,	'App\\Video'),
(79,	130,	'App\\Video'),
(79,	131,	'App\\Video'),
(150,	133,	'App\\Video'),
(132,	134,	'App\\Video'),
(79,	135,	'App\\Video'),
(154,	135,	'App\\Video'),
(79,	136,	'App\\Video'),
(154,	136,	'App\\Video'),
(153,	136,	'App\\Video'),
(155,	136,	'App\\Video'),
(156,	136,	'App\\Video'),
(157,	136,	'App\\Video'),
(158,	136,	'App\\Video'),
(159,	136,	'App\\Video'),
(154,	137,	'App\\Video'),
(153,	137,	'App\\Video'),
(156,	137,	'App\\Video'),
(79,	138,	'App\\Video'),
(132,	139,	'App\\Video'),
(79,	140,	'App\\Video'),
(79,	141,	'App\\Video'),
(154,	68,	'App\\ProgressBar'),
(154,	69,	'App\\ProgressBar'),
(150,	92,	'App\\Message'),
(79,	75,	'App\\ProgressBar'),
(154,	73,	'App\\ProgressBar'),
(154,	76,	'App\\ProgressBar'),
(154,	93,	'App\\Message'),
(154,	94,	'App\\Message'),
(154,	95,	'App\\Message'),
(154,	96,	'App\\Message'),
(154,	142,	'App\\Video'),
(154,	97,	'App\\Message'),
(154,	34,	'App\\LessonPlan'),
(79,	143,	'App\\Video'),
(154,	144,	'App\\Video'),
(154,	145,	'App\\Video'),
(154,	146,	'App\\Video'),
(154,	147,	'App\\Video'),
(79,	148,	'App\\Video'),
(79,	149,	'App\\Video'),
(79,	150,	'App\\Video'),
(79,	151,	'App\\Video'),
(154,	152,	'App\\Video'),
(154,	153,	'App\\Video'),
(79,	154,	'App\\Video'),
(154,	98,	'App\\Message'),
(79,	77,	'App\\ProgressBar'),
(79,	155,	'App\\Video'),
(154,	156,	'App\\Video'),
(154,	157,	'App\\Video'),
(79,	83,	'App\\ProgressBar'),
(79,	84,	'App\\ProgressBar'),
(154,	99,	'App\\Message'),
(79,	100,	'App\\Message'),
(154,	103,	'App\\Message'),
(79,	104,	'App\\Message'),
(154,	105,	'App\\Message'),
(154,	106,	'App\\Message'),
(154,	107,	'App\\Message'),
(154,	108,	'App\\Message'),
(154,	109,	'App\\Message'),
(154,	110,	'App\\Message'),
(154,	111,	'App\\Message'),
(154,	112,	'App\\Message'),
(79,	158,	'App\\Video'),
(154,	159,	'App\\Video'),
(154,	160,	'App\\Video'),
(79,	161,	'App\\Video'),
(145,	88,	'App\\ProgressBar'),
(149,	88,	'App\\ProgressBar'),
(154,	89,	'App\\ProgressBar'),
(1,	162,	'App\\Video'),
(59,	163,	'App\\Video'),
(1,	164,	'App\\Video'),
(1,	165,	'App\\Video'),
(1,	166,	'App\\Video'),
(1,	167,	'App\\Video'),
(1,	168,	'App\\Video'),
(1,	169,	'App\\Video'),
(1,	170,	'App\\Video'),
(1,	171,	'App\\Video'),
(154,	172,	'App\\Video'),
(79,	173,	'App\\Video'),
(1,	174,	'App\\Video'),
(154,	175,	'App\\Video'),
(155,	176,	'App\\Video'),
(1,	177,	'App\\Video'),
(1,	178,	'App\\Video'),
(154,	179,	'App\\Video'),
(1,	180,	'App\\Video'),
(1,	181,	'App\\Video'),
(154,	182,	'App\\Video'),
(155,	183,	'App\\Video'),
(154,	184,	'App\\Video'),
(154,	185,	'App\\Video'),
(154,	186,	'App\\Video'),
(1,	187,	'App\\Video'),
(153,	188,	'App\\Video'),
(1,	189,	'App\\Video'),
(1,	190,	'App\\Video'),
(1,	191,	'App\\Video'),
(1,	192,	'App\\Video'),
(1,	193,	'App\\Video'),
(1,	194,	'App\\Video'),
(1,	195,	'App\\Video'),
(1,	196,	'App\\Video'),
(150,	197,	'App\\Video'),
(154,	198,	'App\\Video'),
(1,	199,	'App\\Video'),
(1,	200,	'App\\Video'),
(1,	90,	'App\\ProgressBar'),
(1,	131,	'App\\Video'),
(150,	91,	'App\\ProgressBar'),
(149,	91,	'App\\ProgressBar'),
(154,	92,	'App\\ProgressBar'),
(155,	92,	'App\\ProgressBar'),
(159,	92,	'App\\ProgressBar'),
(154,	94,	'App\\ProgressBar'),
(1,	93,	'App\\ProgressBar'),
(79,	93,	'App\\ProgressBar'),
(145,	95,	'App\\ProgressBar'),
(151,	96,	'App\\ProgressBar'),
(149,	96,	'App\\ProgressBar'),
(1,	97,	'App\\ProgressBar'),
(79,	97,	'App\\ProgressBar'),
(1,	98,	'App\\ProgressBar'),
(154,	99,	'App\\ProgressBar'),
(159,	99,	'App\\ProgressBar'),
(145,	113,	'App\\Message'),
(1,	100,	'App\\ProgressBar'),
(1,	101,	'App\\ProgressBar'),
(79,	101,	'App\\ProgressBar'),
(154,	114,	'App\\Message'),
(1,	115,	'App\\Message'),
(154,	116,	'App\\Message'),
(1,	102,	'App\\ProgressBar'),
(1,	103,	'App\\ProgressBar'),
(1,	104,	'App\\ProgressBar'),
(79,	104,	'App\\ProgressBar'),
(1,	105,	'App\\ProgressBar'),
(79,	105,	'App\\ProgressBar'),
(2,	106,	'App\\ProgressBar'),
(8,	106,	'App\\ProgressBar'),
(1,	107,	'App\\ProgressBar'),
(79,	107,	'App\\ProgressBar'),
(154,	108,	'App\\ProgressBar'),
(1,	109,	'App\\ProgressBar'),
(1,	110,	'App\\ProgressBar'),
(1,	111,	'App\\ProgressBar'),
(79,	111,	'App\\ProgressBar'),
(154,	111,	'App\\ProgressBar'),
(155,	111,	'App\\ProgressBar'),
(159,	111,	'App\\ProgressBar'),
(1,	113,	'App\\ProgressBar'),
(154,	113,	'App\\ProgressBar'),
(1,	114,	'App\\ProgressBar'),
(1,	115,	'App\\ProgressBar'),
(79,	115,	'App\\ProgressBar'),
(1,	116,	'App\\ProgressBar'),
(1,	117,	'App\\ProgressBar'),
(79,	117,	'App\\ProgressBar'),
(1,	118,	'App\\ProgressBar'),
(1,	119,	'App\\ProgressBar'),
(149,	120,	'App\\ProgressBar'),
(150,	120,	'App\\ProgressBar'),
(1,	121,	'App\\ProgressBar'),
(1,	122,	'App\\ProgressBar'),
(1,	123,	'App\\ProgressBar'),
(1,	124,	'App\\ProgressBar'),
(154,	125,	'App\\ProgressBar'),
(159,	125,	'App\\ProgressBar'),
(1,	126,	'App\\ProgressBar'),
(1,	127,	'App\\ProgressBar'),
(1,	128,	'App\\ProgressBar'),
(1,	129,	'App\\ProgressBar'),
(1,	117,	'App\\Message'),
(1,	118,	'App\\Message'),
(1,	130,	'App\\ProgressBar'),
(149,	35,	'App\\LessonPlan'),
(1,	100,	'App\\UserShare'),
(149,	101,	'App\\UserShare'),
(149,	102,	'App\\UserShare'),
(149,	263,	'App\\Video'),
(149,	103,	'App\\UserShare'),
(149,	63,	'App\\VideoDiscussion'),
(149,	64,	'App\\VideoDiscussion'),
(132,	65,	'App\\VideoDiscussion'),
(132,	72,	'App\\VideoDiscussionQuestionAnswer'),
(154,	73,	'App\\VideoDiscussionQuestionAnswer'),
(154,	74,	'App\\VideoDiscussionQuestionAnswer'),
(154,	75,	'App\\VideoDiscussionQuestionAnswer'),
(154,	76,	'App\\VideoDiscussionQuestionAnswer'),
(149,	104,	'App\\UserShare'),
(149,	105,	'App\\UserShare'),
(149,	66,	'App\\VideoDiscussion'),
(149,	77,	'App\\VideoDiscussionQuestionAnswer'),
(149,	78,	'App\\VideoDiscussionQuestionAnswer'),
(1,	79,	'App\\VideoDiscussionQuestionAnswer'),
(1,	80,	'App\\VideoDiscussionQuestionAnswer'),
(1,	81,	'App\\VideoDiscussionQuestionAnswer'),
(149,	82,	'App\\VideoDiscussionQuestionAnswer'),
(1,	83,	'App\\VideoDiscussionQuestionAnswer'),
(1,	84,	'App\\VideoDiscussionQuestionAnswer'),
(149,	84,	'App\\VideoDiscussionQuestionAnswer'),
(1,	85,	'App\\VideoDiscussionQuestionAnswer'),
(1,	86,	'App\\VideoDiscussionQuestionAnswer'),
(149,	87,	'App\\VideoDiscussionQuestionAnswer'),
(1,	88,	'App\\VideoDiscussionQuestionAnswer'),
(149,	90,	'App\\VideoDiscussionQuestionAnswer'),
(1,	90,	'App\\VideoDiscussionQuestionAnswer'),
(149,	91,	'App\\VideoDiscussionQuestionAnswer'),
(1,	91,	'App\\VideoDiscussionQuestionAnswer'),
(1,	106,	'App\\UserShare'),
(1,	107,	'App\\UserShare'),
(1,	131,	'App\\ProgressBar'),
(149,	128,	'App\\ProgressBar'),
(1,	132,	'App\\ProgressBar'),
(1,	82,	'App\\ProgressBarStepProgress'),
(149,	82,	'App\\ProgressBarStepProgress'),
(1,	83,	'App\\ProgressBarStepProgress'),
(1,	84,	'App\\ProgressBarStepProgress'),
(149,	84,	'App\\ProgressBarStepProgress'),
(1,	85,	'App\\ProgressBarStepProgress'),
(149,	85,	'App\\ProgressBarStepProgress'),
(1,	86,	'App\\ProgressBarStepProgress'),
(149,	86,	'App\\ProgressBarStepProgress'),
(1,	87,	'App\\ProgressBarStepProgress'),
(1,	88,	'App\\ProgressBarStepProgress'),
(1,	89,	'App\\ProgressBarStepProgress'),
(1,	90,	'App\\ProgressBarStepProgress'),
(1,	91,	'App\\ProgressBarStepProgress'),
(1,	92,	'App\\ProgressBarStepProgress'),
(159,	108,	'App\\UserShare'),
(1,	133,	'App\\ProgressBar'),
(1,	272,	'App\\Video'),
(1,	134,	'App\\ProgressBar'),
(1,	135,	'App\\ProgressBar'),
(1,	93,	'App\\ProgressBarStepProgress'),
(1,	136,	'App\\ProgressBar'),
(1,	94,	'App\\ProgressBarStepProgress'),
(1,	95,	'App\\ProgressBarStepProgress'),
(1,	75,	'App\\VideoDiscussion'),
(1,	92,	'App\\VideoDiscussionQuestionAnswer'),
(1,	259,	'App\\ProgressBarStep'),
(1,	260,	'App\\ProgressBarStep'),
(1,	261,	'App\\ProgressBarStep'),
(1,	262,	'App\\ProgressBarStep'),
(1,	263,	'App\\ProgressBarStep'),
(1,	264,	'App\\ProgressBarStep'),
(1,	265,	'App\\ProgressBarStep'),
(1,	266,	'App\\ProgressBarStep'),
(1,	267,	'App\\ProgressBarStep'),
(1,	268,	'App\\ProgressBarStep'),
(1,	269,	'App\\ProgressBarStep'),
(1,	270,	'App\\ProgressBarStep'),
(1,	271,	'App\\ProgressBarStep'),
(1,	272,	'App\\ProgressBarStep'),
(1,	273,	'App\\ProgressBarStep'),
(1,	253,	'App\\ProgressBarStep'),
(1,	251,	'App\\ProgressBarStep'),
(1,	252,	'App\\ProgressBarStep'),
(1,	254,	'App\\ProgressBarStep'),
(1,	255,	'App\\ProgressBarStep'),
(1,	258,	'App\\ProgressBarStep'),
(1,	281,	'App\\ProgressBarStep'),
(1,	282,	'App\\ProgressBarStep'),
(1,	283,	'App\\ProgressBarStep'),
(1,	284,	'App\\ProgressBarStep'),
(1,	285,	'App\\ProgressBarStep'),
(1,	286,	'App\\ProgressBarStep'),
(1,	287,	'App\\ProgressBarStep'),
(1,	288,	'App\\ProgressBarStep'),
(1,	289,	'App\\ProgressBarStep'),
(1,	290,	'App\\ProgressBarStep'),
(1,	291,	'App\\ProgressBarStep'),
(1,	292,	'App\\ProgressBarStep'),
(1,	293,	'App\\ProgressBarStep'),
(1,	294,	'App\\ProgressBarStep'),
(1,	295,	'App\\ProgressBarStep'),
(1,	280,	'App\\ProgressBarStep'),
(1,	296,	'App\\ProgressBarStep'),
(1,	297,	'App\\ProgressBarStep'),
(1,	298,	'App\\ProgressBarStep'),
(1,	299,	'App\\ProgressBarStep'),
(1,	302,	'App\\ProgressBarStep'),
(1,	303,	'App\\ProgressBarStep'),
(1,	304,	'App\\ProgressBarStep'),
(1,	305,	'App\\ProgressBarStep'),
(1,	306,	'App\\ProgressBarStep'),
(1,	307,	'App\\ProgressBarStep'),
(1,	308,	'App\\ProgressBarStep'),
(1,	309,	'App\\ProgressBarStep'),
(1,	310,	'App\\ProgressBarStep'),
(1,	311,	'App\\ProgressBarStep'),
(1,	332,	'App\\ProgressBarStep'),
(1,	342,	'App\\ProgressBarStep'),
(1,	343,	'App\\ProgressBarStep'),
(1,	344,	'App\\ProgressBarStep'),
(1,	345,	'App\\ProgressBarStep'),
(1,	382,	'App\\ProgressBarStep'),
(1,	383,	'App\\ProgressBarStep'),
(1,	384,	'App\\ProgressBarStep'),
(1,	391,	'App\\ProgressBarStep'),
(1,	392,	'App\\ProgressBarStep'),
(1,	393,	'App\\ProgressBarStep'),
(1,	394,	'App\\ProgressBarStep'),
(1,	395,	'App\\ProgressBarStep'),
(1,	396,	'App\\ProgressBarStep'),
(1,	397,	'App\\ProgressBarStep'),
(1,	398,	'App\\ProgressBarStep'),
(1,	399,	'App\\ProgressBarStep'),
(1,	400,	'App\\ProgressBarStep'),
(1,	401,	'App\\ProgressBarStep'),
(1,	420,	'App\\ProgressBarStep'),
(1,	421,	'App\\ProgressBarStep'),
(1,	423,	'App\\ProgressBarStep'),
(1,	435,	'App\\ProgressBarStep'),
(1,	441,	'App\\ProgressBarStep'),
(1,	448,	'App\\ProgressBarStep'),
(1,	449,	'App\\ProgressBarStep'),
(1,	450,	'App\\ProgressBarStep'),
(1,	451,	'App\\ProgressBarStep'),
(1,	453,	'App\\ProgressBarStep'),
(1,	454,	'App\\ProgressBarStep'),
(1,	455,	'App\\ProgressBarStep'),
(1,	456,	'App\\ProgressBarStep'),
(1,	457,	'App\\ProgressBarStep'),
(1,	459,	'App\\ProgressBarStep'),
(1,	460,	'App\\ProgressBarStep'),
(1,	461,	'App\\ProgressBarStep'),
(1,	462,	'App\\ProgressBarStep'),
(1,	464,	'App\\ProgressBarStep'),
(1,	465,	'App\\ProgressBarStep'),
(1,	466,	'App\\ProgressBarStep'),
(1,	467,	'App\\ProgressBarStep'),
(1,	490,	'App\\ProgressBarStep'),
(1,	492,	'App\\ProgressBarStep'),
(1,	490,	'App\\ProgressBarStep'),
(1,	492,	'App\\ProgressBarStep'),
(1,	490,	'App\\ProgressBarStep'),
(1,	492,	'App\\ProgressBarStep'),
(1,	76,	'App\\VideoDiscussion'),
(1,	474,	'App\\ProgressBarStep'),
(1,	471,	'App\\ProgressBarStep'),
(1,	474,	'App\\ProgressBarStep'),
(1,	471,	'App\\ProgressBarStep'),
(1,	474,	'App\\ProgressBarStep'),
(1,	471,	'App\\ProgressBarStep'),
(1,	474,	'App\\ProgressBarStep'),
(1,	471,	'App\\ProgressBarStep'),
(1,	474,	'App\\ProgressBarStep'),
(1,	471,	'App\\ProgressBarStep'),
(1,	474,	'App\\ProgressBarStep'),
(1,	471,	'App\\ProgressBarStep'),
(1,	474,	'App\\ProgressBarStep'),
(1,	471,	'App\\ProgressBarStep'),
(1,	474,	'App\\ProgressBarStep'),
(1,	471,	'App\\ProgressBarStep'),
(1,	474,	'App\\ProgressBarStep'),
(1,	471,	'App\\ProgressBarStep'),
(1,	474,	'App\\ProgressBarStep'),
(1,	471,	'App\\ProgressBarStep'),
(1,	474,	'App\\ProgressBarStep'),
(1,	471,	'App\\ProgressBarStep'),
(1,	474,	'App\\ProgressBarStep'),
(1,	471,	'App\\ProgressBarStep'),
(1,	474,	'App\\ProgressBarStep'),
(1,	471,	'App\\ProgressBarStep'),
(1,	137,	'App\\ProgressBar'),
(1,	494,	'App\\ProgressBarStep'),
(149,	496,	'App\\ProgressBarStep'),
(149,	495,	'App\\ProgressBarStep'),
(1,	96,	'App\\ProgressBarStepProgress'),
(1,	97,	'App\\ProgressBarStepProgress'),
(1,	98,	'App\\ProgressBarStepProgress'),
(1,	99,	'App\\ProgressBarStepProgress'),
(1,	100,	'App\\ProgressBarStepProgress'),
(1,	101,	'App\\ProgressBarStepProgress'),
(1,	102,	'App\\ProgressBarStepProgress'),
(1,	103,	'App\\ProgressBarStepProgress'),
(1,	104,	'App\\ProgressBarStepProgress'),
(1,	105,	'App\\ProgressBarStepProgress'),
(1,	106,	'App\\ProgressBarStepProgress'),
(1,	107,	'App\\ProgressBarStepProgress'),
(1,	77,	'App\\VideoDiscussion'),
(1,	93,	'App\\VideoDiscussionQuestionAnswer'),
(1,	93,	'App\\VideoDiscussionQuestionAnswer'),
(1,	93,	'App\\VideoDiscussionQuestionAnswer'),
(1,	94,	'App\\VideoDiscussionQuestionAnswer'),
(1,	94,	'App\\VideoDiscussionQuestionAnswer'),
(1,	94,	'App\\VideoDiscussionQuestionAnswer'),
(1,	138,	'App\\ProgressBar'),
(149,	138,	'App\\ProgressBar'),
(1,	499,	'App\\ProgressBarStep'),
(1,	500,	'App\\ProgressBarStep'),
(1,	501,	'App\\ProgressBarStep'),
(1,	502,	'App\\ProgressBarStep'),
(1,	503,	'App\\ProgressBarStep'),
(1,	504,	'App\\ProgressBarStep'),
(1,	506,	'App\\ProgressBarStep'),
(1,	507,	'App\\ProgressBarStep'),
(1,	508,	'App\\ProgressBarStep'),
(1,	509,	'App\\ProgressBarStep'),
(1,	510,	'App\\ProgressBarStep'),
(1,	514,	'App\\ProgressBarStep'),
(1,	516,	'App\\ProgressBarStep'),
(1,	524,	'App\\ProgressBarStep'),
(1,	525,	'App\\ProgressBarStep'),
(1,	526,	'App\\ProgressBarStep'),
(1,	527,	'App\\ProgressBarStep'),
(1,	528,	'App\\ProgressBarStep'),
(1,	529,	'App\\ProgressBarStep'),
(1,	532,	'App\\ProgressBarStep'),
(1,	533,	'App\\ProgressBarStep'),
(1,	535,	'App\\ProgressBarStep'),
(1,	536,	'App\\ProgressBarStep'),
(1,	537,	'App\\ProgressBarStep'),
(1,	538,	'App\\ProgressBarStep'),
(1,	543,	'App\\ProgressBarStep'),
(1,	544,	'App\\ProgressBarStep'),
(1,	554,	'App\\ProgressBarStep'),
(1,	555,	'App\\ProgressBarStep'),
(1,	556,	'App\\ProgressBarStep'),
(1,	558,	'App\\ProgressBarStep'),
(1,	560,	'App\\ProgressBarStep'),
(1,	561,	'App\\ProgressBarStep'),
(1,	562,	'App\\ProgressBarStep'),
(1,	563,	'App\\ProgressBarStep'),
(1,	564,	'App\\ProgressBarStep'),
(1,	566,	'App\\ProgressBarStep'),
(1,	568,	'App\\ProgressBarStep'),
(1,	570,	'App\\ProgressBarStep'),
(1,	572,	'App\\ProgressBarStep'),
(1,	573,	'App\\ProgressBarStep'),
(1,	575,	'App\\ProgressBarStep'),
(1,	576,	'App\\ProgressBarStep'),
(1,	578,	'App\\ProgressBarStep'),
(1,	580,	'App\\ProgressBarStep'),
(1,	582,	'App\\ProgressBarStep'),
(1,	583,	'App\\ProgressBarStep'),
(1,	584,	'App\\ProgressBarStep'),
(1,	139,	'App\\ProgressBar'),
(1,	585,	'App\\ProgressBarStep'),
(1,	586,	'App\\ProgressBarStep'),
(1,	108,	'App\\ProgressBarStepProgress'),
(1,	109,	'App\\ProgressBarStepProgress'),
(1,	78,	'App\\VideoDiscussion'),
(1,	95,	'App\\VideoDiscussionQuestionAnswer'),
(1,	96,	'App\\VideoDiscussionQuestionAnswer'),
(1,	97,	'App\\VideoDiscussionQuestionAnswer'),
(1,	109,	'App\\UserShare'),
(1,	140,	'App\\ProgressBar'),
(1,	110,	'App\\ProgressBarStepProgress'),
(1,	111,	'App\\ProgressBarStepProgress'),
(1,	112,	'App\\ProgressBarStepProgress'),
(1,	141,	'App\\ProgressBar'),
(1,	113,	'App\\ProgressBarStepProgress'),
(1,	114,	'App\\ProgressBarStepProgress'),
(1,	115,	'App\\ProgressBarStepProgress'),
(1,	142,	'App\\ProgressBar'),
(1,	143,	'App\\ProgressBar'),
(1,	116,	'App\\ProgressBarStepProgress'),
(1,	117,	'App\\ProgressBarStepProgress'),
(1,	118,	'App\\ProgressBarStepProgress'),
(1,	119,	'App\\ProgressBarStepProgress'),
(1,	120,	'App\\ProgressBarStepProgress'),
(1,	121,	'App\\ProgressBarStepProgress'),
(1,	122,	'App\\ProgressBarStepProgress'),
(1,	79,	'App\\VideoDiscussion'),
(1,	98,	'App\\VideoDiscussionQuestionAnswer'),
(1,	98,	'App\\VideoDiscussionQuestionAnswer'),
(1,	99,	'App\\VideoDiscussionQuestionAnswer'),
(1,	99,	'App\\VideoDiscussionQuestionAnswer'),
(1,	98,	'App\\VideoDiscussionQuestionAnswer'),
(1,	100,	'App\\VideoDiscussionQuestionAnswer'),
(1,	80,	'App\\VideoDiscussion'),
(1,	101,	'App\\VideoDiscussionQuestionAnswer'),
(1,	101,	'App\\VideoDiscussionQuestionAnswer'),
(1,	285,	'App\\Video'),
(1,	81,	'App\\VideoDiscussion'),
(1,	102,	'App\\VideoDiscussionQuestionAnswer'),
(1,	103,	'App\\VideoDiscussionQuestionAnswer'),
(1,	82,	'App\\VideoDiscussion'),
(1,	83,	'App\\VideoDiscussion'),
(1,	84,	'App\\VideoDiscussion'),
(1,	85,	'App\\VideoDiscussion'),
(1,	86,	'App\\VideoDiscussion'),
(1,	87,	'App\\VideoDiscussion'),
(1,	88,	'App\\VideoDiscussion'),
(1,	89,	'App\\VideoDiscussion'),
(1,	144,	'App\\ProgressBar'),
(1,	145,	'App\\ProgressBar'),
(1,	146,	'App\\ProgressBar'),
(1,	147,	'App\\ProgressBar'),
(1,	148,	'App\\ProgressBar'),
(1,	149,	'App\\ProgressBar'),
(1,	150,	'App\\ProgressBar'),
(1,	119,	'App\\Message'),
(1,	284,	'App\\Video'),
(1,	90,	'App\\VideoDiscussion'),
(1,	110,	'App\\UserShare'),
(2,	111,	'App\\UserShare'),
(8,	112,	'App\\UserShare'),
(7,	151,	'App\\ProgressBar'),
(8,	151,	'App\\ProgressBar'),
(10,	151,	'App\\ProgressBar'),
(11,	151,	'App\\ProgressBar'),
(12,	151,	'App\\ProgressBar'),
(13,	151,	'App\\ProgressBar'),
(14,	151,	'App\\ProgressBar'),
(15,	151,	'App\\ProgressBar'),
(16,	151,	'App\\ProgressBar'),
(17,	151,	'App\\ProgressBar'),
(18,	151,	'App\\ProgressBar'),
(19,	151,	'App\\ProgressBar'),
(20,	151,	'App\\ProgressBar'),
(21,	151,	'App\\ProgressBar'),
(22,	151,	'App\\ProgressBar'),
(28,	151,	'App\\ProgressBar'),
(29,	151,	'App\\ProgressBar'),
(30,	151,	'App\\ProgressBar'),
(31,	151,	'App\\ProgressBar'),
(32,	151,	'App\\ProgressBar'),
(33,	151,	'App\\ProgressBar'),
(34,	151,	'App\\ProgressBar'),
(35,	151,	'App\\ProgressBar'),
(36,	151,	'App\\ProgressBar'),
(37,	151,	'App\\ProgressBar'),
(38,	151,	'App\\ProgressBar'),
(39,	151,	'App\\ProgressBar'),
(40,	151,	'App\\ProgressBar'),
(41,	151,	'App\\ProgressBar'),
(42,	151,	'App\\ProgressBar'),
(43,	151,	'App\\ProgressBar'),
(44,	151,	'App\\ProgressBar'),
(45,	151,	'App\\ProgressBar'),
(48,	151,	'App\\ProgressBar'),
(49,	151,	'App\\ProgressBar'),
(50,	151,	'App\\ProgressBar'),
(51,	151,	'App\\ProgressBar'),
(52,	151,	'App\\ProgressBar'),
(53,	151,	'App\\ProgressBar'),
(54,	151,	'App\\ProgressBar'),
(55,	151,	'App\\ProgressBar'),
(58,	151,	'App\\ProgressBar'),
(59,	151,	'App\\ProgressBar'),
(60,	151,	'App\\ProgressBar'),
(61,	151,	'App\\ProgressBar'),
(62,	151,	'App\\ProgressBar'),
(63,	151,	'App\\ProgressBar'),
(64,	151,	'App\\ProgressBar'),
(65,	151,	'App\\ProgressBar'),
(66,	151,	'App\\ProgressBar'),
(67,	151,	'App\\ProgressBar'),
(69,	151,	'App\\ProgressBar'),
(92,	151,	'App\\ProgressBar'),
(93,	151,	'App\\ProgressBar'),
(94,	151,	'App\\ProgressBar'),
(95,	151,	'App\\ProgressBar'),
(96,	151,	'App\\ProgressBar'),
(97,	151,	'App\\ProgressBar'),
(98,	151,	'App\\ProgressBar'),
(99,	151,	'App\\ProgressBar'),
(100,	151,	'App\\ProgressBar'),
(101,	151,	'App\\ProgressBar'),
(103,	151,	'App\\ProgressBar'),
(105,	151,	'App\\ProgressBar'),
(106,	151,	'App\\ProgressBar'),
(107,	151,	'App\\ProgressBar'),
(108,	151,	'App\\ProgressBar'),
(109,	151,	'App\\ProgressBar'),
(110,	151,	'App\\ProgressBar'),
(111,	151,	'App\\ProgressBar'),
(112,	151,	'App\\ProgressBar'),
(113,	151,	'App\\ProgressBar'),
(114,	151,	'App\\ProgressBar'),
(115,	151,	'App\\ProgressBar'),
(116,	151,	'App\\ProgressBar'),
(117,	151,	'App\\ProgressBar'),
(118,	151,	'App\\ProgressBar'),
(119,	151,	'App\\ProgressBar'),
(120,	151,	'App\\ProgressBar'),
(121,	151,	'App\\ProgressBar'),
(122,	151,	'App\\ProgressBar'),
(123,	151,	'App\\ProgressBar'),
(124,	151,	'App\\ProgressBar'),
(125,	151,	'App\\ProgressBar'),
(126,	151,	'App\\ProgressBar'),
(127,	151,	'App\\ProgressBar'),
(128,	151,	'App\\ProgressBar'),
(129,	151,	'App\\ProgressBar'),
(132,	151,	'App\\ProgressBar'),
(149,	151,	'App\\ProgressBar'),
(150,	151,	'App\\ProgressBar'),
(154,	151,	'App\\ProgressBar'),
(154,	286,	'App\\Video'),
(154,	288,	'App\\Video'),
(1,	104,	'App\\VideoDiscussionQuestionAnswer'),
(1,	105,	'App\\VideoDiscussionQuestionAnswer'),
(1,	104,	'App\\VideoDiscussionQuestionAnswer'),
(1,	104,	'App\\VideoDiscussionQuestionAnswer'),
(1,	105,	'App\\VideoDiscussionQuestionAnswer'),
(1,	105,	'App\\VideoDiscussionQuestionAnswer'),
(1,	106,	'App\\VideoDiscussionQuestionAnswer'),
(1,	91,	'App\\VideoDiscussion'),
(155,	107,	'App\\VideoDiscussionQuestionAnswer'),
(154,	107,	'App\\VideoDiscussionQuestionAnswer'),
(1,	107,	'App\\VideoDiscussionQuestionAnswer'),
(1,	104,	'App\\VideoDiscussionQuestionAnswer'),
(1,	106,	'App\\VideoDiscussionQuestionAnswer'),
(1,	106,	'App\\VideoDiscussionQuestionAnswer'),
(1,	108,	'App\\VideoDiscussionQuestionAnswer'),
(1,	109,	'App\\VideoDiscussionQuestionAnswer'),
(1,	92,	'App\\VideoDiscussion'),
(1,	108,	'App\\VideoDiscussionQuestionAnswer'),
(1,	93,	'App\\VideoDiscussion'),
(1,	110,	'App\\VideoDiscussionQuestionAnswer'),
(1,	108,	'App\\VideoDiscussionQuestionAnswer'),
(1,	108,	'App\\VideoDiscussionQuestionAnswer'),
(1,	113,	'App\\UserShare'),
(79,	114,	'App\\UserShare'),
(153,	115,	'App\\UserShare'),
(154,	289,	'App\\Video'),
(154,	289,	'App\\Video'),
(154,	291,	'App\\Video'),
(1,	111,	'App\\VideoDiscussionQuestionAnswer'),
(1,	112,	'App\\VideoDiscussionQuestionAnswer'),
(1,	113,	'App\\VideoDiscussionQuestionAnswer'),
(1,	116,	'App\\UserShare'),
(159,	117,	'App\\UserShare'),
(1,	118,	'App\\UserShare'),
(159,	119,	'App\\UserShare'),
(1,	94,	'App\\VideoDiscussion'),
(1,	114,	'App\\VideoDiscussionQuestionAnswer'),
(1,	114,	'App\\VideoDiscussionQuestionAnswer'),
(1,	115,	'App\\VideoDiscussionQuestionAnswer'),
(154,	296,	'App\\Video'),
(154,	297,	'App\\Video'),
(155,	116,	'App\\VideoDiscussionQuestionAnswer'),
(154,	116,	'App\\VideoDiscussionQuestionAnswer'),
(1,	116,	'App\\VideoDiscussionQuestionAnswer'),
(154,	301,	'App\\Video'),
(1,	120,	'App\\UserShare'),
(159,	121,	'App\\UserShare'),
(155,	107,	'App\\VideoDiscussionQuestionAnswer'),
(154,	107,	'App\\VideoDiscussionQuestionAnswer'),
(1,	107,	'App\\VideoDiscussionQuestionAnswer'),
(154,	58,	'App\\VideoDiscussionQuestionAnswer'),
(1,	58,	'App\\VideoDiscussionQuestionAnswer'),
(154,	117,	'App\\VideoDiscussionQuestionAnswer'),
(1,	117,	'App\\VideoDiscussionQuestionAnswer'),
(154,	118,	'App\\VideoDiscussionQuestionAnswer'),
(1,	118,	'App\\VideoDiscussionQuestionAnswer'),
(154,	304,	'App\\Video'),
(1,	123,	'App\\ProgressBarStepProgress'),
(1,	152,	'App\\ProgressBar'),
(1,	124,	'App\\ProgressBarStepProgress'),
(1,	125,	'App\\ProgressBarStepProgress'),
(159,	153,	'App\\ProgressBar'),
(159,	121,	'App\\Message'),
(63,	154,	'App\\ProgressBar'),
(155,	59,	'App\\VideoDiscussionQuestionAnswer'),
(154,	59,	'App\\VideoDiscussionQuestionAnswer'),
(1,	59,	'App\\VideoDiscussionQuestionAnswer'),
(155,	119,	'App\\VideoDiscussionQuestionAnswer'),
(154,	119,	'App\\VideoDiscussionQuestionAnswer'),
(1,	119,	'App\\VideoDiscussionQuestionAnswer'),
(1,	122,	'App\\UserShare'),
(155,	119,	'App\\VideoDiscussionQuestionAnswer'),
(154,	119,	'App\\VideoDiscussionQuestionAnswer'),
(1,	119,	'App\\VideoDiscussionQuestionAnswer'),
(1,	155,	'App\\ProgressBar'),
(159,	155,	'App\\ProgressBar'),
(159,	123,	'App\\UserShare'),
(155,	120,	'App\\VideoDiscussionQuestionAnswer'),
(154,	120,	'App\\VideoDiscussionQuestionAnswer'),
(1,	120,	'App\\VideoDiscussionQuestionAnswer'),
(159,	307,	'App\\Video'),
(154,	307,	'App\\Video'),
(159,	124,	'App\\UserShare'),
(159,	125,	'App\\UserShare'),
(159,	308,	'App\\Video'),
(154,	308,	'App\\Video'),
(154,	306,	'App\\Video'),
(155,	121,	'App\\VideoDiscussionQuestionAnswer'),
(154,	121,	'App\\VideoDiscussionQuestionAnswer'),
(1,	121,	'App\\VideoDiscussionQuestionAnswer'),
(159,	126,	'App\\UserShare'),
(159,	127,	'App\\UserShare'),
(155,	122,	'App\\VideoDiscussionQuestionAnswer'),
(154,	122,	'App\\VideoDiscussionQuestionAnswer'),
(1,	122,	'App\\VideoDiscussionQuestionAnswer'),
(159,	156,	'App\\ProgressBar'),
(154,	123,	'App\\VideoDiscussionQuestionAnswer'),
(1,	123,	'App\\VideoDiscussionQuestionAnswer'),
(159,	122,	'App\\Message'),
(159,	128,	'App\\UserShare'),
(159,	157,	'App\\ProgressBar'),
(154,	124,	'App\\VideoDiscussionQuestionAnswer'),
(1,	124,	'App\\VideoDiscussionQuestionAnswer'),
(154,	125,	'App\\VideoDiscussionQuestionAnswer'),
(1,	125,	'App\\VideoDiscussionQuestionAnswer'),
(154,	126,	'App\\VideoDiscussionQuestionAnswer'),
(1,	126,	'App\\VideoDiscussionQuestionAnswer'),
(154,	127,	'App\\VideoDiscussionQuestionAnswer'),
(1,	127,	'App\\VideoDiscussionQuestionAnswer'),
(159,	310,	'App\\Video'),
(154,	310,	'App\\Video'),
(159,	309,	'App\\Video'),
(154,	309,	'App\\Video'),
(159,	293,	'App\\Video'),
(1,	293,	'App\\Video'),
(154,	293,	'App\\Video'),
(79,	287,	'App\\Video'),
(153,	287,	'App\\Video'),
(154,	287,	'App\\Video'),
(154,	312,	'App\\Video'),
(154,	313,	'App\\Video'),
(1,	129,	'App\\UserShare'),
(159,	130,	'App\\UserShare'),
(58,	131,	'App\\UserShare'),
(155,	128,	'App\\VideoDiscussionQuestionAnswer'),
(154,	128,	'App\\VideoDiscussionQuestionAnswer'),
(1,	128,	'App\\VideoDiscussionQuestionAnswer'),
(159,	95,	'App\\VideoDiscussion'),
(1,	95,	'App\\VideoDiscussion'),
(154,	95,	'App\\VideoDiscussion'),
(159,	129,	'App\\VideoDiscussionQuestionAnswer'),
(1,	129,	'App\\VideoDiscussionQuestionAnswer'),
(154,	129,	'App\\VideoDiscussionQuestionAnswer'),
(1,	132,	'App\\UserShare'),
(159,	133,	'App\\UserShare'),
(153,	134,	'App\\UserShare'),
(2,	158,	'App\\ProgressBar'),
(7,	158,	'App\\ProgressBar'),
(1,	158,	'App\\ProgressBar'),
(1,	159,	'App\\ProgressBar'),
(7,	159,	'App\\ProgressBar'),
(1,	124,	'App\\Message'),
(154,	125,	'App\\Message'),
(1,	126,	'App\\Message'),
(1,	127,	'App\\Message'),
(1,	128,	'App\\Message'),
(154,	129,	'App\\Message'),
(154,	130,	'App\\Message'),
(1,	131,	'App\\Message'),
(1,	132,	'App\\Message'),
(1,	96,	'App\\VideoDiscussion'),
(1,	130,	'App\\VideoDiscussionQuestionAnswer'),
(1,	160,	'App\\ProgressBar'),
(1,	126,	'App\\ProgressBarStepProgress'),
(1,	127,	'App\\ProgressBarStepProgress'),
(1,	128,	'App\\ProgressBarStepProgress'),
(1,	130,	'App\\VideoDiscussionQuestionAnswer'),
(1,	161,	'App\\ProgressBar'),
(1,	97,	'App\\VideoDiscussion'),
(1,	131,	'App\\VideoDiscussionQuestionAnswer'),
(1,	132,	'App\\VideoDiscussionQuestionAnswer'),
(1,	133,	'App\\VideoDiscussionQuestionAnswer'),
(1,	131,	'App\\VideoDiscussionQuestionAnswer'),
(1,	135,	'App\\UserShare'),
(154,	136,	'App\\UserShare'),
(1,	162,	'App\\ProgressBar'),
(1,	129,	'App\\ProgressBarStepProgress'),
(1,	133,	'App\\Message'),
(1,	134,	'App\\Message'),
(154,	98,	'App\\VideoDiscussion'),
(1,	98,	'App\\VideoDiscussion'),
(1,	130,	'App\\ProgressBarStepProgress'),
(1,	99,	'App\\VideoDiscussion'),
(6,	163,	'App\\ProgressBar'),
(1,	163,	'App\\ProgressBar'),
(1,	164,	'App\\ProgressBar'),
(155,	326,	'App\\Video'),
(155,	327,	'App\\Video'),
(1,	165,	'App\\ProgressBar'),
(1,	131,	'App\\ProgressBarStepProgress'),
(1,	136,	'App\\Message'),
(79,	137,	'App\\UserShare'),
(79,	100,	'App\\VideoDiscussion'),
(155,	100,	'App\\VideoDiscussion'),
(79,	134,	'App\\VideoDiscussionQuestionAnswer'),
(155,	134,	'App\\VideoDiscussionQuestionAnswer'),
(79,	134,	'App\\VideoDiscussionQuestionAnswer'),
(155,	134,	'App\\VideoDiscussionQuestionAnswer'),
(79,	135,	'App\\VideoDiscussionQuestionAnswer'),
(155,	135,	'App\\VideoDiscussionQuestionAnswer'),
(79,	134,	'App\\VideoDiscussionQuestionAnswer'),
(155,	134,	'App\\VideoDiscussionQuestionAnswer'),
(154,	136,	'App\\VideoDiscussionQuestionAnswer'),
(1,	136,	'App\\VideoDiscussionQuestionAnswer'),
(154,	325,	'App\\Video'),
(1,	101,	'App\\VideoDiscussion'),
(155,	102,	'App\\VideoDiscussion'),
(149,	166,	'App\\ProgressBar'),
(158,	167,	'App\\ProgressBar'),
(149,	138,	'App\\Message'),
(1,	139,	'App\\Message'),
(1,	140,	'App\\Message'),
(1,	141,	'App\\Message'),
(1,	142,	'App\\Message'),
(1,	143,	'App\\Message'),
(1,	144,	'App\\Message'),
(1,	103,	'App\\VideoDiscussion'),
(1,	104,	'App\\VideoDiscussion'),
(1,	105,	'App\\VideoDiscussion'),
(1,	106,	'App\\VideoDiscussion'),
(1,	137,	'App\\VideoDiscussionQuestionAnswer'),
(1,	138,	'App\\VideoDiscussionQuestionAnswer'),
(1,	107,	'App\\VideoDiscussion'),
(1,	168,	'App\\ProgressBar'),
(1,	132,	'App\\ProgressBarStepProgress'),
(1,	133,	'App\\ProgressBarStepProgress'),
(1,	108,	'App\\VideoDiscussion'),
(1,	139,	'App\\VideoDiscussionQuestionAnswer'),
(1,	140,	'App\\VideoDiscussionQuestionAnswer'),
(1,	139,	'App\\VideoDiscussionQuestionAnswer'),
(1,	109,	'App\\VideoDiscussion'),
(1,	155,	'App\\VideoDiscussionQuestionAnswer'),
(1,	156,	'App\\VideoDiscussionQuestionAnswer'),
(1,	159,	'App\\VideoDiscussionQuestionAnswer'),
(1,	160,	'App\\VideoDiscussionQuestionAnswer'),
(1,	110,	'App\\VideoDiscussion'),
(1,	161,	'App\\VideoDiscussionQuestionAnswer'),
(1,	162,	'App\\VideoDiscussionQuestionAnswer'),
(1,	163,	'App\\VideoDiscussionQuestionAnswer'),
(1,	164,	'App\\VideoDiscussionQuestionAnswer'),
(1,	165,	'App\\VideoDiscussionQuestionAnswer'),
(1,	164,	'App\\VideoDiscussionQuestionAnswer'),
(1,	164,	'App\\VideoDiscussionQuestionAnswer'),
(1,	165,	'App\\VideoDiscussionQuestionAnswer'),
(1,	165,	'App\\VideoDiscussionQuestionAnswer'),
(1,	166,	'App\\VideoDiscussionQuestionAnswer'),
(1,	167,	'App\\VideoDiscussionQuestionAnswer'),
(1,	167,	'App\\VideoDiscussionQuestionAnswer'),
(1,	168,	'App\\VideoDiscussionQuestionAnswer'),
(1,	169,	'App\\VideoDiscussionQuestionAnswer'),
(1,	170,	'App\\VideoDiscussionQuestionAnswer'),
(1,	171,	'App\\VideoDiscussionQuestionAnswer'),
(1,	111,	'App\\VideoDiscussion'),
(1,	174,	'App\\VideoDiscussionQuestionAnswer'),
(1,	175,	'App\\VideoDiscussionQuestionAnswer'),
(1,	176,	'App\\VideoDiscussionQuestionAnswer'),
(1,	177,	'App\\VideoDiscussionQuestionAnswer'),
(1,	178,	'App\\VideoDiscussionQuestionAnswer'),
(1,	179,	'App\\VideoDiscussionQuestionAnswer'),
(1,	180,	'App\\VideoDiscussionQuestionAnswer'),
(1,	181,	'App\\VideoDiscussionQuestionAnswer'),
(1,	182,	'App\\VideoDiscussionQuestionAnswer'),
(1,	183,	'App\\VideoDiscussionQuestionAnswer'),
(1,	184,	'App\\VideoDiscussionQuestionAnswer'),
(1,	185,	'App\\VideoDiscussionQuestionAnswer'),
(1,	180,	'App\\VideoDiscussionQuestionAnswer'),
(1,	180,	'App\\VideoDiscussionQuestionAnswer'),
(1,	182,	'App\\VideoDiscussionQuestionAnswer'),
(1,	180,	'App\\VideoDiscussionQuestionAnswer'),
(1,	184,	'App\\VideoDiscussionQuestionAnswer'),
(1,	184,	'App\\VideoDiscussionQuestionAnswer'),
(1,	114,	'App\\VideoDiscussion'),
(1,	115,	'App\\VideoDiscussion'),
(1,	116,	'App\\VideoDiscussion'),
(1,	117,	'App\\VideoDiscussion'),
(1,	134,	'App\\ProgressBarStepProgress'),
(1,	135,	'App\\ProgressBarStepProgress'),
(1,	136,	'App\\ProgressBarStepProgress'),
(1,	137,	'App\\ProgressBarStepProgress'),
(1,	138,	'App\\ProgressBarStepProgress'),
(1,	118,	'App\\VideoDiscussion'),
(1,	119,	'App\\VideoDiscussion'),
(1,	186,	'App\\VideoDiscussionQuestionAnswer'),
(1,	187,	'App\\VideoDiscussionQuestionAnswer'),
(1,	187,	'App\\VideoDiscussionQuestionAnswer'),
(1,	191,	'App\\VideoDiscussionQuestionAnswer'),
(1,	120,	'App\\VideoDiscussion'),
(155,	138,	'App\\UserShare'),
(155,	195,	'App\\VideoDiscussionQuestionAnswer'),
(1,	195,	'App\\VideoDiscussionQuestionAnswer'),
(155,	196,	'App\\VideoDiscussionQuestionAnswer'),
(1,	196,	'App\\VideoDiscussionQuestionAnswer'),
(155,	197,	'App\\VideoDiscussionQuestionAnswer'),
(1,	197,	'App\\VideoDiscussionQuestionAnswer'),
(155,	201,	'App\\VideoDiscussionQuestionAnswer'),
(1,	201,	'App\\VideoDiscussionQuestionAnswer'),
(155,	202,	'App\\VideoDiscussionQuestionAnswer'),
(1,	202,	'App\\VideoDiscussionQuestionAnswer'),
(155,	203,	'App\\VideoDiscussionQuestionAnswer'),
(1,	203,	'App\\VideoDiscussionQuestionAnswer'),
(154,	139,	'App\\UserShare'),
(155,	207,	'App\\VideoDiscussionQuestionAnswer'),
(154,	207,	'App\\VideoDiscussionQuestionAnswer'),
(1,	207,	'App\\VideoDiscussionQuestionAnswer'),
(155,	208,	'App\\VideoDiscussionQuestionAnswer'),
(154,	208,	'App\\VideoDiscussionQuestionAnswer'),
(1,	208,	'App\\VideoDiscussionQuestionAnswer'),
(155,	209,	'App\\VideoDiscussionQuestionAnswer'),
(154,	209,	'App\\VideoDiscussionQuestionAnswer'),
(1,	209,	'App\\VideoDiscussionQuestionAnswer'),
(155,	121,	'App\\VideoDiscussion'),
(154,	140,	'App\\UserShare'),
(154,	211,	'App\\VideoDiscussionQuestionAnswer'),
(155,	211,	'App\\VideoDiscussionQuestionAnswer'),
(154,	213,	'App\\VideoDiscussionQuestionAnswer'),
(155,	213,	'App\\VideoDiscussionQuestionAnswer'),
(154,	141,	'App\\UserShare'),
(155,	142,	'App\\UserShare'),
(154,	122,	'App\\VideoDiscussion'),
(155,	122,	'App\\VideoDiscussion'),
(1,	122,	'App\\VideoDiscussion'),
(154,	220,	'App\\VideoDiscussionQuestionAnswer'),
(155,	220,	'App\\VideoDiscussionQuestionAnswer'),
(1,	220,	'App\\VideoDiscussionQuestionAnswer'),
(154,	221,	'App\\VideoDiscussionQuestionAnswer'),
(155,	221,	'App\\VideoDiscussionQuestionAnswer'),
(1,	221,	'App\\VideoDiscussionQuestionAnswer'),
(154,	222,	'App\\VideoDiscussionQuestionAnswer'),
(155,	222,	'App\\VideoDiscussionQuestionAnswer'),
(1,	222,	'App\\VideoDiscussionQuestionAnswer'),
(154,	223,	'App\\VideoDiscussionQuestionAnswer'),
(155,	223,	'App\\VideoDiscussionQuestionAnswer'),
(1,	223,	'App\\VideoDiscussionQuestionAnswer'),
(154,	224,	'App\\VideoDiscussionQuestionAnswer'),
(155,	224,	'App\\VideoDiscussionQuestionAnswer'),
(1,	224,	'App\\VideoDiscussionQuestionAnswer'),
(1,	123,	'App\\VideoDiscussion'),
(1,	124,	'App\\VideoDiscussion'),
(1,	125,	'App\\VideoDiscussion'),
(1,	173,	'App\\ProgressBar'),
(1,	139,	'App\\ProgressBarStepProgress'),
(1,	140,	'App\\ProgressBarStepProgress'),
(1,	141,	'App\\ProgressBarStepProgress'),
(1,	142,	'App\\ProgressBarStepProgress'),
(1,	143,	'App\\ProgressBarStepProgress'),
(1,	174,	'App\\ProgressBar'),
(1,	144,	'App\\ProgressBarStepProgress'),
(1,	145,	'App\\ProgressBarStepProgress'),
(1,	175,	'App\\ProgressBar'),
(1,	146,	'App\\ProgressBarStepProgress'),
(1,	147,	'App\\ProgressBarStepProgress'),
(1,	148,	'App\\ProgressBarStepProgress'),
(1,	149,	'App\\ProgressBarStepProgress'),
(1,	150,	'App\\ProgressBarStepProgress'),
(1,	151,	'App\\ProgressBarStepProgress'),
(1,	152,	'App\\ProgressBarStepProgress'),
(1,	153,	'App\\ProgressBarStepProgress'),
(1,	154,	'App\\ProgressBarStepProgress'),
(1,	155,	'App\\ProgressBarStepProgress'),
(1,	156,	'App\\ProgressBarStepProgress'),
(1,	157,	'App\\ProgressBarStepProgress'),
(1,	158,	'App\\ProgressBarStepProgress'),
(1,	159,	'App\\ProgressBarStepProgress'),
(1,	160,	'App\\ProgressBarStepProgress'),
(1,	126,	'App\\VideoDiscussion'),
(1,	127,	'App\\VideoDiscussion'),
(154,	129,	'App\\VideoDiscussion'),
(155,	129,	'App\\VideoDiscussion'),
(1,	129,	'App\\VideoDiscussion'),
(154,	130,	'App\\VideoDiscussion'),
(1,	130,	'App\\VideoDiscussion'),
(155,	131,	'App\\VideoDiscussion'),
(1,	131,	'App\\VideoDiscussion'),
(155,	143,	'App\\UserShare'),
(154,	132,	'App\\VideoDiscussion'),
(155,	132,	'App\\VideoDiscussion'),
(1,	132,	'App\\VideoDiscussion'),
(155,	226,	'App\\VideoDiscussionQuestionAnswer'),
(1,	226,	'App\\VideoDiscussionQuestionAnswer'),
(155,	133,	'App\\VideoDiscussion'),
(1,	133,	'App\\VideoDiscussion'),
(155,	134,	'App\\VideoDiscussion'),
(1,	134,	'App\\VideoDiscussion'),
(155,	135,	'App\\VideoDiscussion'),
(1,	135,	'App\\VideoDiscussion'),
(149,	137,	'App\\VideoDiscussion'),
(155,	137,	'App\\VideoDiscussion'),
(1,	137,	'App\\VideoDiscussion'),
(149,	138,	'App\\VideoDiscussion'),
(155,	138,	'App\\VideoDiscussion'),
(1,	138,	'App\\VideoDiscussion'),
(155,	139,	'App\\VideoDiscussion'),
(1,	139,	'App\\VideoDiscussion'),
(154,	140,	'App\\VideoDiscussion'),
(155,	140,	'App\\VideoDiscussion'),
(1,	140,	'App\\VideoDiscussion'),
(155,	141,	'App\\VideoDiscussion'),
(1,	141,	'App\\VideoDiscussion'),
(154,	142,	'App\\VideoDiscussion'),
(155,	142,	'App\\VideoDiscussion'),
(1,	142,	'App\\VideoDiscussion'),
(149,	143,	'App\\VideoDiscussion'),
(1,	144,	'App\\VideoDiscussion'),
(149,	144,	'App\\VideoDiscussion'),
(149,	144,	'App\\UserShare'),
(154,	144,	'App\\VideoDiscussion'),
(1,	145,	'App\\VideoDiscussion'),
(1,	145,	'App\\VideoDiscussion'),
(149,	227,	'App\\VideoDiscussionQuestionAnswer'),
(1,	227,	'App\\VideoDiscussionQuestionAnswer'),
(155,	146,	'App\\VideoDiscussion'),
(1,	146,	'App\\VideoDiscussion'),
(1,	171,	'App\\ProgressBar'),
(1,	176,	'App\\ProgressBar'),
(1,	145,	'App\\UserShare'),
(155,	147,	'App\\VideoDiscussion'),
(1,	147,	'App\\VideoDiscussion'),
(1,	177,	'App\\ProgressBar'),
(1,	178,	'App\\ProgressBar'),
(1,	161,	'App\\ProgressBarStepProgress'),
(1,	162,	'App\\ProgressBarStepProgress'),
(1,	163,	'App\\ProgressBarStepProgress'),
(1,	179,	'App\\ProgressBar'),
(1,	180,	'App\\ProgressBar'),
(1,	164,	'App\\ProgressBarStepProgress'),
(1,	165,	'App\\ProgressBarStepProgress'),
(1,	166,	'App\\ProgressBarStepProgress'),
(1,	148,	'App\\VideoDiscussion'),
(1,	148,	'App\\VideoDiscussion'),
(149,	228,	'App\\VideoDiscussionQuestionAnswer'),
(1,	228,	'App\\VideoDiscussionQuestionAnswer'),
(149,	229,	'App\\VideoDiscussionQuestionAnswer'),
(1,	229,	'App\\VideoDiscussionQuestionAnswer'),
(149,	230,	'App\\VideoDiscussionQuestionAnswer'),
(1,	230,	'App\\VideoDiscussionQuestionAnswer'),
(149,	231,	'App\\VideoDiscussionQuestionAnswer'),
(1,	231,	'App\\VideoDiscussionQuestionAnswer'),
(1,	149,	'App\\VideoDiscussion'),
(1,	150,	'App\\VideoDiscussion'),
(1,	151,	'App\\VideoDiscussion'),
(79,	152,	'App\\VideoDiscussion'),
(1,	152,	'App\\VideoDiscussion'),
(79,	232,	'App\\VideoDiscussionQuestionAnswer'),
(1,	153,	'App\\VideoDiscussion'),
(1,	181,	'App\\ProgressBar'),
(1,	182,	'App\\ProgressBar'),
(1,	167,	'App\\ProgressBarStepProgress'),
(1,	168,	'App\\ProgressBarStepProgress'),
(1,	169,	'App\\ProgressBarStepProgress'),
(155,	146,	'App\\UserShare'),
(154,	147,	'App\\UserShare'),
(153,	148,	'App\\UserShare'),
(155,	149,	'App\\UserShare'),
(1,	154,	'App\\VideoDiscussion'),
(1,	154,	'App\\VideoDiscussion'),
(155,	233,	'App\\VideoDiscussionQuestionAnswer'),
(1,	233,	'App\\VideoDiscussionQuestionAnswer'),
(1,	155,	'App\\VideoDiscussion'),
(154,	155,	'App\\VideoDiscussion'),
(154,	150,	'App\\UserShare'),
(155,	353,	'App\\Video'),
(154,	353,	'App\\Video'),
(1,	353,	'App\\Video'),
(154,	151,	'App\\UserShare'),
(1,	156,	'App\\VideoDiscussion'),
(1,	156,	'App\\VideoDiscussion'),
(1,	157,	'App\\VideoDiscussion'),
(154,	157,	'App\\VideoDiscussion'),
(155,	152,	'App\\UserShare'),
(1,	158,	'App\\VideoDiscussion'),
(155,	158,	'App\\VideoDiscussion'),
(1,	159,	'App\\VideoDiscussion'),
(155,	159,	'App\\VideoDiscussion'),
(155,	153,	'App\\UserShare'),
(1,	160,	'App\\VideoDiscussion'),
(1,	160,	'App\\VideoDiscussion'),
(154,	154,	'App\\UserShare'),
(1,	161,	'App\\VideoDiscussion'),
(155,	161,	'App\\VideoDiscussion'),
(1,	162,	'App\\VideoDiscussion'),
(154,	162,	'App\\VideoDiscussion'),
(1,	163,	'App\\VideoDiscussion'),
(79,	163,	'App\\VideoDiscussion'),
(154,	155,	'App\\UserShare'),
(155,	156,	'App\\UserShare'),
(154,	157,	'App\\UserShare'),
(1,	164,	'App\\VideoDiscussion'),
(154,	164,	'App\\VideoDiscussion'),
(154,	234,	'App\\VideoDiscussionQuestionAnswer'),
(1,	234,	'App\\VideoDiscussionQuestionAnswer'),
(155,	158,	'App\\UserShare'),
(155,	159,	'App\\UserShare'),
(1,	183,	'App\\ProgressBar'),
(154,	183,	'App\\ProgressBar'),
(1,	170,	'App\\ProgressBarStepProgress'),
(154,	170,	'App\\ProgressBarStepProgress'),
(1,	171,	'App\\ProgressBarStepProgress'),
(154,	171,	'App\\ProgressBarStepProgress'),
(1,	172,	'App\\ProgressBarStepProgress'),
(154,	172,	'App\\ProgressBarStepProgress'),
(1,	184,	'App\\ProgressBar'),
(154,	184,	'App\\ProgressBar'),
(1,	173,	'App\\ProgressBarStepProgress'),
(154,	173,	'App\\ProgressBarStepProgress'),
(1,	174,	'App\\ProgressBarStepProgress'),
(154,	174,	'App\\ProgressBarStepProgress'),
(1,	175,	'App\\ProgressBarStepProgress'),
(154,	175,	'App\\ProgressBarStepProgress'),
(1,	176,	'App\\ProgressBarStepProgress'),
(1,	177,	'App\\ProgressBarStepProgress'),
(1,	178,	'App\\ProgressBarStepProgress'),
(154,	185,	'App\\ProgressBar'),
(1,	165,	'App\\VideoDiscussion'),
(1,	235,	'App\\VideoDiscussionQuestionAnswer'),
(1,	187,	'App\\ProgressBar'),
(154,	189,	'App\\ProgressBar'),
(1,	190,	'App\\ProgressBar'),
(1,	186,	'App\\ProgressBar'),
(1,	191,	'App\\ProgressBar'),
(1,	192,	'App\\ProgressBar'),
(1,	193,	'App\\ProgressBar'),
(6,	194,	'App\\ProgressBar'),
(25,	194,	'App\\ProgressBar'),
(47,	194,	'App\\ProgressBar'),
(56,	194,	'App\\ProgressBar'),
(57,	194,	'App\\ProgressBar'),
(78,	194,	'App\\ProgressBar'),
(79,	194,	'App\\ProgressBar'),
(80,	194,	'App\\ProgressBar'),
(85,	194,	'App\\ProgressBar'),
(86,	194,	'App\\ProgressBar'),
(87,	194,	'App\\ProgressBar'),
(88,	194,	'App\\ProgressBar'),
(91,	194,	'App\\ProgressBar'),
(130,	194,	'App\\ProgressBar'),
(131,	194,	'App\\ProgressBar'),
(133,	194,	'App\\ProgressBar'),
(134,	194,	'App\\ProgressBar'),
(147,	194,	'App\\ProgressBar'),
(155,	194,	'App\\ProgressBar'),
(1,	195,	'App\\ProgressBar'),
(1,	196,	'App\\ProgressBar'),
(154,	166,	'App\\VideoDiscussion'),
(1,	166,	'App\\VideoDiscussion'),
(1,	167,	'App\\VideoDiscussion'),
(156,	167,	'App\\VideoDiscussion'),
(1,	237,	'App\\VideoDiscussionQuestionAnswer'),
(1,	238,	'App\\VideoDiscussionQuestionAnswer'),
(1,	239,	'App\\VideoDiscussionQuestionAnswer'),
(159,	166,	'App\\VideoDiscussion'),
(1,	240,	'App\\VideoDiscussionQuestionAnswer'),
(1,	241,	'App\\VideoDiscussionQuestionAnswer'),
(1,	242,	'App\\VideoDiscussionQuestionAnswer'),
(1,	243,	'App\\VideoDiscussionQuestionAnswer'),
(1,	174,	'App\\VideoDiscussionQuestionAnswer'),
(1,	246,	'App\\VideoDiscussionQuestionAnswer'),
(1,	174,	'App\\VideoDiscussionQuestionAnswer'),
(1,	174,	'App\\VideoDiscussionQuestionAnswer'),
(1,	174,	'App\\VideoDiscussionQuestionAnswer'),
(1,	174,	'App\\VideoDiscussionQuestionAnswer'),
(1,	182,	'App\\VideoDiscussionQuestionAnswer'),
(1,	184,	'App\\VideoDiscussionQuestionAnswer'),
(1,	197,	'App\\ProgressBar'),
(6,	199,	'App\\ProgressBar'),
(6,	179,	'App\\ProgressBarStepProgress'),
(1,	36,	'App\\LessonPlan'),
(1,	200,	'App\\ProgressBar'),
(155,	168,	'App\\VideoDiscussion'),
(1,	168,	'App\\VideoDiscussion'),
(156,	168,	'App\\VideoDiscussion'),
(155,	249,	'App\\VideoDiscussionQuestionAnswer'),
(155,	251,	'App\\VideoDiscussionQuestionAnswer'),
(155,	252,	'App\\VideoDiscussionQuestionAnswer'),
(1,	201,	'App\\ProgressBar'),
(154,	169,	'App\\VideoDiscussion'),
(1,	169,	'App\\VideoDiscussion'),
(154,	253,	'App\\VideoDiscussionQuestionAnswer'),
(154,	170,	'App\\VideoDiscussion'),
(1,	170,	'App\\VideoDiscussion'),
(1,	171,	'App\\VideoDiscussion'),
(155,	255,	'App\\VideoDiscussionQuestionAnswer'),
(1,	202,	'App\\ProgressBar'),
(149,	202,	'App\\ProgressBar'),
(1,	203,	'App\\ProgressBar'),
(149,	203,	'App\\ProgressBar'),
(1,	207,	'App\\ProgressBar'),
(1,	208,	'App\\ProgressBar'),
(6,	208,	'App\\ProgressBar'),
(25,	208,	'App\\ProgressBar'),
(47,	208,	'App\\ProgressBar'),
(56,	208,	'App\\ProgressBar'),
(57,	208,	'App\\ProgressBar'),
(78,	208,	'App\\ProgressBar'),
(79,	208,	'App\\ProgressBar'),
(80,	208,	'App\\ProgressBar'),
(85,	208,	'App\\ProgressBar'),
(86,	208,	'App\\ProgressBar'),
(87,	208,	'App\\ProgressBar'),
(88,	208,	'App\\ProgressBar'),
(91,	208,	'App\\ProgressBar'),
(130,	208,	'App\\ProgressBar'),
(131,	208,	'App\\ProgressBar'),
(133,	208,	'App\\ProgressBar'),
(134,	208,	'App\\ProgressBar'),
(147,	208,	'App\\ProgressBar'),
(155,	208,	'App\\ProgressBar'),
(1,	180,	'App\\ProgressBarStepProgress'),
(6,	180,	'App\\ProgressBarStepProgress'),
(25,	180,	'App\\ProgressBarStepProgress'),
(47,	180,	'App\\ProgressBarStepProgress'),
(56,	180,	'App\\ProgressBarStepProgress'),
(57,	180,	'App\\ProgressBarStepProgress'),
(78,	180,	'App\\ProgressBarStepProgress'),
(79,	180,	'App\\ProgressBarStepProgress'),
(80,	180,	'App\\ProgressBarStepProgress'),
(85,	180,	'App\\ProgressBarStepProgress'),
(86,	180,	'App\\ProgressBarStepProgress'),
(87,	180,	'App\\ProgressBarStepProgress'),
(88,	180,	'App\\ProgressBarStepProgress'),
(91,	180,	'App\\ProgressBarStepProgress'),
(130,	180,	'App\\ProgressBarStepProgress'),
(131,	180,	'App\\ProgressBarStepProgress'),
(133,	180,	'App\\ProgressBarStepProgress'),
(134,	180,	'App\\ProgressBarStepProgress'),
(147,	180,	'App\\ProgressBarStepProgress'),
(155,	180,	'App\\ProgressBarStepProgress'),
(1,	209,	'App\\ProgressBar'),
(154,	209,	'App\\ProgressBar'),
(149,	209,	'App\\ProgressBar'),
(1,	210,	'App\\ProgressBar'),
(6,	210,	'App\\ProgressBar'),
(25,	210,	'App\\ProgressBar'),
(47,	210,	'App\\ProgressBar'),
(56,	210,	'App\\ProgressBar'),
(57,	210,	'App\\ProgressBar'),
(78,	210,	'App\\ProgressBar'),
(79,	210,	'App\\ProgressBar'),
(80,	210,	'App\\ProgressBar'),
(85,	210,	'App\\ProgressBar'),
(86,	210,	'App\\ProgressBar'),
(87,	210,	'App\\ProgressBar'),
(88,	210,	'App\\ProgressBar'),
(91,	210,	'App\\ProgressBar'),
(130,	210,	'App\\ProgressBar'),
(131,	210,	'App\\ProgressBar'),
(133,	210,	'App\\ProgressBar'),
(134,	210,	'App\\ProgressBar'),
(147,	210,	'App\\ProgressBar'),
(155,	210,	'App\\ProgressBar'),
(1,	181,	'App\\ProgressBarStepProgress'),
(6,	181,	'App\\ProgressBarStepProgress'),
(25,	181,	'App\\ProgressBarStepProgress'),
(47,	181,	'App\\ProgressBarStepProgress'),
(56,	181,	'App\\ProgressBarStepProgress'),
(57,	181,	'App\\ProgressBarStepProgress'),
(78,	181,	'App\\ProgressBarStepProgress'),
(79,	181,	'App\\ProgressBarStepProgress'),
(80,	181,	'App\\ProgressBarStepProgress'),
(85,	181,	'App\\ProgressBarStepProgress'),
(86,	181,	'App\\ProgressBarStepProgress'),
(87,	181,	'App\\ProgressBarStepProgress'),
(88,	181,	'App\\ProgressBarStepProgress'),
(91,	181,	'App\\ProgressBarStepProgress'),
(130,	181,	'App\\ProgressBarStepProgress'),
(131,	181,	'App\\ProgressBarStepProgress'),
(133,	181,	'App\\ProgressBarStepProgress'),
(134,	181,	'App\\ProgressBarStepProgress'),
(147,	181,	'App\\ProgressBarStepProgress'),
(155,	181,	'App\\ProgressBarStepProgress'),
(1,	182,	'App\\ProgressBarStepProgress'),
(6,	182,	'App\\ProgressBarStepProgress'),
(25,	182,	'App\\ProgressBarStepProgress'),
(47,	182,	'App\\ProgressBarStepProgress'),
(56,	182,	'App\\ProgressBarStepProgress'),
(57,	182,	'App\\ProgressBarStepProgress'),
(78,	182,	'App\\ProgressBarStepProgress'),
(79,	182,	'App\\ProgressBarStepProgress'),
(80,	182,	'App\\ProgressBarStepProgress'),
(85,	182,	'App\\ProgressBarStepProgress'),
(86,	182,	'App\\ProgressBarStepProgress'),
(87,	182,	'App\\ProgressBarStepProgress'),
(88,	182,	'App\\ProgressBarStepProgress'),
(91,	182,	'App\\ProgressBarStepProgress'),
(130,	182,	'App\\ProgressBarStepProgress'),
(131,	182,	'App\\ProgressBarStepProgress'),
(133,	182,	'App\\ProgressBarStepProgress'),
(134,	182,	'App\\ProgressBarStepProgress'),
(147,	182,	'App\\ProgressBarStepProgress'),
(155,	182,	'App\\ProgressBarStepProgress'),
(1,	183,	'App\\ProgressBarStepProgress'),
(6,	183,	'App\\ProgressBarStepProgress'),
(25,	183,	'App\\ProgressBarStepProgress'),
(47,	183,	'App\\ProgressBarStepProgress'),
(56,	183,	'App\\ProgressBarStepProgress'),
(57,	183,	'App\\ProgressBarStepProgress'),
(78,	183,	'App\\ProgressBarStepProgress'),
(79,	183,	'App\\ProgressBarStepProgress'),
(80,	183,	'App\\ProgressBarStepProgress'),
(85,	183,	'App\\ProgressBarStepProgress'),
(86,	183,	'App\\ProgressBarStepProgress'),
(87,	183,	'App\\ProgressBarStepProgress'),
(88,	183,	'App\\ProgressBarStepProgress'),
(91,	183,	'App\\ProgressBarStepProgress'),
(130,	183,	'App\\ProgressBarStepProgress'),
(131,	183,	'App\\ProgressBarStepProgress'),
(133,	183,	'App\\ProgressBarStepProgress'),
(134,	183,	'App\\ProgressBarStepProgress'),
(147,	183,	'App\\ProgressBarStepProgress'),
(155,	183,	'App\\ProgressBarStepProgress'),
(1,	184,	'App\\ProgressBarStepProgress'),
(6,	184,	'App\\ProgressBarStepProgress'),
(25,	184,	'App\\ProgressBarStepProgress'),
(47,	184,	'App\\ProgressBarStepProgress'),
(56,	184,	'App\\ProgressBarStepProgress'),
(57,	184,	'App\\ProgressBarStepProgress'),
(78,	184,	'App\\ProgressBarStepProgress'),
(79,	184,	'App\\ProgressBarStepProgress'),
(80,	184,	'App\\ProgressBarStepProgress'),
(85,	184,	'App\\ProgressBarStepProgress'),
(86,	184,	'App\\ProgressBarStepProgress'),
(87,	184,	'App\\ProgressBarStepProgress'),
(88,	184,	'App\\ProgressBarStepProgress'),
(91,	184,	'App\\ProgressBarStepProgress'),
(130,	184,	'App\\ProgressBarStepProgress'),
(131,	184,	'App\\ProgressBarStepProgress'),
(133,	184,	'App\\ProgressBarStepProgress'),
(134,	184,	'App\\ProgressBarStepProgress'),
(147,	184,	'App\\ProgressBarStepProgress'),
(155,	184,	'App\\ProgressBarStepProgress'),
(1,	185,	'App\\ProgressBarStepProgress'),
(6,	185,	'App\\ProgressBarStepProgress'),
(25,	185,	'App\\ProgressBarStepProgress'),
(47,	185,	'App\\ProgressBarStepProgress'),
(56,	185,	'App\\ProgressBarStepProgress'),
(57,	185,	'App\\ProgressBarStepProgress'),
(78,	185,	'App\\ProgressBarStepProgress'),
(79,	185,	'App\\ProgressBarStepProgress'),
(80,	185,	'App\\ProgressBarStepProgress'),
(85,	185,	'App\\ProgressBarStepProgress'),
(86,	185,	'App\\ProgressBarStepProgress'),
(87,	185,	'App\\ProgressBarStepProgress'),
(88,	185,	'App\\ProgressBarStepProgress'),
(91,	185,	'App\\ProgressBarStepProgress'),
(130,	185,	'App\\ProgressBarStepProgress'),
(131,	185,	'App\\ProgressBarStepProgress'),
(133,	185,	'App\\ProgressBarStepProgress'),
(134,	185,	'App\\ProgressBarStepProgress'),
(147,	185,	'App\\ProgressBarStepProgress'),
(155,	185,	'App\\ProgressBarStepProgress'),
(1,	186,	'App\\ProgressBarStepProgress'),
(6,	186,	'App\\ProgressBarStepProgress'),
(25,	186,	'App\\ProgressBarStepProgress'),
(47,	186,	'App\\ProgressBarStepProgress'),
(56,	186,	'App\\ProgressBarStepProgress'),
(57,	186,	'App\\ProgressBarStepProgress'),
(78,	186,	'App\\ProgressBarStepProgress'),
(79,	186,	'App\\ProgressBarStepProgress'),
(80,	186,	'App\\ProgressBarStepProgress'),
(85,	186,	'App\\ProgressBarStepProgress'),
(86,	186,	'App\\ProgressBarStepProgress'),
(87,	186,	'App\\ProgressBarStepProgress'),
(88,	186,	'App\\ProgressBarStepProgress'),
(91,	186,	'App\\ProgressBarStepProgress'),
(130,	186,	'App\\ProgressBarStepProgress'),
(131,	186,	'App\\ProgressBarStepProgress'),
(133,	186,	'App\\ProgressBarStepProgress'),
(134,	186,	'App\\ProgressBarStepProgress'),
(147,	186,	'App\\ProgressBarStepProgress'),
(155,	186,	'App\\ProgressBarStepProgress'),
(1,	187,	'App\\ProgressBarStepProgress'),
(6,	187,	'App\\ProgressBarStepProgress'),
(25,	187,	'App\\ProgressBarStepProgress'),
(47,	187,	'App\\ProgressBarStepProgress'),
(56,	187,	'App\\ProgressBarStepProgress'),
(57,	187,	'App\\ProgressBarStepProgress'),
(78,	187,	'App\\ProgressBarStepProgress'),
(79,	187,	'App\\ProgressBarStepProgress'),
(80,	187,	'App\\ProgressBarStepProgress'),
(85,	187,	'App\\ProgressBarStepProgress'),
(86,	187,	'App\\ProgressBarStepProgress'),
(87,	187,	'App\\ProgressBarStepProgress'),
(88,	187,	'App\\ProgressBarStepProgress'),
(91,	187,	'App\\ProgressBarStepProgress'),
(130,	187,	'App\\ProgressBarStepProgress'),
(131,	187,	'App\\ProgressBarStepProgress'),
(133,	187,	'App\\ProgressBarStepProgress'),
(134,	187,	'App\\ProgressBarStepProgress'),
(147,	187,	'App\\ProgressBarStepProgress'),
(155,	187,	'App\\ProgressBarStepProgress'),
(1,	188,	'App\\ProgressBarStepProgress'),
(6,	188,	'App\\ProgressBarStepProgress'),
(25,	188,	'App\\ProgressBarStepProgress'),
(47,	188,	'App\\ProgressBarStepProgress'),
(56,	188,	'App\\ProgressBarStepProgress'),
(57,	188,	'App\\ProgressBarStepProgress'),
(78,	188,	'App\\ProgressBarStepProgress'),
(79,	188,	'App\\ProgressBarStepProgress'),
(80,	188,	'App\\ProgressBarStepProgress'),
(85,	188,	'App\\ProgressBarStepProgress'),
(86,	188,	'App\\ProgressBarStepProgress'),
(87,	188,	'App\\ProgressBarStepProgress'),
(88,	188,	'App\\ProgressBarStepProgress'),
(91,	188,	'App\\ProgressBarStepProgress'),
(130,	188,	'App\\ProgressBarStepProgress'),
(131,	188,	'App\\ProgressBarStepProgress'),
(133,	188,	'App\\ProgressBarStepProgress'),
(134,	188,	'App\\ProgressBarStepProgress'),
(147,	188,	'App\\ProgressBarStepProgress'),
(155,	188,	'App\\ProgressBarStepProgress'),
(1,	189,	'App\\ProgressBarStepProgress'),
(6,	189,	'App\\ProgressBarStepProgress'),
(25,	189,	'App\\ProgressBarStepProgress'),
(47,	189,	'App\\ProgressBarStepProgress'),
(56,	189,	'App\\ProgressBarStepProgress'),
(57,	189,	'App\\ProgressBarStepProgress'),
(78,	189,	'App\\ProgressBarStepProgress'),
(79,	189,	'App\\ProgressBarStepProgress'),
(80,	189,	'App\\ProgressBarStepProgress'),
(85,	189,	'App\\ProgressBarStepProgress'),
(86,	189,	'App\\ProgressBarStepProgress'),
(87,	189,	'App\\ProgressBarStepProgress'),
(88,	189,	'App\\ProgressBarStepProgress'),
(91,	189,	'App\\ProgressBarStepProgress'),
(130,	189,	'App\\ProgressBarStepProgress'),
(131,	189,	'App\\ProgressBarStepProgress'),
(133,	189,	'App\\ProgressBarStepProgress'),
(134,	189,	'App\\ProgressBarStepProgress'),
(147,	189,	'App\\ProgressBarStepProgress'),
(155,	189,	'App\\ProgressBarStepProgress'),
(1,	190,	'App\\ProgressBarStepProgress'),
(6,	190,	'App\\ProgressBarStepProgress'),
(25,	190,	'App\\ProgressBarStepProgress'),
(47,	190,	'App\\ProgressBarStepProgress'),
(56,	190,	'App\\ProgressBarStepProgress'),
(57,	190,	'App\\ProgressBarStepProgress'),
(78,	190,	'App\\ProgressBarStepProgress'),
(79,	190,	'App\\ProgressBarStepProgress'),
(80,	190,	'App\\ProgressBarStepProgress'),
(85,	190,	'App\\ProgressBarStepProgress'),
(86,	190,	'App\\ProgressBarStepProgress'),
(87,	190,	'App\\ProgressBarStepProgress'),
(88,	190,	'App\\ProgressBarStepProgress'),
(91,	190,	'App\\ProgressBarStepProgress'),
(130,	190,	'App\\ProgressBarStepProgress'),
(131,	190,	'App\\ProgressBarStepProgress'),
(133,	190,	'App\\ProgressBarStepProgress'),
(134,	190,	'App\\ProgressBarStepProgress'),
(147,	190,	'App\\ProgressBarStepProgress'),
(155,	190,	'App\\ProgressBarStepProgress'),
(1,	191,	'App\\ProgressBarStepProgress'),
(6,	191,	'App\\ProgressBarStepProgress'),
(25,	191,	'App\\ProgressBarStepProgress'),
(47,	191,	'App\\ProgressBarStepProgress'),
(56,	191,	'App\\ProgressBarStepProgress'),
(57,	191,	'App\\ProgressBarStepProgress'),
(78,	191,	'App\\ProgressBarStepProgress'),
(79,	191,	'App\\ProgressBarStepProgress'),
(80,	191,	'App\\ProgressBarStepProgress'),
(85,	191,	'App\\ProgressBarStepProgress'),
(86,	191,	'App\\ProgressBarStepProgress'),
(87,	191,	'App\\ProgressBarStepProgress'),
(88,	191,	'App\\ProgressBarStepProgress'),
(91,	191,	'App\\ProgressBarStepProgress'),
(130,	191,	'App\\ProgressBarStepProgress'),
(131,	191,	'App\\ProgressBarStepProgress'),
(133,	191,	'App\\ProgressBarStepProgress'),
(134,	191,	'App\\ProgressBarStepProgress'),
(147,	191,	'App\\ProgressBarStepProgress'),
(155,	191,	'App\\ProgressBarStepProgress'),
(1,	192,	'App\\ProgressBarStepProgress'),
(6,	192,	'App\\ProgressBarStepProgress'),
(25,	192,	'App\\ProgressBarStepProgress'),
(47,	192,	'App\\ProgressBarStepProgress'),
(56,	192,	'App\\ProgressBarStepProgress'),
(57,	192,	'App\\ProgressBarStepProgress'),
(78,	192,	'App\\ProgressBarStepProgress'),
(79,	192,	'App\\ProgressBarStepProgress'),
(80,	192,	'App\\ProgressBarStepProgress'),
(85,	192,	'App\\ProgressBarStepProgress'),
(86,	192,	'App\\ProgressBarStepProgress'),
(87,	192,	'App\\ProgressBarStepProgress'),
(88,	192,	'App\\ProgressBarStepProgress'),
(91,	192,	'App\\ProgressBarStepProgress'),
(130,	192,	'App\\ProgressBarStepProgress'),
(131,	192,	'App\\ProgressBarStepProgress'),
(133,	192,	'App\\ProgressBarStepProgress'),
(134,	192,	'App\\ProgressBarStepProgress'),
(147,	192,	'App\\ProgressBarStepProgress'),
(155,	192,	'App\\ProgressBarStepProgress'),
(1,	193,	'App\\ProgressBarStepProgress'),
(6,	193,	'App\\ProgressBarStepProgress'),
(25,	193,	'App\\ProgressBarStepProgress'),
(47,	193,	'App\\ProgressBarStepProgress'),
(56,	193,	'App\\ProgressBarStepProgress'),
(57,	193,	'App\\ProgressBarStepProgress'),
(78,	193,	'App\\ProgressBarStepProgress'),
(79,	193,	'App\\ProgressBarStepProgress'),
(80,	193,	'App\\ProgressBarStepProgress'),
(85,	193,	'App\\ProgressBarStepProgress'),
(86,	193,	'App\\ProgressBarStepProgress'),
(87,	193,	'App\\ProgressBarStepProgress'),
(88,	193,	'App\\ProgressBarStepProgress'),
(91,	193,	'App\\ProgressBarStepProgress'),
(130,	193,	'App\\ProgressBarStepProgress'),
(131,	193,	'App\\ProgressBarStepProgress'),
(133,	193,	'App\\ProgressBarStepProgress'),
(134,	193,	'App\\ProgressBarStepProgress'),
(147,	193,	'App\\ProgressBarStepProgress'),
(155,	193,	'App\\ProgressBarStepProgress'),
(1,	194,	'App\\ProgressBarStepProgress'),
(6,	194,	'App\\ProgressBarStepProgress'),
(25,	194,	'App\\ProgressBarStepProgress'),
(47,	194,	'App\\ProgressBarStepProgress'),
(56,	194,	'App\\ProgressBarStepProgress'),
(57,	194,	'App\\ProgressBarStepProgress'),
(78,	194,	'App\\ProgressBarStepProgress'),
(79,	194,	'App\\ProgressBarStepProgress'),
(80,	194,	'App\\ProgressBarStepProgress'),
(85,	194,	'App\\ProgressBarStepProgress'),
(86,	194,	'App\\ProgressBarStepProgress'),
(87,	194,	'App\\ProgressBarStepProgress'),
(88,	194,	'App\\ProgressBarStepProgress'),
(91,	194,	'App\\ProgressBarStepProgress'),
(130,	194,	'App\\ProgressBarStepProgress'),
(131,	194,	'App\\ProgressBarStepProgress'),
(133,	194,	'App\\ProgressBarStepProgress'),
(134,	194,	'App\\ProgressBarStepProgress'),
(147,	194,	'App\\ProgressBarStepProgress'),
(155,	194,	'App\\ProgressBarStepProgress'),
(1,	195,	'App\\ProgressBarStepProgress'),
(6,	195,	'App\\ProgressBarStepProgress'),
(25,	195,	'App\\ProgressBarStepProgress'),
(47,	195,	'App\\ProgressBarStepProgress'),
(56,	195,	'App\\ProgressBarStepProgress'),
(57,	195,	'App\\ProgressBarStepProgress'),
(78,	195,	'App\\ProgressBarStepProgress'),
(79,	195,	'App\\ProgressBarStepProgress'),
(80,	195,	'App\\ProgressBarStepProgress'),
(85,	195,	'App\\ProgressBarStepProgress'),
(86,	195,	'App\\ProgressBarStepProgress'),
(87,	195,	'App\\ProgressBarStepProgress'),
(88,	195,	'App\\ProgressBarStepProgress'),
(91,	195,	'App\\ProgressBarStepProgress'),
(130,	195,	'App\\ProgressBarStepProgress'),
(131,	195,	'App\\ProgressBarStepProgress'),
(133,	195,	'App\\ProgressBarStepProgress'),
(134,	195,	'App\\ProgressBarStepProgress'),
(147,	195,	'App\\ProgressBarStepProgress'),
(155,	195,	'App\\ProgressBarStepProgress'),
(1,	196,	'App\\ProgressBarStepProgress'),
(6,	196,	'App\\ProgressBarStepProgress'),
(25,	196,	'App\\ProgressBarStepProgress'),
(47,	196,	'App\\ProgressBarStepProgress'),
(56,	196,	'App\\ProgressBarStepProgress'),
(57,	196,	'App\\ProgressBarStepProgress'),
(78,	196,	'App\\ProgressBarStepProgress'),
(79,	196,	'App\\ProgressBarStepProgress'),
(80,	196,	'App\\ProgressBarStepProgress'),
(85,	196,	'App\\ProgressBarStepProgress'),
(86,	196,	'App\\ProgressBarStepProgress'),
(87,	196,	'App\\ProgressBarStepProgress'),
(88,	196,	'App\\ProgressBarStepProgress'),
(91,	196,	'App\\ProgressBarStepProgress'),
(130,	196,	'App\\ProgressBarStepProgress'),
(131,	196,	'App\\ProgressBarStepProgress'),
(133,	196,	'App\\ProgressBarStepProgress'),
(134,	196,	'App\\ProgressBarStepProgress'),
(147,	196,	'App\\ProgressBarStepProgress'),
(155,	196,	'App\\ProgressBarStepProgress'),
(1,	197,	'App\\ProgressBarStepProgress'),
(6,	197,	'App\\ProgressBarStepProgress'),
(25,	197,	'App\\ProgressBarStepProgress'),
(47,	197,	'App\\ProgressBarStepProgress'),
(56,	197,	'App\\ProgressBarStepProgress'),
(57,	197,	'App\\ProgressBarStepProgress'),
(78,	197,	'App\\ProgressBarStepProgress'),
(79,	197,	'App\\ProgressBarStepProgress'),
(80,	197,	'App\\ProgressBarStepProgress'),
(85,	197,	'App\\ProgressBarStepProgress'),
(86,	197,	'App\\ProgressBarStepProgress'),
(87,	197,	'App\\ProgressBarStepProgress'),
(88,	197,	'App\\ProgressBarStepProgress'),
(91,	197,	'App\\ProgressBarStepProgress'),
(130,	197,	'App\\ProgressBarStepProgress'),
(131,	197,	'App\\ProgressBarStepProgress'),
(133,	197,	'App\\ProgressBarStepProgress'),
(134,	197,	'App\\ProgressBarStepProgress'),
(147,	197,	'App\\ProgressBarStepProgress'),
(155,	197,	'App\\ProgressBarStepProgress'),
(149,	160,	'App\\UserShare'),
(149,	161,	'App\\UserShare'),
(149,	162,	'App\\UserShare'),
(149,	163,	'App\\UserShare'),
(1,	198,	'App\\ProgressBarStepProgress'),
(6,	198,	'App\\ProgressBarStepProgress'),
(25,	198,	'App\\ProgressBarStepProgress'),
(47,	198,	'App\\ProgressBarStepProgress'),
(56,	198,	'App\\ProgressBarStepProgress'),
(57,	198,	'App\\ProgressBarStepProgress'),
(78,	198,	'App\\ProgressBarStepProgress'),
(79,	198,	'App\\ProgressBarStepProgress'),
(80,	198,	'App\\ProgressBarStepProgress'),
(85,	198,	'App\\ProgressBarStepProgress'),
(86,	198,	'App\\ProgressBarStepProgress'),
(87,	198,	'App\\ProgressBarStepProgress'),
(88,	198,	'App\\ProgressBarStepProgress'),
(91,	198,	'App\\ProgressBarStepProgress'),
(130,	198,	'App\\ProgressBarStepProgress'),
(131,	198,	'App\\ProgressBarStepProgress'),
(133,	198,	'App\\ProgressBarStepProgress'),
(134,	198,	'App\\ProgressBarStepProgress'),
(147,	198,	'App\\ProgressBarStepProgress'),
(155,	198,	'App\\ProgressBarStepProgress'),
(1,	199,	'App\\ProgressBarStepProgress'),
(6,	199,	'App\\ProgressBarStepProgress'),
(25,	199,	'App\\ProgressBarStepProgress'),
(47,	199,	'App\\ProgressBarStepProgress'),
(56,	199,	'App\\ProgressBarStepProgress'),
(57,	199,	'App\\ProgressBarStepProgress'),
(78,	199,	'App\\ProgressBarStepProgress'),
(79,	199,	'App\\ProgressBarStepProgress'),
(80,	199,	'App\\ProgressBarStepProgress'),
(85,	199,	'App\\ProgressBarStepProgress'),
(86,	199,	'App\\ProgressBarStepProgress'),
(87,	199,	'App\\ProgressBarStepProgress'),
(88,	199,	'App\\ProgressBarStepProgress'),
(91,	199,	'App\\ProgressBarStepProgress'),
(130,	199,	'App\\ProgressBarStepProgress'),
(131,	199,	'App\\ProgressBarStepProgress'),
(133,	199,	'App\\ProgressBarStepProgress'),
(134,	199,	'App\\ProgressBarStepProgress'),
(147,	199,	'App\\ProgressBarStepProgress'),
(155,	199,	'App\\ProgressBarStepProgress'),
(1,	200,	'App\\ProgressBarStepProgress'),
(6,	200,	'App\\ProgressBarStepProgress'),
(25,	200,	'App\\ProgressBarStepProgress'),
(47,	200,	'App\\ProgressBarStepProgress'),
(56,	200,	'App\\ProgressBarStepProgress'),
(57,	200,	'App\\ProgressBarStepProgress'),
(78,	200,	'App\\ProgressBarStepProgress'),
(79,	200,	'App\\ProgressBarStepProgress'),
(80,	200,	'App\\ProgressBarStepProgress'),
(85,	200,	'App\\ProgressBarStepProgress'),
(86,	200,	'App\\ProgressBarStepProgress'),
(87,	200,	'App\\ProgressBarStepProgress'),
(88,	200,	'App\\ProgressBarStepProgress'),
(91,	200,	'App\\ProgressBarStepProgress'),
(130,	200,	'App\\ProgressBarStepProgress'),
(131,	200,	'App\\ProgressBarStepProgress'),
(133,	200,	'App\\ProgressBarStepProgress'),
(134,	200,	'App\\ProgressBarStepProgress'),
(147,	200,	'App\\ProgressBarStepProgress'),
(155,	200,	'App\\ProgressBarStepProgress'),
(1,	201,	'App\\ProgressBarStepProgress'),
(6,	201,	'App\\ProgressBarStepProgress'),
(25,	201,	'App\\ProgressBarStepProgress'),
(47,	201,	'App\\ProgressBarStepProgress'),
(56,	201,	'App\\ProgressBarStepProgress'),
(57,	201,	'App\\ProgressBarStepProgress'),
(78,	201,	'App\\ProgressBarStepProgress'),
(79,	201,	'App\\ProgressBarStepProgress'),
(80,	201,	'App\\ProgressBarStepProgress'),
(85,	201,	'App\\ProgressBarStepProgress'),
(86,	201,	'App\\ProgressBarStepProgress'),
(87,	201,	'App\\ProgressBarStepProgress'),
(88,	201,	'App\\ProgressBarStepProgress'),
(91,	201,	'App\\ProgressBarStepProgress'),
(130,	201,	'App\\ProgressBarStepProgress'),
(131,	201,	'App\\ProgressBarStepProgress'),
(133,	201,	'App\\ProgressBarStepProgress'),
(134,	201,	'App\\ProgressBarStepProgress'),
(147,	201,	'App\\ProgressBarStepProgress'),
(155,	201,	'App\\ProgressBarStepProgress'),
(1,	202,	'App\\ProgressBarStepProgress'),
(6,	202,	'App\\ProgressBarStepProgress'),
(25,	202,	'App\\ProgressBarStepProgress'),
(47,	202,	'App\\ProgressBarStepProgress'),
(56,	202,	'App\\ProgressBarStepProgress'),
(57,	202,	'App\\ProgressBarStepProgress'),
(78,	202,	'App\\ProgressBarStepProgress'),
(79,	202,	'App\\ProgressBarStepProgress'),
(80,	202,	'App\\ProgressBarStepProgress'),
(85,	202,	'App\\ProgressBarStepProgress'),
(86,	202,	'App\\ProgressBarStepProgress'),
(87,	202,	'App\\ProgressBarStepProgress'),
(88,	202,	'App\\ProgressBarStepProgress'),
(91,	202,	'App\\ProgressBarStepProgress'),
(130,	202,	'App\\ProgressBarStepProgress'),
(131,	202,	'App\\ProgressBarStepProgress'),
(133,	202,	'App\\ProgressBarStepProgress'),
(134,	202,	'App\\ProgressBarStepProgress'),
(147,	202,	'App\\ProgressBarStepProgress'),
(155,	202,	'App\\ProgressBarStepProgress'),
(1,	203,	'App\\ProgressBarStepProgress'),
(6,	203,	'App\\ProgressBarStepProgress'),
(25,	203,	'App\\ProgressBarStepProgress'),
(47,	203,	'App\\ProgressBarStepProgress'),
(56,	203,	'App\\ProgressBarStepProgress'),
(57,	203,	'App\\ProgressBarStepProgress'),
(78,	203,	'App\\ProgressBarStepProgress'),
(79,	203,	'App\\ProgressBarStepProgress'),
(80,	203,	'App\\ProgressBarStepProgress'),
(85,	203,	'App\\ProgressBarStepProgress'),
(86,	203,	'App\\ProgressBarStepProgress'),
(87,	203,	'App\\ProgressBarStepProgress'),
(88,	203,	'App\\ProgressBarStepProgress'),
(91,	203,	'App\\ProgressBarStepProgress'),
(130,	203,	'App\\ProgressBarStepProgress'),
(131,	203,	'App\\ProgressBarStepProgress'),
(133,	203,	'App\\ProgressBarStepProgress'),
(134,	203,	'App\\ProgressBarStepProgress'),
(147,	203,	'App\\ProgressBarStepProgress'),
(155,	203,	'App\\ProgressBarStepProgress'),
(1,	204,	'App\\ProgressBarStepProgress'),
(6,	204,	'App\\ProgressBarStepProgress'),
(25,	204,	'App\\ProgressBarStepProgress'),
(47,	204,	'App\\ProgressBarStepProgress'),
(56,	204,	'App\\ProgressBarStepProgress'),
(57,	204,	'App\\ProgressBarStepProgress'),
(78,	204,	'App\\ProgressBarStepProgress'),
(79,	204,	'App\\ProgressBarStepProgress'),
(80,	204,	'App\\ProgressBarStepProgress'),
(85,	204,	'App\\ProgressBarStepProgress'),
(86,	204,	'App\\ProgressBarStepProgress'),
(87,	204,	'App\\ProgressBarStepProgress'),
(88,	204,	'App\\ProgressBarStepProgress'),
(91,	204,	'App\\ProgressBarStepProgress'),
(130,	204,	'App\\ProgressBarStepProgress'),
(131,	204,	'App\\ProgressBarStepProgress'),
(133,	204,	'App\\ProgressBarStepProgress'),
(134,	204,	'App\\ProgressBarStepProgress'),
(147,	204,	'App\\ProgressBarStepProgress'),
(155,	204,	'App\\ProgressBarStepProgress'),
(1,	205,	'App\\ProgressBarStepProgress'),
(6,	205,	'App\\ProgressBarStepProgress'),
(25,	205,	'App\\ProgressBarStepProgress'),
(47,	205,	'App\\ProgressBarStepProgress'),
(56,	205,	'App\\ProgressBarStepProgress'),
(57,	205,	'App\\ProgressBarStepProgress'),
(78,	205,	'App\\ProgressBarStepProgress'),
(79,	205,	'App\\ProgressBarStepProgress'),
(80,	205,	'App\\ProgressBarStepProgress'),
(85,	205,	'App\\ProgressBarStepProgress'),
(86,	205,	'App\\ProgressBarStepProgress'),
(87,	205,	'App\\ProgressBarStepProgress'),
(88,	205,	'App\\ProgressBarStepProgress'),
(91,	205,	'App\\ProgressBarStepProgress'),
(130,	205,	'App\\ProgressBarStepProgress'),
(131,	205,	'App\\ProgressBarStepProgress'),
(133,	205,	'App\\ProgressBarStepProgress'),
(134,	205,	'App\\ProgressBarStepProgress'),
(147,	205,	'App\\ProgressBarStepProgress'),
(155,	205,	'App\\ProgressBarStepProgress'),
(1,	206,	'App\\ProgressBarStepProgress'),
(6,	206,	'App\\ProgressBarStepProgress'),
(25,	206,	'App\\ProgressBarStepProgress'),
(47,	206,	'App\\ProgressBarStepProgress'),
(56,	206,	'App\\ProgressBarStepProgress'),
(57,	206,	'App\\ProgressBarStepProgress'),
(78,	206,	'App\\ProgressBarStepProgress'),
(79,	206,	'App\\ProgressBarStepProgress'),
(80,	206,	'App\\ProgressBarStepProgress'),
(85,	206,	'App\\ProgressBarStepProgress'),
(86,	206,	'App\\ProgressBarStepProgress'),
(87,	206,	'App\\ProgressBarStepProgress'),
(88,	206,	'App\\ProgressBarStepProgress'),
(91,	206,	'App\\ProgressBarStepProgress'),
(130,	206,	'App\\ProgressBarStepProgress'),
(131,	206,	'App\\ProgressBarStepProgress'),
(133,	206,	'App\\ProgressBarStepProgress'),
(134,	206,	'App\\ProgressBarStepProgress'),
(147,	206,	'App\\ProgressBarStepProgress'),
(155,	206,	'App\\ProgressBarStepProgress'),
(1,	207,	'App\\ProgressBarStepProgress'),
(6,	207,	'App\\ProgressBarStepProgress'),
(25,	207,	'App\\ProgressBarStepProgress'),
(47,	207,	'App\\ProgressBarStepProgress'),
(56,	207,	'App\\ProgressBarStepProgress'),
(57,	207,	'App\\ProgressBarStepProgress'),
(78,	207,	'App\\ProgressBarStepProgress'),
(79,	207,	'App\\ProgressBarStepProgress'),
(80,	207,	'App\\ProgressBarStepProgress'),
(85,	207,	'App\\ProgressBarStepProgress'),
(86,	207,	'App\\ProgressBarStepProgress'),
(87,	207,	'App\\ProgressBarStepProgress'),
(88,	207,	'App\\ProgressBarStepProgress'),
(91,	207,	'App\\ProgressBarStepProgress'),
(130,	207,	'App\\ProgressBarStepProgress'),
(131,	207,	'App\\ProgressBarStepProgress'),
(133,	207,	'App\\ProgressBarStepProgress'),
(134,	207,	'App\\ProgressBarStepProgress'),
(147,	207,	'App\\ProgressBarStepProgress'),
(155,	207,	'App\\ProgressBarStepProgress'),
(1,	208,	'App\\ProgressBarStepProgress'),
(6,	208,	'App\\ProgressBarStepProgress'),
(25,	208,	'App\\ProgressBarStepProgress'),
(47,	208,	'App\\ProgressBarStepProgress'),
(56,	208,	'App\\ProgressBarStepProgress'),
(57,	208,	'App\\ProgressBarStepProgress'),
(78,	208,	'App\\ProgressBarStepProgress'),
(79,	208,	'App\\ProgressBarStepProgress'),
(80,	208,	'App\\ProgressBarStepProgress'),
(85,	208,	'App\\ProgressBarStepProgress'),
(86,	208,	'App\\ProgressBarStepProgress'),
(87,	208,	'App\\ProgressBarStepProgress'),
(88,	208,	'App\\ProgressBarStepProgress'),
(91,	208,	'App\\ProgressBarStepProgress'),
(130,	208,	'App\\ProgressBarStepProgress'),
(131,	208,	'App\\ProgressBarStepProgress'),
(133,	208,	'App\\ProgressBarStepProgress'),
(134,	208,	'App\\ProgressBarStepProgress'),
(147,	208,	'App\\ProgressBarStepProgress'),
(155,	208,	'App\\ProgressBarStepProgress'),
(1,	209,	'App\\ProgressBarStepProgress'),
(6,	209,	'App\\ProgressBarStepProgress'),
(25,	209,	'App\\ProgressBarStepProgress'),
(47,	209,	'App\\ProgressBarStepProgress'),
(56,	209,	'App\\ProgressBarStepProgress'),
(57,	209,	'App\\ProgressBarStepProgress'),
(78,	209,	'App\\ProgressBarStepProgress'),
(79,	209,	'App\\ProgressBarStepProgress'),
(80,	209,	'App\\ProgressBarStepProgress'),
(85,	209,	'App\\ProgressBarStepProgress'),
(86,	209,	'App\\ProgressBarStepProgress'),
(87,	209,	'App\\ProgressBarStepProgress'),
(88,	209,	'App\\ProgressBarStepProgress'),
(91,	209,	'App\\ProgressBarStepProgress'),
(130,	209,	'App\\ProgressBarStepProgress'),
(131,	209,	'App\\ProgressBarStepProgress'),
(133,	209,	'App\\ProgressBarStepProgress'),
(134,	209,	'App\\ProgressBarStepProgress'),
(147,	209,	'App\\ProgressBarStepProgress'),
(155,	209,	'App\\ProgressBarStepProgress'),
(1,	210,	'App\\ProgressBarStepProgress'),
(6,	210,	'App\\ProgressBarStepProgress'),
(25,	210,	'App\\ProgressBarStepProgress'),
(47,	210,	'App\\ProgressBarStepProgress'),
(56,	210,	'App\\ProgressBarStepProgress'),
(57,	210,	'App\\ProgressBarStepProgress'),
(78,	210,	'App\\ProgressBarStepProgress'),
(79,	210,	'App\\ProgressBarStepProgress'),
(80,	210,	'App\\ProgressBarStepProgress'),
(85,	210,	'App\\ProgressBarStepProgress'),
(86,	210,	'App\\ProgressBarStepProgress'),
(87,	210,	'App\\ProgressBarStepProgress'),
(88,	210,	'App\\ProgressBarStepProgress'),
(91,	210,	'App\\ProgressBarStepProgress'),
(130,	210,	'App\\ProgressBarStepProgress'),
(131,	210,	'App\\ProgressBarStepProgress'),
(133,	210,	'App\\ProgressBarStepProgress'),
(134,	210,	'App\\ProgressBarStepProgress'),
(147,	210,	'App\\ProgressBarStepProgress'),
(155,	210,	'App\\ProgressBarStepProgress'),
(1,	211,	'App\\ProgressBarStepProgress'),
(6,	211,	'App\\ProgressBarStepProgress'),
(25,	211,	'App\\ProgressBarStepProgress'),
(47,	211,	'App\\ProgressBarStepProgress'),
(56,	211,	'App\\ProgressBarStepProgress'),
(57,	211,	'App\\ProgressBarStepProgress'),
(78,	211,	'App\\ProgressBarStepProgress'),
(79,	211,	'App\\ProgressBarStepProgress'),
(80,	211,	'App\\ProgressBarStepProgress'),
(85,	211,	'App\\ProgressBarStepProgress'),
(86,	211,	'App\\ProgressBarStepProgress'),
(87,	211,	'App\\ProgressBarStepProgress'),
(88,	211,	'App\\ProgressBarStepProgress'),
(91,	211,	'App\\ProgressBarStepProgress'),
(130,	211,	'App\\ProgressBarStepProgress'),
(131,	211,	'App\\ProgressBarStepProgress'),
(133,	211,	'App\\ProgressBarStepProgress'),
(134,	211,	'App\\ProgressBarStepProgress'),
(147,	211,	'App\\ProgressBarStepProgress'),
(155,	211,	'App\\ProgressBarStepProgress'),
(1,	211,	'App\\ProgressBar'),
(6,	211,	'App\\ProgressBar'),
(25,	211,	'App\\ProgressBar'),
(47,	211,	'App\\ProgressBar'),
(56,	211,	'App\\ProgressBar'),
(57,	211,	'App\\ProgressBar'),
(78,	211,	'App\\ProgressBar'),
(79,	211,	'App\\ProgressBar'),
(80,	211,	'App\\ProgressBar'),
(85,	211,	'App\\ProgressBar'),
(86,	211,	'App\\ProgressBar'),
(87,	211,	'App\\ProgressBar'),
(88,	211,	'App\\ProgressBar'),
(91,	211,	'App\\ProgressBar'),
(130,	211,	'App\\ProgressBar'),
(131,	211,	'App\\ProgressBar'),
(133,	211,	'App\\ProgressBar'),
(134,	211,	'App\\ProgressBar'),
(147,	211,	'App\\ProgressBar'),
(155,	211,	'App\\ProgressBar'),
(155,	213,	'App\\ProgressBar'),
(154,	214,	'App\\ProgressBar'),
(154,	215,	'App\\ProgressBar');

DROP TABLE IF EXISTS `esi_users`;
CREATE TABLE `esi_users` (
  `id` int(10) unsigned NOT NULL AUTO_INCREMENT,
  `email` varchar(255) COLLATE utf8_unicode_ci NOT NULL,
  `password` varchar(60) COLLATE utf8_unicode_ci NOT NULL,
  `nickname` varchar(255) COLLATE utf8_unicode_ci DEFAULT NULL,
  `name` varchar(60) COLLATE utf8_unicode_ci DEFAULT NULL,
  `bio` varchar(255) COLLATE utf8_unicode_ci DEFAULT NULL,
  `avatar` varchar(255) COLLATE utf8_unicode_ci DEFAULT NULL,
  `remember_token` varchar(100) COLLATE utf8_unicode_ci DEFAULT NULL,
  `created_at` timestamp NOT NULL DEFAULT '0000-00-00 00:00:00',
  `updated_at` timestamp NOT NULL DEFAULT '0000-00-00 00:00:00',
  `avatar_file_name` varchar(255) COLLATE utf8_unicode_ci DEFAULT NULL,
  `avatar_file_size` int(11) DEFAULT NULL,
  `avatar_content_type` varchar(255) COLLATE utf8_unicode_ci DEFAULT NULL,
  `avatar_updated_at` timestamp NULL DEFAULT NULL,
  `role_id` int(10) unsigned NOT NULL,
  `group_id` int(10) unsigned NOT NULL,
  `classroom_id` int(10) unsigned NOT NULL,
  `deleted_at` timestamp NULL DEFAULT NULL,
  `masterteacher` int(10) unsigned NOT NULL,
  `email_deleted` varchar(255) COLLATE utf8_unicode_ci DEFAULT NULL,
  PRIMARY KEY (`id`),
  UNIQUE KEY `users_email_unique` (`email`)
) ENGINE=InnoDB DEFAULT CHARSET=utf8 COLLATE=utf8_unicode_ci;

INSERT INTO `esi_users` (`id`, `email`, `password`, `nickname`, `name`, `bio`, `avatar`, `remember_token`, `created_at`, `updated_at`, `avatar_file_name`, `avatar_file_size`, `avatar_content_type`, `avatar_updated_at`, `role_id`, `group_id`, `classroom_id`, `deleted_at`, `masterteacher`, `email_deleted`) VALUES
(1,	'earlyscienceinitiative@gmail.com',	'$2y$10$3oKvhdmJmFOkVsOiXENyYeXTX0t6lsmjQli.uWA/lrhbrHCoUMyv.',	'ESI',	'Super Admin',	'Hi! I\'m ESI and I\'m crazy \'bot science!',	NULL,	'UgD4vybqS7A7obGzxA2CVVeRfIwLH4Tzco9AcVDMt4GjiU9sKaKn4nxnqbl1',	'2016-05-11 15:20:07',	'2018-04-18 22:17:15',	'6873.jpg',	140623,	'image/jpeg',	'2017-08-22 19:48:15',	6,	0,	1,	NULL,	0,	NULL),
(79,	's.garcia23@umiami.edu',	'$2y$10$ervFWUnHbILckRwpDMjC7.C/OFiJcOR.UGONippcatTb7oemCMxw6',	NULL,	'Santiago Garcia',	NULL,	NULL,	'EAE5AgSkgITBpHtzSiWtD82sZzsOibGU157XdBGUsSvwO04aIOjqwzfPONIT',	'2016-07-19 22:28:47',	'2018-01-10 14:25:47',	NULL,	NULL,	NULL,	NULL,	3,	0,	15,	NULL,	56,	NULL),
(145,	'ann@inreact.com',	'$2y$10$3oKvhdmJmFOkVsOiXENyYeXTX0t6lsmjQli.uWA/lrhbrHCoUMyv.',	'Ann Nunez',	'Ann Nunez',	NULL,	NULL,	'an2YxBPbENdN06s5tmq4UDB60FibenSJmc30MYZcQMY5stwPwKbhJwjKatPV',	'2016-12-05 21:07:58',	'2017-12-13 12:30:28',	NULL,	NULL,	NULL,	NULL,	8,	0,	15,	NULL,	0,	NULL),
(149,	'raymond@inreact.com',	'$2y$10$3oKvhdmJmFOkVsOiXENyYeXTX0t6lsmjQli.uWA/lrhbrHCoUMyv.',	NULL,	'Raymond Nunez',	NULL,	NULL,	'k1Nhd0EJL0KMJC9mhuPmc5hNpHiGlWxiw3Vc4VMXXWHzFp0ThgnQzf4mJIGG',	'2017-07-12 03:19:41',	'2018-04-11 11:20:17',	'black-ferrari-enzo-wallpaper-wallpaper-2.jpg',	256635,	'image/jpeg',	'2017-08-22 20:18:13',	2,	0,	15,	NULL,	56,	NULL),
(150,	'osiris@inreact.com',	'$2y$10$3oKvhdmJmFOkVsOiXENyYeXTX0t6lsmjQli.uWA/lrhbrHCoUMyv.',	NULL,	'Osiris Nunez',	NULL,	NULL,	'UXwTnuS2n9lAhDBgjYW3zir3rzzQv2eGTlbtYHd0qYe3KHGu66wV5J8bJYc1',	'2017-07-12 03:21:01',	'2017-12-05 15:54:36',	NULL,	NULL,	NULL,	NULL,	2,	0,	15,	NULL,	56,	NULL),
(151,	'junier@inreact.com',	'$2y$10$3oKvhdmJmFOkVsOiXENyYeXTX0t6lsmjQli.uWA/lrhbrHCoUMyv.',	NULL,	'Junier Nunez',	NULL,	NULL,	NULL,	'2017-07-12 03:22:26',	'2017-07-12 03:22:26',	NULL,	NULL,	NULL,	NULL,	4,	0,	15,	NULL,	56,	NULL),
(152,	'coach@inreact.com',	'$2y$10$3oKvhdmJmFOkVsOiXENyYeXTX0t6lsmjQli.uWA/lrhbrHCoUMyv.',	NULL,	'Coach Nunez',	NULL,	NULL,	NULL,	'2017-07-12 03:23:38',	'2017-07-12 03:23:38',	NULL,	NULL,	NULL,	NULL,	8,	0,	15,	NULL,	56,	NULL),
(153,	'esi-parent@inreact.com',	'$2y$10$3oKvhdmJmFOkVsOiXENyYeXTX0t6lsmjQli.uWA/lrhbrHCoUMyv.',	NULL,	'Demo Parent',	NULL,	NULL,	'xJdkSVJCw9Eqhj5Efx0hSnW6i8IJ15bCvfBCPxRZ7xkkrqoUmjCKBbpqnsUq',	'2017-10-27 09:46:38',	'2018-04-18 22:18:35',	NULL,	NULL,	NULL,	NULL,	1,	0,	15,	NULL,	56,	NULL),
(154,	'esi-teacher@inreact.com',	'$2y$10$3oKvhdmJmFOkVsOiXENyYeXTX0t6lsmjQli.uWA/lrhbrHCoUMyv.',	'',	'Demo Teacher',	'',	NULL,	'V7rnmOsfq1O53yMjM93yr4hJ2lqvqFpodVQp1u02o75hcFo0iwGg7tknzgaI',	'2017-10-27 09:48:08',	'2018-04-18 22:18:55',	'IMG_9003_sRGB.JPG',	53716,	'image/jpeg',	'2018-02-01 15:07:57',	2,	0,	15,	NULL,	159,	NULL),
(155,	'esi-master-teacher@inreact.com',	'$2y$10$3oKvhdmJmFOkVsOiXENyYeXTX0t6lsmjQli.uWA/lrhbrHCoUMyv.',	NULL,	'Demo Master Teacher',	NULL,	NULL,	'hF2xMsrrgDik8ckjLr3BAOedaEXz9YClTfyM9CdWHOggyQzorCw2iwf4POnn',	'2017-10-27 09:49:43',	'2018-04-18 22:19:16',	NULL,	NULL,	NULL,	NULL,	3,	0,	15,	NULL,	56,	NULL),
(156,	'esi-school-leader@inreact.com',	'$2y$10$3oKvhdmJmFOkVsOiXENyYeXTX0t6lsmjQli.uWA/lrhbrHCoUMyv.',	NULL,	'Demo School Leader',	NULL,	NULL,	'5DzNEbRmJTzzjb1s2UA4HPmfTi6QSfCkNaT2QZoh4gyNwpDBL7Y0cZBxUJMo',	'2017-10-27 09:50:09',	'2018-04-18 22:21:04',	NULL,	NULL,	NULL,	NULL,	4,	0,	15,	NULL,	56,	NULL),
(157,	'esi-project-admin@inreact.com',	'$2y$10$3oKvhdmJmFOkVsOiXENyYeXTX0t6lsmjQli.uWA/lrhbrHCoUMyv.',	NULL,	'Demo Project Admin',	NULL,	NULL,	'Uhu7tSF5IZr5Dbssd7IsRXJ0T5KTIlPGu8TWD4fXWjLla7WU3xDLauZa01Io',	'2017-10-27 09:50:56',	'2017-10-27 10:06:03',	NULL,	NULL,	NULL,	NULL,	5,	0,	0,	NULL,	56,	NULL),
(158,	'esi-moderator@inreact.com',	'$2y$10$3oKvhdmJmFOkVsOiXENyYeXTX0t6lsmjQli.uWA/lrhbrHCoUMyv.',	NULL,	'Demo Moderator',	NULL,	NULL,	'p3yW4A6mlLvz0YdxmTy7zpffAihJmR8ysWV4sGk6J6HGVjuClsUbV1kDnuiF',	'2017-10-27 09:52:00',	'2018-04-18 22:20:45',	NULL,	NULL,	NULL,	NULL,	7,	0,	15,	NULL,	56,	NULL),
(159,	's.garcia23@umiami.edu	',	'$2y$10$3oKvhdmJmFOkVsOiXENyYeXTX0t6lsmjQli.uWA/lrhbrHCoUMyv.',	'',	'Demo Coach',	'',	NULL,	'hUxv8udIeIJn0FIOE7FyKE33w3ZYySNmOCL36WRqs937jwxskdnLQpLH2hMQ',	'2017-10-27 09:52:25',	'2018-04-16 10:33:36',	NULL,	NULL,	NULL,	NULL,	8,	0,	15,	NULL,	56,	NULL);

DROP TABLE IF EXISTS `esi_user_saves`;
CREATE TABLE `esi_user_saves` (
  `id` int(10) unsigned NOT NULL AUTO_INCREMENT,
  `author_id` int(11) NOT NULL,
  `created_at` timestamp NULL DEFAULT NULL,
  `updated_at` timestamp NULL DEFAULT NULL,
  PRIMARY KEY (`id`)
) ENGINE=InnoDB DEFAULT CHARSET=utf8 COLLATE=utf8_unicode_ci;

INSERT INTO `esi_user_saves` (`id`, `author_id`, `created_at`, `updated_at`) VALUES
(3,	1,	'2017-07-19 19:29:40',	'2017-07-19 19:29:40'),
(4,	1,	'2017-07-19 19:30:05',	'2017-07-19 19:30:05'),
(5,	1,	'2017-07-19 20:05:55',	'2017-07-19 20:05:55'),
(6,	79,	'2017-08-10 19:26:58',	'2017-08-10 19:26:58'),
(7,	1,	'2017-08-11 13:22:12',	'2017-08-11 13:22:12'),
(8,	1,	'2017-08-17 18:50:20',	'2017-08-17 18:50:20'),
(9,	1,	'2017-08-23 18:19:14',	'2017-08-23 18:19:14'),
(10,	1,	'2017-08-30 19:11:57',	'2017-08-30 19:11:57'),
(11,	1,	'2017-08-30 19:12:24',	'2017-08-30 19:12:24'),
(12,	1,	'2017-08-30 19:12:28',	'2017-08-30 19:12:28'),
(13,	1,	'2017-08-30 19:12:42',	'2017-08-30 19:12:42'),
(14,	1,	'2017-08-30 19:14:55',	'2017-08-30 19:14:55'),
(15,	1,	'2017-08-30 19:16:52',	'2017-08-30 19:16:52'),
(16,	1,	'2017-08-31 17:10:16',	'2017-08-31 17:10:16'),
(17,	1,	'2017-09-20 15:44:31',	'2017-09-20 15:44:31'),
(18,	1,	'2017-09-20 17:48:59',	'2017-09-20 17:48:59'),
(19,	1,	'2017-09-20 19:13:44',	'2017-09-20 19:13:44'),
(20,	1,	'2017-09-20 20:31:56',	'2017-09-20 20:31:56'),
(21,	1,	'2017-09-21 18:25:10',	'2017-09-21 18:25:10'),
(22,	1,	'2017-09-21 18:44:18',	'2017-09-21 18:44:18'),
(23,	1,	'2017-09-25 12:16:23',	'2017-09-25 12:16:23'),
(24,	1,	'2017-09-26 11:39:33',	'2017-09-26 11:39:33'),
(25,	1,	'2017-09-26 19:04:33',	'2017-09-26 19:04:33'),
(26,	1,	'2017-09-27 11:01:27',	'2017-09-27 11:01:27'),
(27,	1,	'2017-09-27 11:02:13',	'2017-09-27 11:02:13'),
(28,	1,	'2017-09-28 14:36:41',	'2017-09-28 14:36:41'),
(29,	1,	'2017-09-28 20:12:47',	'2017-09-28 20:12:47'),
(30,	1,	'2017-09-29 14:24:25',	'2017-09-29 14:24:25'),
(31,	1,	'2017-09-29 14:57:48',	'2017-09-29 14:57:48'),
(32,	1,	'2017-09-29 15:03:16',	'2017-09-29 15:03:16'),
(33,	1,	'2017-09-29 15:03:32',	'2017-09-29 15:03:32'),
(34,	1,	'2017-09-29 15:03:38',	'2017-09-29 15:03:38'),
(35,	1,	'2017-09-29 15:03:47',	'2017-09-29 15:03:47'),
(36,	1,	'2017-09-29 15:04:09',	'2017-09-29 15:04:09'),
(37,	1,	'2017-09-29 15:11:25',	'2017-09-29 15:11:25'),
(38,	1,	'2017-10-03 06:09:31',	'2017-10-03 06:09:31'),
(39,	1,	'2017-10-03 06:13:37',	'2017-10-03 06:13:37'),
(40,	1,	'2017-10-03 08:31:20',	'2017-10-03 08:31:20'),
(41,	1,	'2017-10-03 10:58:23',	'2017-10-03 10:58:23'),
(42,	1,	'2017-10-03 10:58:43',	'2017-10-03 10:58:43'),
(43,	1,	'2017-10-03 11:45:14',	'2017-10-03 11:45:14'),
(44,	150,	'2017-10-04 14:00:36',	'2017-10-04 14:00:36'),
(45,	1,	'2017-10-06 12:41:21',	'2017-10-06 12:41:21'),
(46,	1,	'2017-10-09 10:51:25',	'2017-10-09 10:51:25'),
(47,	1,	'2017-10-09 10:56:05',	'2017-10-09 10:56:05'),
(48,	1,	'2017-10-09 11:53:58',	'2017-10-09 11:53:58'),
(49,	1,	'2017-10-10 09:06:57',	'2017-10-10 09:06:57'),
(50,	1,	'2017-10-16 12:13:58',	'2017-10-16 12:13:58'),
(51,	1,	'2017-10-16 13:10:29',	'2017-10-16 13:10:29'),
(52,	149,	'2017-10-17 11:28:19',	'2017-10-17 11:28:19'),
(53,	1,	'2017-10-18 10:41:37',	'2017-10-18 10:41:37'),
(54,	1,	'2017-10-18 10:45:10',	'2017-10-18 10:45:10'),
(55,	1,	'2017-10-18 10:50:44',	'2017-10-18 10:50:44'),
(56,	1,	'2017-10-18 11:25:50',	'2017-10-18 11:25:50'),
(57,	1,	'2017-10-20 07:57:42',	'2017-10-20 07:57:42'),
(58,	1,	'2017-10-20 08:27:38',	'2017-10-20 08:27:38'),
(59,	1,	'2017-10-20 08:28:23',	'2017-10-20 08:28:23'),
(60,	1,	'2017-10-20 09:41:26',	'2017-10-20 09:41:26'),
(61,	1,	'2017-10-24 11:27:19',	'2017-10-24 11:27:19'),
(62,	1,	'2017-10-24 13:41:05',	'2017-10-24 13:41:05'),
(63,	1,	'2017-10-25 14:03:20',	'2017-10-25 14:03:20'),
(64,	1,	'2017-10-25 15:13:25',	'2017-10-25 15:13:25'),
(65,	1,	'2017-10-31 12:02:40',	'2017-10-31 12:02:40'),
(66,	1,	'2017-11-01 07:07:57',	'2017-11-01 07:07:57'),
(67,	1,	'2017-11-01 11:25:22',	'2017-11-01 11:25:22'),
(68,	154,	'2017-11-03 09:14:58',	'2017-11-03 09:14:58'),
(69,	154,	'2017-11-03 09:15:12',	'2017-11-03 09:15:12'),
(70,	154,	'2017-11-03 09:15:36',	'2017-11-03 09:15:36'),
(71,	155,	'2017-11-03 09:19:11',	'2017-11-03 09:19:11'),
(72,	155,	'2017-11-03 09:19:30',	'2017-11-03 09:19:30'),
(73,	155,	'2017-11-03 09:19:44',	'2017-11-03 09:19:44'),
(74,	155,	'2017-11-03 09:19:57',	'2017-11-03 09:19:57'),
(75,	154,	'2017-11-03 09:20:39',	'2017-11-03 09:20:39'),
(76,	154,	'2017-11-06 09:41:41',	'2017-11-06 09:41:41'),
(77,	1,	'2017-11-06 10:58:56',	'2017-11-06 10:58:56'),
(78,	1,	'2017-11-06 11:06:45',	'2017-11-06 11:06:45'),
(79,	1,	'2017-11-07 09:07:54',	'2017-11-07 09:07:54'),
(80,	1,	'2017-11-07 09:09:10',	'2017-11-07 09:09:10'),
(81,	149,	'2017-11-08 14:59:46',	'2017-11-08 14:59:46'),
(82,	149,	'2017-11-08 15:00:37',	'2017-11-08 15:00:37'),
(83,	149,	'2017-11-08 15:08:52',	'2017-11-08 15:08:52'),
(84,	1,	'2017-11-09 08:24:48',	'2017-11-09 08:24:48'),
(85,	1,	'2017-11-09 08:25:00',	'2017-11-09 08:25:00'),
(86,	1,	'2017-11-09 08:27:28',	'2017-11-09 08:27:28'),
(87,	1,	'2017-11-09 09:01:15',	'2017-11-09 09:01:15'),
(88,	1,	'2017-11-09 09:14:42',	'2017-11-09 09:14:42'),
(89,	1,	'2017-11-09 09:17:14',	'2017-11-09 09:17:14'),
(90,	1,	'2017-11-09 09:17:46',	'2017-11-09 09:17:46'),
(91,	1,	'2017-11-10 07:39:22',	'2017-11-10 07:39:22'),
(92,	154,	'2017-11-10 09:25:39',	'2017-11-10 09:25:39'),
(93,	155,	'2017-11-10 09:25:46',	'2017-11-10 09:25:46'),
(94,	154,	'2017-11-10 09:25:53',	'2017-11-10 09:25:53'),
(95,	155,	'2017-11-10 09:25:57',	'2017-11-10 09:25:57'),
(96,	155,	'2017-11-10 09:26:08',	'2017-11-10 09:26:08'),
(97,	155,	'2017-11-10 09:27:11',	'2017-11-10 09:27:11'),
(98,	154,	'2017-11-10 09:27:23',	'2017-11-10 09:27:23'),
(99,	154,	'2017-11-10 13:46:53',	'2017-11-10 13:46:53'),
(100,	154,	'2017-11-10 13:46:54',	'2017-11-10 13:46:54'),
(101,	154,	'2017-11-10 13:47:06',	'2017-11-10 13:47:06'),
(102,	154,	'2017-11-10 14:41:20',	'2017-11-10 14:41:20'),
(103,	155,	'2017-11-10 14:41:23',	'2017-11-10 14:41:23'),
(104,	1,	'2017-11-13 07:21:27',	'2017-11-13 07:21:27'),
(105,	1,	'2017-11-14 07:25:48',	'2017-11-14 07:25:48'),
(106,	1,	'2017-11-15 13:56:32',	'2017-11-15 13:56:32'),
(107,	1,	'2017-11-16 12:01:48',	'2017-11-16 12:01:48'),
(108,	1,	'2017-11-17 14:26:58',	'2017-11-17 14:26:58'),
(109,	1,	'2017-11-30 15:32:34',	'2017-11-30 15:32:34'),
(110,	1,	'2017-12-12 22:48:38',	'2017-12-12 22:48:38'),
(111,	1,	'2017-12-14 10:36:30',	'2017-12-14 10:36:30'),
(112,	1,	'2017-12-14 10:36:58',	'2017-12-14 10:36:58'),
(113,	1,	'2017-12-14 10:37:31',	'2017-12-14 10:37:31'),
(114,	1,	'2018-01-09 14:03:24',	'2018-01-09 14:03:24'),
(115,	1,	'2018-01-09 14:06:50',	'2018-01-09 14:06:50'),
(116,	1,	'2018-01-09 14:09:21',	'2018-01-09 14:09:21'),
(117,	1,	'2018-01-09 14:10:34',	'2018-01-09 14:10:34'),
(118,	1,	'2018-01-09 14:11:22',	'2018-01-09 14:11:22'),
(119,	1,	'2018-01-09 14:12:25',	'2018-01-09 14:12:25'),
(120,	1,	'2018-01-09 14:17:13',	'2018-01-09 14:17:13'),
(121,	1,	'2018-01-11 14:47:25',	'2018-01-11 14:47:25'),
(122,	1,	'2018-01-12 10:25:04',	'2018-01-12 10:25:04'),
(123,	1,	'2018-01-12 10:38:12',	'2018-01-12 10:38:12'),
(124,	1,	'2018-01-12 11:04:50',	'2018-01-12 11:04:50'),
(125,	1,	'2018-01-12 11:18:02',	'2018-01-12 11:18:02'),
(126,	1,	'2018-01-22 15:13:17',	'2018-01-22 15:13:17'),
(127,	1,	'2018-01-31 07:36:29',	'2018-01-31 07:36:29'),
(128,	1,	'2018-01-31 07:59:59',	'2018-01-31 07:59:59'),
(129,	154,	'2018-02-02 08:35:54',	'2018-02-02 08:35:54'),
(130,	154,	'2018-02-02 08:46:07',	'2018-02-02 08:46:07'),
(131,	154,	'2018-02-02 08:50:37',	'2018-02-02 08:50:37'),
(132,	159,	'2018-02-02 09:55:36',	'2018-02-02 09:55:36'),
(133,	159,	'2018-02-02 10:13:10',	'2018-02-02 10:13:10'),
(134,	1,	'2018-03-08 20:22:28',	'2018-03-08 20:22:28');

DROP TABLE IF EXISTS `esi_user_save_objects`;
CREATE TABLE `esi_user_save_objects` (
  `id` int(10) unsigned NOT NULL AUTO_INCREMENT,
  `user_save_id` int(11) NOT NULL,
  `object_id` int(11) NOT NULL,
  `object_type` varchar(255) COLLATE utf8_unicode_ci NOT NULL,
  `created_at` timestamp NULL DEFAULT NULL,
  `updated_at` timestamp NULL DEFAULT NULL,
  PRIMARY KEY (`id`)
) ENGINE=InnoDB DEFAULT CHARSET=utf8 COLLATE=utf8_unicode_ci;

INSERT INTO `esi_user_save_objects` (`id`, `user_save_id`, `object_id`, `object_type`, `created_at`, `updated_at`) VALUES
(3,	3,	47,	'App\\Video',	'2017-07-19 19:29:40',	'2017-07-19 19:29:40'),
(4,	4,	45,	'App\\Video',	'2017-07-19 19:30:05',	'2017-07-19 19:30:05'),
(5,	5,	47,	'App\\Video',	'2017-07-19 20:05:55',	'2017-07-19 20:05:55'),
(6,	6,	24,	'App\\Video',	'2017-08-10 19:26:58',	'2017-08-10 19:26:58'),
(7,	7,	0,	'App\\Video',	'2017-08-11 13:22:12',	'2017-08-11 13:22:12'),
(8,	8,	45,	'App\\Video',	'2017-08-17 18:50:21',	'2017-08-17 18:50:21'),
(9,	9,	50,	'App\\Video',	'2017-08-23 18:19:14',	'2017-08-23 18:19:14'),
(10,	10,	56,	'App\\Video',	'2017-08-30 19:11:57',	'2017-08-30 19:11:57'),
(11,	11,	56,	'App\\Video',	'2017-08-30 19:12:24',	'2017-08-30 19:12:24'),
(12,	12,	56,	'App\\Video',	'2017-08-30 19:12:28',	'2017-08-30 19:12:28'),
(13,	13,	56,	'App\\Video',	'2017-08-30 19:12:42',	'2017-08-30 19:12:42'),
(14,	14,	56,	'App\\Video',	'2017-08-30 19:14:55',	'2017-08-30 19:14:55'),
(15,	15,	56,	'App\\Video',	'2017-08-30 19:16:52',	'2017-08-30 19:16:52'),
(16,	16,	57,	'App\\Video',	'2017-08-31 17:10:16',	'2017-08-31 17:10:16'),
(17,	17,	59,	'App\\Video',	'2017-09-20 15:44:31',	'2017-09-20 15:44:31'),
(18,	18,	65,	'App\\Video',	'2017-09-20 17:48:59',	'2017-09-20 17:48:59'),
(19,	19,	62,	'App\\Video',	'2017-09-20 19:13:44',	'2017-09-20 19:13:44'),
(20,	20,	24,	'App\\Message',	'2017-09-20 20:31:56',	'2017-09-20 20:31:56'),
(21,	21,	50,	'App\\Message',	'2017-09-21 18:25:10',	'2017-09-21 18:25:10'),
(22,	22,	51,	'App\\Message',	'2017-09-21 18:44:18',	'2017-09-21 18:44:18'),
(23,	23,	67,	'App\\Video',	'2017-09-25 12:16:23',	'2017-09-25 12:16:23'),
(24,	24,	62,	'App\\Video',	'2017-09-26 11:39:33',	'2017-09-26 11:39:33'),
(25,	25,	62,	'App\\Video',	'2017-09-26 19:04:33',	'2017-09-26 19:04:33'),
(26,	26,	62,	'App\\Video',	'2017-09-27 11:01:27',	'2017-09-27 11:01:27'),
(27,	27,	54,	'App\\Message',	'2017-09-27 11:02:13',	'2017-09-27 11:02:13'),
(28,	28,	62,	'App\\Video',	'2017-09-28 14:36:41',	'2017-09-28 14:36:41'),
(29,	29,	65,	'App\\Message',	'2017-09-28 20:12:47',	'2017-09-28 20:12:47'),
(30,	30,	65,	'App\\Message',	'2017-09-29 14:24:25',	'2017-09-29 14:24:25'),
(38,	38,	73,	'App\\Video',	'2017-10-03 06:09:31',	'2017-10-03 06:09:31'),
(39,	39,	73,	'App\\Video',	'2017-10-03 06:13:37',	'2017-10-03 06:13:37'),
(40,	40,	74,	'App\\Video',	'2017-10-03 08:31:20',	'2017-10-03 08:31:20'),
(41,	41,	71,	'App\\Message',	'2017-10-03 10:58:23',	'2017-10-03 10:58:23'),
(42,	42,	74,	'App\\Video',	'2017-10-03 10:58:43',	'2017-10-03 10:58:43'),
(43,	43,	74,	'App\\Message',	'2017-10-03 11:45:14',	'2017-10-03 11:45:14'),
(44,	44,	83,	'App\\Video',	'2017-10-04 14:00:36',	'2017-10-04 14:00:36'),
(45,	45,	87,	'App\\Video',	'2017-10-06 12:41:21',	'2017-10-06 12:41:21'),
(46,	46,	85,	'App\\Video',	'2017-10-09 10:51:25',	'2017-10-09 10:51:25'),
(47,	47,	75,	'App\\Message',	'2017-10-09 10:56:05',	'2017-10-09 10:56:05'),
(48,	48,	90,	'App\\Video',	'2017-10-09 11:53:58',	'2017-10-09 11:53:58'),
(49,	49,	92,	'App\\Video',	'2017-10-10 09:06:57',	'2017-10-10 09:06:57'),
(50,	50,	93,	'App\\Video',	'2017-10-16 12:13:58',	'2017-10-16 12:13:58'),
(51,	51,	76,	'App\\Message',	'2017-10-16 13:10:29',	'2017-10-16 13:10:29'),
(55,	55,	52,	'App\\ProgressBar',	'2017-10-18 10:50:44',	'2017-10-18 10:50:44'),
(56,	56,	85,	'App\\Message',	'2017-10-18 11:25:50',	'2017-10-18 11:25:50'),
(57,	57,	57,	'App\\ProgressBar',	'2017-10-20 07:57:42',	'2017-10-20 07:57:42'),
(58,	58,	94,	'App\\Video',	'2017-10-20 08:27:38',	'2017-10-20 08:27:38'),
(59,	59,	97,	'App\\Video',	'2017-10-20 08:28:23',	'2017-10-20 08:28:23'),
(60,	60,	91,	'App\\Message',	'2017-10-20 09:41:26',	'2017-10-20 09:41:26'),
(61,	61,	98,	'App\\Video',	'2017-10-24 11:27:19',	'2017-10-24 11:27:19'),
(62,	62,	62,	'App\\ProgressBar',	'2017-10-24 13:41:05',	'2017-10-24 13:41:05'),
(63,	63,	64,	'App\\ProgressBar',	'2017-10-25 14:03:20',	'2017-10-25 14:03:20'),
(64,	64,	46,	'App\\ProgressBar',	'2017-10-25 15:13:25',	'2017-10-25 15:13:25'),
(65,	65,	104,	'App\\Video',	'2017-10-31 12:02:40',	'2017-10-31 12:02:40'),
(66,	66,	105,	'App\\Video',	'2017-11-01 07:07:57',	'2017-11-01 07:07:57'),
(67,	67,	108,	'App\\Video',	'2017-11-01 11:25:22',	'2017-11-01 11:25:22'),
(68,	68,	129,	'App\\Video',	'2017-11-03 09:14:58',	'2017-11-03 09:14:58'),
(69,	69,	128,	'App\\Video',	'2017-11-03 09:15:12',	'2017-11-03 09:15:12'),
(70,	70,	112,	'App\\Video',	'2017-11-03 09:15:36',	'2017-11-03 09:15:36'),
(71,	71,	131,	'App\\Video',	'2017-11-03 09:19:11',	'2017-11-03 09:19:11'),
(72,	72,	124,	'App\\Video',	'2017-11-03 09:19:30',	'2017-11-03 09:19:30'),
(73,	73,	114,	'App\\Video',	'2017-11-03 09:19:44',	'2017-11-03 09:19:44'),
(74,	74,	130,	'App\\Video',	'2017-11-03 09:19:57',	'2017-11-03 09:19:57'),
(75,	75,	116,	'App\\Video',	'2017-11-03 09:20:39',	'2017-11-03 09:20:39'),
(77,	77,	139,	'App\\Video',	'2017-11-06 10:58:56',	'2017-11-06 10:58:56'),
(79,	79,	94,	'App\\Message',	'2017-11-07 09:07:54',	'2017-11-07 09:07:54'),
(80,	80,	141,	'App\\Video',	'2017-11-07 09:09:10',	'2017-11-07 09:09:10'),
(81,	81,	104,	'App\\Video',	'2017-11-08 14:59:46',	'2017-11-08 14:59:46'),
(82,	82,	55,	'App\\Video',	'2017-11-08 15:00:37',	'2017-11-08 15:00:37'),
(83,	83,	143,	'App\\Video',	'2017-11-08 15:08:52',	'2017-11-08 15:08:52'),
(85,	85,	144,	'App\\Video',	'2017-11-09 08:25:00',	'2017-11-09 08:25:00'),
(86,	86,	145,	'App\\Video',	'2017-11-09 08:27:28',	'2017-11-09 08:27:28'),
(89,	89,	147,	'App\\Video',	'2017-11-09 09:17:14',	'2017-11-09 09:17:14'),
(90,	90,	146,	'App\\Video',	'2017-11-09 09:17:46',	'2017-11-09 09:17:46'),
(91,	91,	51,	'App\\ProgressBar',	'2017-11-10 07:39:22',	'2017-11-10 07:39:22'),
(92,	92,	139,	'App\\Video',	'2017-11-10 09:25:39',	'2017-11-10 09:25:39'),
(94,	94,	155,	'App\\Video',	'2017-11-10 09:25:53',	'2017-11-10 09:25:53'),
(95,	95,	138,	'App\\Video',	'2017-11-10 09:25:57',	'2017-11-10 09:25:57'),
(96,	96,	126,	'App\\Video',	'2017-11-10 09:26:08',	'2017-11-10 09:26:08'),
(97,	97,	122,	'App\\Video',	'2017-11-10 09:27:11',	'2017-11-10 09:27:11'),
(98,	98,	123,	'App\\Video',	'2017-11-10 09:27:23',	'2017-11-10 09:27:23'),
(99,	99,	77,	'App\\ProgressBar',	'2017-11-10 13:46:53',	'2017-11-10 13:46:53'),
(100,	100,	85,	'App\\ProgressBar',	'2017-11-10 13:46:54',	'2017-11-10 13:46:54'),
(101,	101,	86,	'App\\ProgressBar',	'2017-11-10 13:47:06',	'2017-11-10 13:47:06'),
(102,	102,	112,	'App\\Message',	'2017-11-10 14:41:20',	'2017-11-10 14:41:20'),
(103,	103,	112,	'App\\Message',	'2017-11-10 14:41:23',	'2017-11-10 14:41:23'),
(104,	104,	159,	'App\\Video',	'2017-11-13 07:21:27',	'2017-11-13 07:21:27'),
(105,	105,	160,	'App\\Video',	'2017-11-14 07:25:48',	'2017-11-14 07:25:48'),
(106,	106,	172,	'App\\Video',	'2017-11-15 13:56:32',	'2017-11-15 13:56:32'),
(108,	108,	181,	'App\\Video',	'2017-11-17 14:26:58',	'2017-11-17 14:26:58'),
(109,	109,	89,	'App\\ProgressBar',	'2017-11-30 15:32:34',	'2017-11-30 15:32:34'),
(110,	110,	227,	'App\\Video',	'2017-12-12 22:48:38',	'2017-12-12 22:48:38'),
(111,	111,	91,	'App\\ProgressBar',	'2017-12-14 10:36:30',	'2017-12-14 10:36:30'),
(112,	112,	93,	'App\\ProgressBar',	'2017-12-14 10:36:58',	'2017-12-14 10:36:58'),
(113,	113,	231,	'App\\Video',	'2017-12-14 10:37:31',	'2017-12-14 10:37:31'),
(115,	115,	252,	'App\\Video',	'2018-01-09 14:06:50',	'2018-01-09 14:06:50'),
(120,	120,	35,	'App\\Resource',	'2018-01-09 14:17:13',	'2018-01-09 14:17:13'),
(121,	121,	41,	'App\\Resource',	'2018-01-11 14:47:25',	'2018-01-11 14:47:25'),
(123,	123,	254,	'App\\Video',	'2018-01-12 10:38:12',	'2018-01-12 10:38:12'),
(124,	124,	60,	'App\\Resource',	'2018-01-12 11:04:50',	'2018-01-12 11:04:50'),
(125,	125,	116,	'App\\Message',	'2018-01-12 11:18:02',	'2018-01-12 11:18:02'),
(126,	126,	261,	'App\\Video',	'2018-01-22 15:13:17',	'2018-01-22 15:13:17'),
(127,	127,	65,	'App\\Resource',	'2018-01-31 07:36:29',	'2018-01-31 07:36:29'),
(128,	128,	118,	'App\\Message',	'2018-01-31 07:59:59',	'2018-01-31 07:59:59'),
(129,	129,	35,	'App\\Resource',	'2018-02-02 08:35:54',	'2018-02-02 08:35:54'),
(130,	130,	64,	'App\\Resource',	'2018-02-02 08:46:07',	'2018-02-02 08:46:07'),
(131,	131,	116,	'App\\Message',	'2018-02-02 08:50:37',	'2018-02-02 08:50:37'),
(132,	132,	64,	'App\\Resource',	'2018-02-02 09:55:36',	'2018-02-02 09:55:36'),
(133,	133,	122,	'App\\Message',	'2018-02-02 10:13:10',	'2018-02-02 10:13:10'),
(134,	134,	144,	'App\\Message',	'2018-03-08 20:22:28',	'2018-03-08 20:22:28');

DROP TABLE IF EXISTS `esi_user_shares`;
CREATE TABLE `esi_user_shares` (
  `id` int(10) unsigned NOT NULL AUTO_INCREMENT,
  `author_id` int(11) NOT NULL,
  `recipient_id` int(11) NOT NULL,
  `created_at` timestamp NULL DEFAULT NULL,
  `updated_at` timestamp NULL DEFAULT NULL,
  PRIMARY KEY (`id`)
) ENGINE=InnoDB DEFAULT CHARSET=utf8 COLLATE=utf8_unicode_ci;

INSERT INTO `esi_user_shares` (`id`, `author_id`, `recipient_id`, `created_at`, `updated_at`) VALUES
(4,	1,	150,	'2017-07-19 20:27:15',	'2017-07-19 20:27:15'),
(5,	1,	6,	'2017-07-19 20:28:37',	'2017-07-19 20:28:37'),
(6,	1,	150,	'2017-07-19 20:28:55',	'2017-07-19 20:28:55'),
(7,	1,	150,	'2017-07-19 20:30:00',	'2017-07-19 20:30:00'),
(8,	79,	132,	'2017-08-11 13:10:07',	'2017-08-11 13:10:07'),
(9,	1,	79,	'2017-08-11 13:21:57',	'2017-08-11 13:21:57'),
(10,	1,	78,	'2017-08-11 17:04:18',	'2017-08-11 17:04:18'),
(11,	1,	79,	'2017-08-17 21:25:33',	'2017-08-17 21:25:33'),
(12,	1,	132,	'2017-08-17 21:31:51',	'2017-08-17 21:31:51'),
(13,	1,	79,	'2017-08-23 18:18:11',	'2017-08-23 18:18:11'),
(14,	1,	78,	'2017-08-24 14:51:23',	'2017-08-24 14:51:23'),
(15,	1,	149,	'2017-08-30 19:27:38',	'2017-08-30 19:27:38'),
(16,	1,	150,	'2017-08-30 19:27:38',	'2017-08-30 19:27:38'),
(17,	1,	149,	'2017-08-30 19:28:34',	'2017-08-30 19:28:34'),
(18,	1,	150,	'2017-08-30 19:28:34',	'2017-08-30 19:28:34'),
(19,	1,	79,	'2017-09-20 17:46:56',	'2017-09-20 17:46:56'),
(20,	1,	79,	'2017-09-20 17:47:50',	'2017-09-20 17:47:50'),
(21,	1,	132,	'2017-09-20 17:47:50',	'2017-09-20 17:47:50'),
(22,	1,	79,	'2017-09-20 19:02:26',	'2017-09-20 19:02:26'),
(23,	1,	132,	'2017-09-20 19:02:26',	'2017-09-20 19:02:26'),
(24,	1,	79,	'2017-09-20 19:04:55',	'2017-09-20 19:04:55'),
(25,	1,	132,	'2017-10-03 08:30:02',	'2017-10-03 08:30:02'),
(26,	150,	149,	'2017-10-05 10:38:46',	'2017-10-05 10:38:46'),
(27,	149,	150,	'2017-10-05 12:06:13',	'2017-10-05 12:06:13'),
(28,	149,	150,	'2017-10-05 12:18:32',	'2017-10-05 12:18:32'),
(29,	150,	60,	'2017-10-05 12:22:46',	'2017-10-05 12:22:46'),
(30,	1,	79,	'2017-10-09 11:32:11',	'2017-10-09 11:32:11'),
(31,	1,	79,	'2017-10-10 09:03:16',	'2017-10-10 09:03:16'),
(32,	1,	6,	'2017-10-10 14:59:39',	'2017-10-10 14:59:39'),
(33,	1,	149,	'2017-10-11 12:32:43',	'2017-10-11 12:32:43'),
(34,	1,	149,	'2017-10-11 12:34:31',	'2017-10-11 12:34:31'),
(35,	1,	132,	'2017-10-20 08:26:54',	'2017-10-20 08:26:54'),
(36,	154,	132,	'2017-11-03 09:26:56',	'2017-11-03 09:26:56'),
(37,	154,	0,	'2017-11-03 09:26:56',	'2017-11-03 09:26:56'),
(38,	155,	79,	'2017-11-03 09:27:18',	'2017-11-03 09:27:18'),
(39,	155,	78,	'2017-11-03 09:27:18',	'2017-11-03 09:27:18'),
(40,	155,	132,	'2017-11-03 09:27:18',	'2017-11-03 09:27:18'),
(41,	155,	154,	'2017-11-03 09:27:18',	'2017-11-03 09:27:18'),
(42,	155,	154,	'2017-11-03 09:30:14',	'2017-11-03 09:30:14'),
(43,	155,	154,	'2017-11-06 09:39:14',	'2017-11-06 09:39:14'),
(44,	155,	153,	'2017-11-06 09:39:14',	'2017-11-06 09:39:14'),
(45,	155,	156,	'2017-11-06 09:39:14',	'2017-11-06 09:39:14'),
(46,	154,	153,	'2017-11-06 09:43:02',	'2017-11-06 09:43:02'),
(47,	1,	154,	'2017-11-06 11:05:22',	'2017-11-06 11:05:22'),
(48,	155,	154,	'2017-11-06 13:07:56',	'2017-11-06 13:07:56'),
(49,	1,	154,	'2017-11-06 14:50:11',	'2017-11-06 14:50:11'),
(50,	1,	154,	'2017-11-07 15:20:31',	'2017-11-07 15:20:31'),
(51,	1,	155,	'2017-11-08 10:33:16',	'2017-11-08 10:33:16'),
(52,	1,	155,	'2017-11-08 10:33:49',	'2017-11-08 10:33:49'),
(53,	1,	155,	'2017-11-08 10:34:19',	'2017-11-08 10:34:19'),
(54,	1,	149,	'2017-11-08 14:49:12',	'2017-11-08 14:49:12'),
(55,	155,	154,	'2017-11-09 09:05:18',	'2017-11-09 09:05:18'),
(56,	155,	154,	'2017-11-09 09:05:58',	'2017-11-09 09:05:58'),
(57,	1,	155,	'2017-11-09 09:06:38',	'2017-11-09 09:06:38'),
(58,	1,	154,	'2017-11-09 09:07:56',	'2017-11-09 09:07:56'),
(59,	155,	154,	'2017-11-10 09:22:46',	'2017-11-10 09:22:46'),
(60,	154,	0,	'2017-11-10 09:24:06',	'2017-11-10 09:24:06'),
(61,	1,	154,	'2017-11-14 07:08:04',	'2017-11-14 07:08:04'),
(62,	1,	154,	'2017-11-17 14:08:05',	'2017-11-17 14:08:05'),
(63,	1,	154,	'2017-11-17 14:13:42',	'2017-11-17 14:13:42'),
(73,	1,	145,	'2017-12-13 11:13:37',	'2017-12-13 11:13:37'),
(74,	1,	145,	'2017-12-13 11:37:09',	'2017-12-13 11:37:09'),
(76,	1,	6,	'2017-12-28 14:28:07',	'2017-12-28 14:28:07'),
(77,	1,	8,	'2017-12-28 14:28:07',	'2017-12-28 14:28:07'),
(78,	1,	7,	'2017-12-28 14:28:07',	'2017-12-28 14:28:07'),
(79,	1,	10,	'2017-12-28 14:28:07',	'2017-12-28 14:28:07'),
(80,	1,	154,	'2018-01-04 14:07:15',	'2018-01-04 14:07:15'),
(81,	1,	154,	'2018-01-08 10:37:30',	'2018-01-08 10:37:30'),
(82,	1,	149,	'2018-01-12 11:28:09',	'2018-01-12 11:28:09'),
(83,	1,	149,	'2018-01-12 11:49:34',	'2018-01-12 11:49:34'),
(91,	1,	155,	'2018-01-18 08:23:56',	'2018-01-18 08:23:56'),
(92,	1,	154,	'2018-01-18 08:28:41',	'2018-01-18 08:28:41'),
(103,	1,	149,	'2018-01-24 12:16:47',	'2018-01-24 12:16:47'),
(105,	1,	149,	'2018-01-24 14:08:36',	'2018-01-24 14:08:36'),
(106,	150,	1,	'2018-01-24 15:28:24',	'2018-01-24 15:28:24'),
(107,	150,	1,	'2018-01-24 15:33:15',	'2018-01-24 15:33:15'),
(108,	1,	159,	'2018-01-24 16:43:46',	'2018-01-24 16:43:46'),
(109,	1,	1,	'2018-01-30 10:40:17',	'2018-01-30 10:40:17'),
(114,	154,	79,	'2018-02-01 09:47:32',	'2018-02-01 09:47:32'),
(115,	154,	153,	'2018-02-01 09:47:32',	'2018-02-01 09:47:32'),
(119,	154,	159,	'2018-02-01 12:20:09',	'2018-02-01 12:20:09'),
(120,	154,	1,	'2018-02-01 14:37:39',	'2018-02-01 14:37:39'),
(122,	154,	1,	'2018-02-02 08:58:18',	'2018-02-02 08:58:18'),
(123,	154,	159,	'2018-02-02 08:58:54',	'2018-02-02 08:58:54'),
(124,	154,	159,	'2018-02-02 09:00:59',	'2018-02-02 09:00:59'),
(125,	154,	159,	'2018-02-02 09:01:14',	'2018-02-02 09:01:14'),
(126,	154,	159,	'2018-02-02 09:07:02',	'2018-02-02 09:07:02'),
(127,	154,	159,	'2018-02-02 09:07:24',	'2018-02-02 09:07:24'),
(128,	154,	159,	'2018-02-02 09:21:19',	'2018-02-02 09:21:19'),
(133,	154,	159,	'2018-02-02 14:54:31',	'2018-02-02 14:54:31'),
(134,	154,	153,	'2018-02-02 14:54:31',	'2018-02-02 14:54:31'),
(136,	1,	154,	'2018-02-22 11:29:25',	'2018-02-22 11:29:25'),
(137,	155,	79,	'2018-03-01 16:30:53',	'2018-03-01 16:30:53'),
(138,	1,	155,	'2018-03-19 11:54:55',	'2018-03-19 11:54:55'),
(139,	1,	154,	'2018-03-19 11:59:06',	'2018-03-19 11:59:06'),
(140,	155,	154,	'2018-03-19 12:06:43',	'2018-03-19 12:06:43'),
(141,	1,	154,	'2018-03-19 12:10:27',	'2018-03-19 12:10:27'),
(142,	1,	155,	'2018-03-19 12:10:27',	'2018-03-19 12:10:27'),
(143,	1,	155,	'2018-03-20 12:31:52',	'2018-03-20 12:31:52'),
(144,	1,	149,	'2018-03-20 13:47:03',	'2018-03-20 13:47:03'),
(145,	154,	1,	'2018-03-23 11:46:30',	'2018-03-23 11:46:30'),
(146,	1,	155,	'2018-03-27 11:30:21',	'2018-03-27 11:30:21'),
(147,	1,	154,	'2018-03-27 11:30:21',	'2018-03-27 11:30:21'),
(148,	1,	153,	'2018-03-27 11:30:21',	'2018-03-27 11:30:21'),
(149,	1,	155,	'2018-03-27 12:12:47',	'2018-03-27 12:12:47'),
(150,	1,	154,	'2018-03-27 12:17:08',	'2018-03-27 12:17:08'),
(151,	1,	154,	'2018-03-27 12:19:36',	'2018-03-27 12:19:36'),
(152,	1,	155,	'2018-03-27 12:23:49',	'2018-03-27 12:23:49'),
(153,	1,	155,	'2018-03-27 12:28:10',	'2018-03-27 12:28:10'),
(154,	1,	154,	'2018-03-27 12:31:12',	'2018-03-27 12:31:12'),
(155,	1,	154,	'2018-03-27 12:43:36',	'2018-03-27 12:43:36'),
(156,	1,	155,	'2018-03-27 12:44:13',	'2018-03-27 12:44:13'),
(159,	1,	155,	'2018-03-27 13:40:16',	'2018-03-27 13:40:16'),
(162,	1,	149,	'2018-04-12 13:48:32',	'2018-04-12 13:48:32'),
(163,	1,	149,	'2018-04-12 13:57:25',	'2018-04-12 13:57:25');

DROP TABLE IF EXISTS `esi_user_share_objects`;
CREATE TABLE `esi_user_share_objects` (
  `id` int(10) unsigned NOT NULL AUTO_INCREMENT,
  `user_share_id` int(11) NOT NULL,
  `object_id` int(11) NOT NULL,
  `object_type` varchar(255) COLLATE utf8_unicode_ci NOT NULL,
  `created_at` timestamp NULL DEFAULT NULL,
  `updated_at` timestamp NULL DEFAULT NULL,
  PRIMARY KEY (`id`)
) ENGINE=InnoDB DEFAULT CHARSET=utf8 COLLATE=utf8_unicode_ci;

INSERT INTO `esi_user_share_objects` (`id`, `user_share_id`, `object_id`, `object_type`, `created_at`, `updated_at`) VALUES
(1,	1,	47,	'App\\Video',	'2017-07-19 02:14:21',	'2017-07-19 02:14:21'),
(2,	2,	47,	'App\\Video',	'2017-07-19 02:15:57',	'2017-07-19 02:15:57'),
(3,	3,	47,	'App\\Video',	'2017-07-19 02:17:26',	'2017-07-19 02:17:26'),
(4,	5,	47,	'App\\Video',	'2017-07-19 20:28:37',	'2017-07-19 20:28:37'),
(5,	6,	47,	'App\\Video',	'2017-07-19 20:28:55',	'2017-07-19 20:28:55'),
(6,	7,	47,	'App\\Video',	'2017-07-19 20:30:00',	'2017-07-19 20:30:00'),
(7,	8,	48,	'App\\Video',	'2017-08-11 13:10:07',	'2017-08-11 13:10:07'),
(8,	9,	44,	'App\\Video',	'2017-08-11 13:21:57',	'2017-08-11 13:21:57'),
(9,	10,	48,	'App\\Video',	'2017-08-11 17:04:18',	'2017-08-11 17:04:18'),
(10,	11,	45,	'App\\Video',	'2017-08-17 21:25:33',	'2017-08-17 21:25:33'),
(11,	12,	45,	'App\\Video',	'2017-08-17 21:31:51',	'2017-08-17 21:31:51'),
(12,	13,	50,	'App\\Video',	'2017-08-23 18:18:11',	'2017-08-23 18:18:11'),
(13,	14,	50,	'App\\Video',	'2017-08-24 14:51:23',	'2017-08-24 14:51:23'),
(14,	15,	56,	'App\\Video',	'2017-08-30 19:27:38',	'2017-08-30 19:27:38'),
(15,	16,	56,	'App\\Video',	'2017-08-30 19:27:38',	'2017-08-30 19:27:38'),
(16,	17,	56,	'App\\Video',	'2017-08-30 19:28:34',	'2017-08-30 19:28:34'),
(17,	18,	56,	'App\\Video',	'2017-08-30 19:28:34',	'2017-08-30 19:28:34'),
(18,	19,	65,	'App\\Video',	'2017-09-20 17:46:56',	'2017-09-20 17:46:56'),
(19,	20,	65,	'App\\Video',	'2017-09-20 17:47:50',	'2017-09-20 17:47:50'),
(20,	21,	65,	'App\\Video',	'2017-09-20 17:47:50',	'2017-09-20 17:47:50'),
(21,	22,	62,	'App\\Video',	'2017-09-20 19:02:26',	'2017-09-20 19:02:26'),
(22,	23,	62,	'App\\Video',	'2017-09-20 19:02:26',	'2017-09-20 19:02:26'),
(23,	24,	62,	'App\\Video',	'2017-09-20 19:04:55',	'2017-09-20 19:04:55'),
(24,	25,	74,	'App\\Video',	'2017-10-03 08:30:02',	'2017-10-03 08:30:02'),
(25,	26,	84,	'App\\Video',	'2017-10-05 10:38:46',	'2017-10-05 10:38:46'),
(26,	27,	86,	'App\\Video',	'2017-10-05 12:06:13',	'2017-10-05 12:06:13'),
(27,	28,	87,	'App\\Video',	'2017-10-05 12:18:32',	'2017-10-05 12:18:32'),
(28,	29,	87,	'App\\Video',	'2017-10-05 12:22:46',	'2017-10-05 12:22:46'),
(29,	30,	90,	'App\\Video',	'2017-10-09 11:32:11',	'2017-10-09 11:32:11'),
(30,	31,	86,	'App\\Video',	'2017-10-10 09:03:16',	'2017-10-10 09:03:16'),
(31,	32,	44,	'App\\ProgressBar',	'2017-10-10 14:59:39',	'2017-10-10 14:59:39'),
(33,	34,	51,	'App\\ProgressBar',	'2017-10-11 12:34:31',	'2017-10-11 12:34:31'),
(34,	35,	94,	'App\\Video',	'2017-10-20 08:26:54',	'2017-10-20 08:26:54'),
(35,	36,	129,	'App\\Video',	'2017-11-03 09:26:56',	'2017-11-03 09:26:56'),
(36,	37,	129,	'App\\Video',	'2017-11-03 09:26:56',	'2017-11-03 09:26:56'),
(37,	38,	131,	'App\\Video',	'2017-11-03 09:27:18',	'2017-11-03 09:27:18'),
(38,	39,	131,	'App\\Video',	'2017-11-03 09:27:18',	'2017-11-03 09:27:18'),
(39,	40,	131,	'App\\Video',	'2017-11-03 09:27:18',	'2017-11-03 09:27:18'),
(40,	41,	131,	'App\\Video',	'2017-11-03 09:27:18',	'2017-11-03 09:27:18'),
(41,	42,	131,	'App\\Video',	'2017-11-03 09:30:14',	'2017-11-03 09:30:14'),
(42,	43,	138,	'App\\Video',	'2017-11-06 09:39:14',	'2017-11-06 09:39:14'),
(43,	44,	138,	'App\\Video',	'2017-11-06 09:39:14',	'2017-11-06 09:39:14'),
(44,	45,	138,	'App\\Video',	'2017-11-06 09:39:14',	'2017-11-06 09:39:14'),
(45,	46,	139,	'App\\Video',	'2017-11-06 09:43:02',	'2017-11-06 09:43:02'),
(46,	47,	141,	'App\\Video',	'2017-11-06 11:05:22',	'2017-11-06 11:05:22'),
(47,	48,	69,	'App\\ProgressBar',	'2017-11-06 13:07:56',	'2017-11-06 13:07:56'),
(48,	49,	76,	'App\\ProgressBar',	'2017-11-06 14:50:11',	'2017-11-06 14:50:11'),
(49,	50,	141,	'App\\Video',	'2017-11-07 15:20:31',	'2017-11-07 15:20:31'),
(50,	51,	143,	'App\\Video',	'2017-11-08 10:33:16',	'2017-11-08 10:33:16'),
(51,	52,	143,	'App\\Video',	'2017-11-08 10:33:49',	'2017-11-08 10:33:49'),
(52,	53,	143,	'App\\Video',	'2017-11-08 10:34:19',	'2017-11-08 10:34:19'),
(53,	54,	143,	'App\\Video',	'2017-11-08 14:49:12',	'2017-11-08 14:49:12'),
(54,	55,	131,	'App\\Video',	'2017-11-09 09:05:18',	'2017-11-09 09:05:18'),
(55,	56,	131,	'App\\Video',	'2017-11-09 09:05:58',	'2017-11-09 09:05:58'),
(56,	57,	146,	'App\\Video',	'2017-11-09 09:06:38',	'2017-11-09 09:06:38'),
(57,	58,	146,	'App\\Video',	'2017-11-09 09:07:56',	'2017-11-09 09:07:56'),
(58,	59,	122,	'App\\Video',	'2017-11-10 09:22:46',	'2017-11-10 09:22:46'),
(59,	60,	155,	'App\\Video',	'2017-11-10 09:24:06',	'2017-11-10 09:24:06'),
(60,	61,	158,	'App\\Video',	'2017-11-14 07:08:04',	'2017-11-14 07:08:04'),
(61,	62,	176,	'App\\Video',	'2017-11-17 14:08:05',	'2017-11-17 14:08:05'),
(62,	63,	181,	'App\\Video',	'2017-11-17 14:13:42',	'2017-11-17 14:13:42'),
(63,	64,	198,	'App\\Video',	'2017-11-30 15:18:48',	'2017-11-30 15:18:48'),
(64,	65,	131,	'App\\Video',	'2017-11-30 15:24:44',	'2017-11-30 15:24:44'),
(65,	66,	218,	'App\\Video',	'2017-12-08 11:29:36',	'2017-12-08 11:29:36'),
(66,	67,	223,	'App\\Video',	'2017-12-12 14:01:28',	'2017-12-12 14:01:28'),
(67,	68,	227,	'App\\Video',	'2017-12-12 22:49:24',	'2017-12-12 22:49:24'),
(72,	73,	131,	'App\\VideoColumn',	'2017-12-13 11:13:37',	'2017-12-13 11:13:37'),
(73,	74,	226,	'App\\Video',	'2017-12-13 11:37:09',	'2017-12-13 11:37:09'),
(74,	75,	106,	'App\\ProgressBar',	'2017-12-28 14:28:07',	'2017-12-28 14:28:07'),
(75,	76,	106,	'App\\ProgressBar',	'2017-12-28 14:28:07',	'2017-12-28 14:28:07'),
(76,	77,	106,	'App\\ProgressBar',	'2017-12-28 14:28:07',	'2017-12-28 14:28:07'),
(77,	78,	106,	'App\\ProgressBar',	'2017-12-28 14:28:07',	'2017-12-28 14:28:07'),
(78,	79,	106,	'App\\ProgressBar',	'2017-12-28 14:28:07',	'2017-12-28 14:28:07'),
(79,	80,	250,	'App\\Video',	'2018-01-04 14:07:15',	'2018-01-04 14:07:15'),
(80,	81,	253,	'App\\Video',	'2018-01-08 10:37:30',	'2018-01-08 10:37:30'),
(81,	82,	60,	'App\\Resource',	'2018-01-12 11:28:09',	'2018-01-12 11:28:09'),
(82,	83,	60,	'App\\Resource',	'2018-01-12 11:49:34',	'2018-01-12 11:49:34'),
(89,	90,	60,	'App\\Resource',	'2018-01-17 07:57:26',	'2018-01-17 07:57:26'),
(90,	91,	254,	'App\\Video',	'2018-01-18 08:23:56',	'2018-01-18 08:23:56'),
(91,	92,	254,	'App\\Video',	'2018-01-18 08:28:41',	'2018-01-18 08:28:41'),
(98,	100,	262,	'App\\Video',	'2018-01-23 14:57:15',	'2018-01-23 14:57:15'),
(99,	101,	261,	'App\\Video',	'2018-01-24 10:55:20',	'2018-01-24 10:55:20'),
(100,	102,	263,	'App\\Video',	'2018-01-24 11:58:04',	'2018-01-24 11:58:04'),
(101,	103,	264,	'App\\Video',	'2018-01-24 12:16:47',	'2018-01-24 12:16:47'),
(103,	105,	261,	'App\\Video',	'2018-01-24 14:08:37',	'2018-01-24 14:08:37'),
(104,	106,	267,	'App\\Video',	'2018-01-24 15:28:24',	'2018-01-24 15:28:24'),
(105,	107,	120,	'App\\ProgressBar',	'2018-01-24 15:33:15',	'2018-01-24 15:33:15'),
(106,	108,	132,	'App\\ProgressBar',	'2018-01-24 16:43:46',	'2018-01-24 16:43:46'),
(107,	109,	281,	'App\\Video',	'2018-01-30 10:40:17',	'2018-01-30 10:40:17'),
(112,	114,	287,	'App\\Video',	'2018-02-01 09:47:32',	'2018-02-01 09:47:32'),
(113,	115,	287,	'App\\Video',	'2018-02-01 09:47:32',	'2018-02-01 09:47:32'),
(117,	119,	293,	'App\\Video',	'2018-02-01 12:20:09',	'2018-02-01 12:20:09'),
(118,	120,	302,	'App\\Video',	'2018-02-01 14:37:39',	'2018-02-01 14:37:39'),
(120,	122,	293,	'App\\Video',	'2018-02-02 08:58:18',	'2018-02-02 08:58:18'),
(121,	123,	307,	'App\\Video',	'2018-02-02 08:58:54',	'2018-02-02 08:58:54'),
(122,	124,	303,	'App\\Video',	'2018-02-02 09:00:59',	'2018-02-02 09:00:59'),
(123,	125,	308,	'App\\Video',	'2018-02-02 09:01:14',	'2018-02-02 09:01:14'),
(124,	126,	309,	'App\\Video',	'2018-02-02 09:07:02',	'2018-02-02 09:07:02'),
(125,	127,	65,	'App\\Resource',	'2018-02-02 09:07:24',	'2018-02-02 09:07:24'),
(126,	128,	310,	'App\\Video',	'2018-02-02 09:21:19',	'2018-02-02 09:21:19'),
(131,	133,	315,	'App\\Video',	'2018-02-02 14:54:31',	'2018-02-02 14:54:31'),
(132,	134,	315,	'App\\Video',	'2018-02-02 14:54:31',	'2018-02-02 14:54:31'),
(134,	136,	323,	'App\\Video',	'2018-02-22 11:29:25',	'2018-02-22 11:29:25'),
(135,	137,	328,	'App\\Video',	'2018-03-01 16:30:53',	'2018-03-01 16:30:53'),
(136,	138,	335,	'App\\Video',	'2018-03-19 11:54:55',	'2018-03-19 11:54:55'),
(137,	139,	335,	'App\\Video',	'2018-03-19 11:59:06',	'2018-03-19 11:59:06'),
(138,	140,	336,	'App\\Video',	'2018-03-19 12:06:43',	'2018-03-19 12:06:43'),
(139,	141,	337,	'App\\Video',	'2018-03-19 12:10:27',	'2018-03-19 12:10:27'),
(140,	142,	337,	'App\\Video',	'2018-03-19 12:10:27',	'2018-03-19 12:10:27'),
(141,	143,	341,	'App\\Video',	'2018-03-20 12:31:52',	'2018-03-20 12:31:52'),
(142,	144,	344,	'App\\Video',	'2018-03-20 13:47:03',	'2018-03-20 13:47:03'),
(143,	145,	349,	'App\\Video',	'2018-03-23 11:46:30',	'2018-03-23 11:46:30'),
(144,	146,	352,	'App\\Video',	'2018-03-27 11:30:21',	'2018-03-27 11:30:21'),
(145,	147,	352,	'App\\Video',	'2018-03-27 11:30:21',	'2018-03-27 11:30:21'),
(146,	148,	352,	'App\\Video',	'2018-03-27 11:30:21',	'2018-03-27 11:30:21'),
(147,	149,	353,	'App\\Video',	'2018-03-27 12:12:47',	'2018-03-27 12:12:47'),
(148,	150,	353,	'App\\Video',	'2018-03-27 12:17:08',	'2018-03-27 12:17:08'),
(149,	151,	354,	'App\\Video',	'2018-03-27 12:19:36',	'2018-03-27 12:19:36'),
(150,	152,	354,	'App\\Video',	'2018-03-27 12:23:49',	'2018-03-27 12:23:49'),
(151,	153,	355,	'App\\Video',	'2018-03-27 12:28:10',	'2018-03-27 12:28:10'),
(152,	154,	355,	'App\\Video',	'2018-03-27 12:31:12',	'2018-03-27 12:31:12'),
(153,	155,	356,	'App\\Video',	'2018-03-27 12:43:36',	'2018-03-27 12:43:36'),
(154,	156,	356,	'App\\Video',	'2018-03-27 12:44:13',	'2018-03-27 12:44:13'),
(157,	159,	357,	'App\\Video',	'2018-03-27 13:40:16',	'2018-03-27 13:40:16'),
(160,	162,	357,	'App\\Video',	'2018-04-12 13:48:33',	'2018-04-12 13:48:33'),
(161,	163,	356,	'App\\Video',	'2018-04-12 13:57:25',	'2018-04-12 13:57:25');

DROP TABLE IF EXISTS `esi_videos`;
CREATE TABLE `esi_videos` (
  `id` int(10) unsigned NOT NULL AUTO_INCREMENT,
  `title` varchar(255) COLLATE utf8_unicode_ci NOT NULL,
  `author_id` int(10) unsigned NOT NULL,
  `created_at` timestamp NOT NULL DEFAULT '0000-00-00 00:00:00',
  `updated_at` timestamp NOT NULL DEFAULT '0000-00-00 00:00:00',
  `wistia_id` varchar(255) COLLATE utf8_unicode_ci DEFAULT NULL,
  `wistia_hashed_id` varchar(255) COLLATE utf8_unicode_ci DEFAULT NULL,
  `wistia_duration` int(11) DEFAULT NULL,
  `wistia_thumbnail` varchar(255) COLLATE utf8_unicode_ci DEFAULT NULL,
  `hidden` tinyint(1) NOT NULL,
  `description` text COLLATE utf8_unicode_ci,
  `cat_id` int(11) NOT NULL,
  PRIMARY KEY (`id`)
) ENGINE=InnoDB DEFAULT CHARSET=utf8 COLLATE=utf8_unicode_ci;

INSERT INTO `esi_videos` (`id`, `title`, `author_id`, `created_at`, `updated_at`, `wistia_id`, `wistia_hashed_id`, `wistia_duration`, `wistia_thumbnail`, `hidden`, `description`, `cat_id`) VALUES
(1,	'Test video',	1,	'2016-05-26 23:22:31',	'2016-05-26 23:23:29',	NULL,	NULL,	NULL,	NULL,	1,	'Awesome test video!!!!!!!!!!',	0),
(2,	'dfasdfd',	1,	'2016-05-26 23:23:48',	'2016-10-25 04:18:51',	NULL,	NULL,	NULL,	NULL,	1,	'dfsdafdsf',	0),
(3,	'dlfja;sdf',	1,	'2016-05-26 23:26:31',	'2016-10-25 04:20:00',	NULL,	NULL,	NULL,	NULL,	1,	'dfsdfdsf',	0),
(4,	'ddd',	1,	'2016-05-26 23:36:58',	'2016-10-25 04:19:53',	NULL,	NULL,	NULL,	NULL,	1,	'dddd',	0),
(5,	'grgr',	1,	'2016-05-27 01:26:30',	'2016-10-25 04:18:30',	NULL,	NULL,	NULL,	NULL,	1,	'rgrgrgr',	0),
(6,	'sdfferf',	1,	'2016-05-27 01:27:32',	'2016-10-25 04:18:44',	NULL,	NULL,	NULL,	NULL,	1,	'gergergregre',	0),
(7,	'dsdsd',	1,	'2016-06-02 02:19:26',	'2016-10-25 04:19:28',	'20588436',	'l72ayi876y',	0,	'https://embed-ssl.wistia.com/deliveries/77d27653cdea1c76e71ada0cc3e1f8448e502725.jpg',	1,	'',	0),
(8,	'New vid',	1,	'2016-06-07 21:32:35',	'2016-10-25 04:18:38',	NULL,	NULL,	NULL,	NULL,	1,	'kalkdjf',	0),
(9,	'fwfewfwe',	1,	'2016-06-07 21:37:48',	'2016-10-25 04:18:19',	NULL,	NULL,	NULL,	NULL,	1,	'wefwefewfwefew',	0),
(10,	'jkljg',	1,	'2016-06-07 22:32:46',	'2016-10-25 04:18:09',	'20678537',	'aoz3mxm4ak',	403,	'https://embed-ssl.wistia.com/deliveries/2af4a2b07ecf3a1430d37d8be77cfcd0e77d0904.jpg',	1,	'kjjkh',	0),
(11,	'Trial',	79,	'2016-07-22 23:21:18',	'2017-08-25 04:07:20',	'21458176',	'n7rkzq9nip',	1200,	'https://embed-ssl.wistia.com/deliveries/ff334d59e1c24f962e01f44b099dcc244f73f479.jpg',	0,	'<p>Variations Project Evaluation is going on to highlight project.</p>',	0),
(12,	'Trial 2',	79,	'2016-07-23 00:03:46',	'2016-10-03 22:26:28',	'21459143',	'ydlffjzbl8',	2403,	'https://embed-ssl.wistia.com/deliveries/7536f324e41170e50638713e42333b759e66c098.jpg',	1,	'',	0),
(13,	'Wildlife',	3,	'2016-08-31 19:10:19',	'2016-08-31 19:11:45',	'22093201',	'ro25dtt4pi',	30,	'https://embed-ssl.wistia.com/deliveries/731d9eaacab6ab23aa3c6d7547a5aa67e275840f.jpg',	0,	'',	0),
(14,	'Magnet',	130,	'2016-10-19 05:57:27',	'2017-08-25 04:06:22',	'23016167',	'a7vb5cmjy1',	95,	'https://embed-ssl.wistia.com/deliveries/fe77b89e10be806be7dc741d2790bc74a63530ed.jpg',	0,	'<p>Variations Project Evaluation is going on to highlight project.</p>',	0),
(15,	'ESI Website Walkthrough',	1,	'2016-10-25 03:54:11',	'2016-10-28 23:19:14',	'23118821',	'7bza2qxmgi',	0,	'https://fast.wistia.com/assets/images/mimes/default_200x120.png',	1,	'Introduction to the ESI website.',	0),
(16,	'testing video',	1,	'2016-10-25 18:32:26',	'2016-10-25 18:32:46',	'23129404',	'uxdo7cgp1g',	5,	'https://embed-ssl.wistia.com/deliveries/632495deea2ed1d65fb0a77f7c7c70b140596167.jpg',	1,	'desc',	0),
(17,	'testing format',	1,	'2016-10-25 18:36:16',	'2016-10-25 18:36:29',	'23129478',	'4kbt8dl92w',	0,	'https://fast.wistia.com/assets/images/mimes/application/pdf_200x120.png',	1,	'',	0),
(18,	'empty format',	1,	'2016-10-25 18:36:45',	'2016-10-25 18:36:53',	'23129482',	'sxep3qa6rz',	0,	'https://embed-ssl.wistia.com/deliveries/f83897eeb7d22726d7d0a92051a7e4fbf0ba3dbd.jpg',	1,	'',	0),
(19,	'format',	1,	'2016-10-25 18:39:02',	'2016-10-25 18:39:23',	'23129515',	'pew1tti5qx',	5,	'https://embed-ssl.wistia.com/deliveries/6027203ebcbfc3c248d6239f4f459be5ab12c5c6.jpg',	1,	'',	0),
(20,	'new video',	1,	'2016-10-25 19:43:21',	'2016-10-25 19:43:41',	'23130862',	'9kw59nwyvh',	5,	'https://embed-ssl.wistia.com/deliveries/737c76611d97b5610f88aa164204e510dcbf033c.jpg',	1,	'',	0),
(21,	'testing new account',	1,	'2016-11-01 19:49:57',	'2016-11-01 19:50:15',	'ok4a16xtb3',	'ok4a16xtb3',	5,	'https://embed-ssl.wistia.com/deliveries/3093db89abe19e563ff1f693fd11b9cb654ff2e7.jpg',	1,	'',	0),
(22,	'Wildlife',	1,	'2016-11-02 21:59:00',	'2016-11-02 23:11:38',	'23284735',	'cooetbx3yt',	30,	'https://embed-ssl.wistia.com/deliveries/c548c501fb71aa907f5a52f3d6ded8ad21efaffa.jpg',	1,	'',	0),
(23,	'Website Walkthrough',	1,	'2016-11-02 23:06:05',	'2016-11-02 23:06:05',	'b42d16p45f',	'b42d16p45f',	1260,	'https://embed-ssl.wistia.com/deliveries/de8b3c5bef8ec878db883c93697dbff3cda5e7a7.jpg',	0,	'',	0),
(24,	'CLASS',	79,	'2016-11-04 00:53:23',	'2017-08-18 15:03:03',	'cgu09u1qm9',	'cgu09u1qm9',	4812,	'https://embed-ssl.wistia.com/deliveries/1f0781563d491ba3ff3537fff10f02f361c21f5a.jpg',	0,	'',	0),
(25,	'Study of Animals around the world',	86,	'2016-12-08 00:48:36',	'2016-12-08 00:48:36',	'ewdkjxa9dn',	'ewdkjxa9dn',	299,	'https://embed-ssl.wistia.com/deliveries/93dccfbc452fb44bbe45b8cfe262b7a26c811981.jpg',	0,	'The children in this classroom are exploring animals around the world. the teachers have worked on creating a realistic picture of different types of animals, where they live, their appearance and what they eat.',	0),
(36,	'TEST with category3',	1,	'2017-06-30 17:57:48',	'2017-08-11 13:01:32',	'2i8v88otnr',	'2i8v88otnr',	5,	'https://embed-ssl.wistia.com/deliveries/6618d27eb9ba082ce80267737dd8a502e1d0bbe8.jpg',	1,	'TEST with category3',	1),
(46,	'Test 15 with new cat',	1,	'2017-07-11 15:51:11',	'2017-07-20 02:36:10',	'zncqshx42g',	'zncqshx42g',	5,	'https://embed-ssl.wistia.com/deliveries/e70edf156f38c02b5fe0e4f84678c902a63ab728.jpg',	1,	'Test 15 with new catTest 15 with new catTest 15 with new catTest 15 with new cat',	3),
(48,	'ITERS Training',	79,	'2017-08-11 13:08:27',	'2017-08-11 18:24:48',	'x1961ycz5o',	'x1961ycz5o',	2368,	'https://embed-ssl.wistia.com/deliveries/8117fa690b88e424078217465d2f5482916b1407.jpg',	1,	'',	0),
(49,	'hi ',	1,	'2017-08-17 18:20:48',	'2017-08-17 18:38:58',	'ke5q861m39',	'ke5q861m39',	30,	'https://embed-ssl.wistia.com/deliveries/e3fbd85b28e03c1d0f2ee88ae5bba7f991da16eb.jpg',	1,	'',	0),
(51,	'Video Test ',	1,	'2017-08-23 18:07:34',	'2017-08-23 18:08:53',	'n3n5468lol',	'n3n5468lol',	30,	'https://embed-ssl.wistia.com/deliveries/bd6f3d3ee6453dd61d8e1dabde0194d6db3fe85c.jpg',	1,	'',	0),
(52,	'hello',	1,	'2017-08-24 14:12:04',	'2017-08-24 14:46:24',	'6tev2zhlx2',	'6tev2zhlx2',	30,	'https://embed-ssl.wistia.com/deliveries/14ee24acca142d519a7730956ab7585ae40cbcab.jpg',	1,	'',	0),
(53,	'sdf',	1,	'2017-08-25 09:06:37',	'2017-08-25 09:19:15',	'7f8oaulqpp',	'7f8oaulqpp',	14,	'https://embed-ssl.wistia.com/deliveries/3dadc977caa95ae6c7851d5433e7f273f01133b6.jpg',	1,	'',	0),
(58,	'Aria on the slide',	1,	'2017-08-31 19:59:52',	'2017-08-31 19:59:52',	'ez67n86jfd',	'ez67n86jfd',	2,	'https://embed-ssl.wistia.com/deliveries/517ac6f089233053ec19f9cc9b66d9fbb36ec92b.jpg',	0,	'Aria\'s on the slide in the backyard.',	0),
(63,	'Test video 5',	1,	'2017-09-20 17:12:15',	'2017-10-06 12:56:04',	'g65ql0k728',	'g65ql0k728',	30,	'https://embed-ssl.wistia.com/deliveries/7a490b6848a9296076dd2c402fd9ba06552aab68.jpg',	1,	'testing testing ',	0),
(64,	'Test Video 6',	1,	'2017-09-20 17:28:36',	'2017-09-26 12:07:33',	'ys6hgpebq2',	'ys6hgpebq2',	30,	'https://embed-ssl.wistia.com/deliveries/85215181de0f515b1a65620df3c3452c12fe0a09.jpg',	1,	'Testing ',	0),
(65,	'Test Video 7',	1,	'2017-09-20 17:31:15',	'2017-09-20 18:56:02',	'pjl43tdm5a',	'pjl43tdm5a',	1071,	'https://embed-ssl.wistia.com/deliveries/6bf6b660ad899b77b3a420369094691f5db778c2.jpg',	1,	'<p>Testing right now&nbsp;</p>',	0),
(66,	'video 8',	1,	'2017-09-20 17:37:55',	'2017-09-20 17:38:09',	'zb272hpllb',	'zb272hpllb',	30,	'https://embed-ssl.wistia.com/deliveries/d1d253b297761aa07f03597aa964c8de97b8f354.jpg',	1,	'deleting ',	0),
(77,	'',	1,	'2017-10-04 11:21:32',	'2017-10-06 12:54:10',	'17atmgytqo',	'17atmgytqo',	5,	'https://embed-ssl.wistia.com/deliveries/acc8ede0f0e92f039ab8cba65d508ca855416b20.jpg',	1,	'',	0),
(83,	'new uploader',	150,	'2017-10-04 13:49:39',	'2017-10-04 13:49:39',	'zx5hxbf0w8',	'zx5hxbf0w8',	5,	'https://embed-ssl.wistia.com/deliveries/3c7d74314205b501f61091d9ad203ae893a87630.jpg',	0,	'<p>asdasdasd</p>',	0),
(84,	'Video to be shared',	150,	'2017-10-05 10:38:24',	'2017-10-05 10:38:24',	'lb4nneabi3',	'lb4nneabi3',	5,	'https://embed-ssl.wistia.com/deliveries/a325829f0ac44eb54b648658562a81005103d3a1.jpg',	0,	'<p>Hello world</p>',	0),
(88,	'10/09/2017',	1,	'2017-10-09 11:00:38',	'2017-10-09 11:00:38',	'zdur8nmu3b',	'zdur8nmu3b',	30,	'https://embed-ssl.wistia.com/deliveries/31eab8cca00a97525c55ed450a467f58d71c0281.jpg',	0,	'<p>Test Video 1</p>',	0),
(89,	'10/09/2017 - 2',	1,	'2017-10-09 11:10:11',	'2017-10-09 11:10:11',	'j9k4bp98re',	'j9k4bp98re',	30,	'https://embed-ssl.wistia.com/deliveries/a35d4aaa3ee7af959a844824af4f7b2db5ce3ae7.jpg',	0,	'<p>Test video 2</p>',	0),
(90,	'10/09/2017 - 3',	1,	'2017-10-09 11:12:56',	'2017-10-09 11:51:40',	'rvuk2jaqhc',	'rvuk2jaqhc',	30,	'https://embed-ssl.wistia.com/deliveries/c121a3c45c54cfb76e751d470a26e04b06a4a0ad.jpg',	0,	'<p>Edit Testing&nbsp;</p>',	0),
(91,	'10/09/2017 - 4',	1,	'2017-10-09 11:42:26',	'2017-10-09 11:48:36',	't3kmivdm5q',	't3kmivdm5q',	30,	'https://embed-ssl.wistia.com/deliveries/ca8f7b9249b2ea2d80811b78b8734787a9b40056.jpg',	1,	'<p>Testing Encoding&nbsp;</p>',	0),
(95,	'Test Video 3 10/16/17',	1,	'2017-10-16 12:31:41',	'2017-10-16 12:33:50',	'e50aeax9d1',	'e50aeax9d1',	30,	'https://embed-ssl.wistia.com/deliveries/37262bcc6f33162b783e7e3e019ccef50602d4fe.jpg',	1,	'<p>Testing Testing&nbsp;</p>',	0),
(96,	'10/20/17 Test',	1,	'2017-10-20 08:23:47',	'2017-10-20 08:24:14',	'vku6avl4f5',	'vku6avl4f5',	1,	'https://embed-ssl.wistia.com/deliveries/16d6b1f4fe7ef04b9f3b3dd99db5cf78578e02d0.jpg',	1,	'',	0),
(98,	'Cat',	1,	'2017-10-23 10:44:05',	'2017-10-23 10:44:05',	'jt8ucxlcrs',	'jt8ucxlcrs',	1071,	'https://embed-ssl.wistia.com/deliveries/f72bfdc0a85c4083945e1db29f0422c9d1427eae.jpg',	0,	'<p>bipolar cat</p>',	0),
(102,	'Test',	1,	'2017-10-26 15:27:19',	'2017-10-30 08:19:59',	'yw1ihnt8rt',	'yw1ihnt8rt',	42,	'https://embed-ssl.wistia.com/deliveries/6519e1826cf971774c077f523ee459528374bc91.jpg',	1,	'<p>Test</p>',	0),
(110,	'Test 1',	154,	'2017-11-02 11:58:22',	'2017-11-02 11:58:22',	'z1adm9gpds',	'z1adm9gpds',	69,	'https://embed-ssl.wistia.com/deliveries/6b3804c491d05d4d44fef768b88e41b8bd940bfd.jpg',	0,	'<p>Test 1</p>',	0),
(111,	'Test 1',	155,	'2017-11-02 12:02:22',	'2017-11-02 12:02:22',	'riwova50hx',	'riwova50hx',	69,	'https://embed-ssl.wistia.com/deliveries/8a0a1ac7a0be3906e36578b3fe0aa396b8a3396e.jpg',	0,	'<p>Test 1</p>',	0),
(112,	'Test Teacher Video 11/03/2017',	154,	'2017-11-03 07:20:43',	'2017-11-03 09:24:02',	'00xplofd5c',	'00xplofd5c',	79,	'https://embed-ssl.wistia.com/deliveries/ba70b99df57a1cb4da6af97f31e4dad04208afb2.jpg',	1,	'<p>Test 1</p>',	0),
(113,	'Teacher Test Video 11/03/17',	154,	'2017-11-03 07:27:54',	'2017-11-03 08:21:14',	'671uho8g31',	'671uho8g31',	106,	'https://embed-ssl.wistia.com/deliveries/06fc97d140e7c1b78515c68ec794330f93be94a7.jpg',	0,	'<p>Test description&nbsp;</p><p>disclaimer: not my video;&nbsp;https://www.youtube.com/watch?v=E5ln4uR4TwQ</p>',	0),
(114,	'Master Test Video 2 11/03/2017',	155,	'2017-11-03 07:33:52',	'2017-11-03 07:33:52',	'f0hxzwues9',	'f0hxzwues9',	79,	'https://embed-ssl.wistia.com/deliveries/7bc87fbc1481fdcb8c629fb5c3487a2f438fb4ee.jpg',	0,	'<p>Test description</p>',	0),
(115,	'Master Teacher Test Video 5 11/03/2017',	155,	'2017-11-03 08:07:08',	'2017-11-03 08:12:21',	'oe83zp8e7d',	'oe83zp8e7d',	22,	'https://embed-ssl.wistia.com/deliveries/727c53ab25bd7d187e3271507189bf3890498e10.jpg',	0,	'<p>Test description</p>',	0),
(116,	'Test Teacher Video 4 11/03/17',	154,	'2017-11-03 08:07:10',	'2017-11-03 08:20:27',	'73eg2gkktj',	'73eg2gkktj',	106,	'https://embed-ssl.wistia.com/deliveries/a5d6508f52ec93ed79e79e4cb31f560e79335a0e.jpg',	0,	'<p>Testing page numbers</p><p>disclaimer: not my video;&nbsp;https://www.youtube.com/watch?v=E5ln4uR4TwQ</p>',	0),
(117,	'Master Teacher Test Video 4 11/03/2017',	155,	'2017-11-03 08:08:45',	'2017-11-03 08:09:48',	'37vjay06u8',	'37vjay06u8',	22,	'https://embed-ssl.wistia.com/deliveries/e99cc40888c9a4c52600572b650f3eb0eeb88124.jpg',	0,	'<p>Test description</p>',	0),
(118,	'Test Teacher Video 5 11/03/17',	154,	'2017-11-03 08:13:37',	'2017-11-03 08:19:47',	'mj2xsf04xc',	'mj2xsf04xc',	106,	'https://embed-ssl.wistia.com/deliveries/737b8335720a30864c46717d61f265a2c8dee78e.jpg',	0,	'<p>Test&nbsp;</p><p>disclaimer: not my video;&nbsp;https://www.youtube.com/watch?v=E5ln4uR4TwQ&nbsp;</p>',	0),
(119,	'Test Teacher Video 6 11/03/17 ',	154,	'2017-11-03 08:14:48',	'2017-11-03 08:19:11',	'mqtyiet17a',	'mqtyiet17a',	106,	'https://embed-ssl.wistia.com/deliveries/db75a49592e06a9122afac507a80160a8b46142a.jpg',	0,	'<p>test description&nbsp;</p><p>disclaimer: not my video;&nbsp;https://www.youtube.com/watch?v=E5ln4uR4TwQ&nbsp;</p>',	0),
(120,	'Master Teacher Test Video 6 11/03/2017',	155,	'2017-11-03 08:22:12',	'2017-11-03 08:22:12',	'sff6wsdtb4',	'sff6wsdtb4',	22,	'https://embed-ssl.wistia.com/deliveries/2400d92503f7e64b49063c693636595e82bf5f48.jpg',	0,	'<p>Test description 6</p>',	0),
(121,	'Master Teacher Test Video 7 11/03/2017',	155,	'2017-11-03 08:24:41',	'2017-11-03 08:24:41',	'5hkzeg6o4p',	'5hkzeg6o4p',	22,	'https://embed-ssl.wistia.com/deliveries/a2839962db714969808197981ba6241502fe1c3c.jpg',	0,	'<p>Test description 7</p>',	0),
(122,	'Bubbles in London Test Video 8',	155,	'2017-11-03 08:28:17',	'2017-11-10 09:22:07',	'bvblcsabp7',	'bvblcsabp7',	22,	'https://embed-ssl.wistia.com/deliveries/f80ab78d130c061fe2f750411073360c15a4ac0a.jpg',	0,	'<p>Test description 8-2</p>',	0),
(123,	'Test Teacher Video 7 11/03/17',	154,	'2017-11-03 08:30:15',	'2017-11-03 08:30:15',	'h2xbvexs6e',	'h2xbvexs6e',	31,	'https://embed-ssl.wistia.com/deliveries/006d23399d390fb194445469cf1364267556a9f2.jpg',	0,	'<p>testing page numbers&nbsp;</p>',	0),
(124,	'Test Video 9',	155,	'2017-11-03 08:30:35',	'2017-11-03 08:30:35',	'wmsahskkp4',	'wmsahskkp4',	22,	'https://embed-ssl.wistia.com/deliveries/7e5348a39a8fff46dcc16fa209a930ab2e10c89c.jpg',	0,	'<p>Bubbles in London park test 9</p>',	0),
(125,	'Test teacher video 8 11/03/17',	154,	'2017-11-03 08:33:02',	'2017-11-03 08:33:02',	'v91dvixowt',	'v91dvixowt',	31,	'https://embed-ssl.wistia.com/deliveries/513d998fdf8607ad14b76fcd2c90f3ca7096c8c9.jpg',	0,	'<p>testing</p>',	0),
(126,	'Live music by the river Test 10',	155,	'2017-11-03 08:33:41',	'2017-11-03 08:33:41',	'jwqmrzt343',	'jwqmrzt343',	69,	'https://embed-ssl.wistia.com/deliveries/0997cded95115a21607f1bb7d6f94d707e214af3.jpg',	0,	'<p>London 2017</p>',	0),
(127,	'test teacher video 9 11/03/17',	154,	'2017-11-03 08:33:53',	'2017-11-03 08:33:53',	'pi3he1raa4',	'pi3he1raa4',	31,	'https://embed-ssl.wistia.com/deliveries/544f9582192ff39a469bb77c94ae424bb0c4f9bd.jpg',	0,	'<p>test&nbsp;</p>',	0),
(128,	'test teacher video 10 11/03/17',	154,	'2017-11-03 08:34:36',	'2017-11-03 08:34:36',	'q81a7v0pm7',	'q81a7v0pm7',	31,	'https://embed-ssl.wistia.com/deliveries/eeb277cce2421b6dcb3857daea83e12d61143ebd.jpg',	0,	'<p>testing&nbsp;</p>',	0),
(129,	'test teacher video 11 11/03/17',	154,	'2017-11-03 08:35:39',	'2017-11-03 08:35:39',	'talfzszpt6',	'talfzszpt6',	31,	'https://embed-ssl.wistia.com/deliveries/00fbf41c93ae395cd8e62cd9eea498fe47ec842b.jpg',	0,	'<p>testing testing&nbsp;</p>',	0),
(130,	'Bubbles Video Test 10',	155,	'2017-11-03 08:45:36',	'2017-11-03 08:45:36',	'2zyjakfw9n',	'2zyjakfw9n',	22,	'https://embed-ssl.wistia.com/deliveries/9f8f06748aa2102213f4a9ab6675c7717e424757.jpg',	0,	'<p>Test description 10</p>',	0),
(134,	'Test Video 11/06/17',	154,	'2017-11-06 09:19:57',	'2017-11-06 09:19:57',	'uofxjakoov',	'uofxjakoov',	30,	'https://embed-ssl.wistia.com/deliveries/182f8d6db89074e217450a10fcbc21a44384fd94.jpg',	0,	'<p>Testing Testing&nbsp;</p>',	0),
(137,	'Test Video 2 11/06/17',	155,	'2017-11-06 09:36:26',	'2017-11-06 15:35:26',	'wcxz4hg2a5',	'wcxz4hg2a5',	30,	'https://embed-ssl.wistia.com/deliveries/5b5f8d5b8566b9611b63d36dd458440d882b83f3.jpg',	1,	'<p>Test&nbsp;</p>',	0),
(138,	'Test Video 3 11/06/17',	155,	'2017-11-06 09:38:55',	'2017-11-06 09:38:55',	'xr48g9lmfx',	'xr48g9lmfx',	30,	'https://embed-ssl.wistia.com/deliveries/0591b61f1e0194438a32d36a87d90f402fc5ff4f.jpg',	0,	'<p>Test&nbsp;</p>',	0),
(140,	'hello 11/06/17',	1,	'2017-11-06 11:00:33',	'2017-11-06 11:02:35',	NULL,	NULL,	NULL,	NULL,	1,	'<p>test&nbsp;</p>',	0),
(155,	'Test 11/10/17',	154,	'2017-11-10 09:15:07',	'2017-11-10 09:15:07',	'51mwkgeshy',	'51mwkgeshy',	31,	'https://embed-ssl.wistia.com/deliveries/cb76eea40ce5d3d5226d174fea0eb63ec1f86b23.jpg',	0,	'<p>Testing&nbsp;</p>',	0),
(156,	'S Test 1',	1,	'2017-11-10 12:36:01',	'2017-11-14 07:10:26',	NULL,	NULL,	NULL,	NULL,	1,	'<p>Stephanie Testing video upload **GO CANES!</p>',	0),
(163,	'Test',	154,	'2017-11-14 11:20:36',	'2017-11-14 11:20:36',	NULL,	NULL,	NULL,	NULL,	0,	'<p>test</p>',	0),
(188,	'Test Video 11/20/2017',	154,	'2017-11-20 09:04:29',	'2017-11-20 09:04:29',	'ciu1drcuzv',	'ciu1drcuzv',	69,	'https://embed-ssl.wistia.com/deliveries/028746d324415f1c6314ffbc4710d7ccacde0774.jpg',	0,	'<p>Test</p>',	0),
(206,	'Title 1',	1,	'2017-11-28 08:47:06',	'2017-11-28 08:47:06',	'0pn0xlmwbm',	'0pn0xlmwbm',	69,	'https://embed-ssl.wistia.com/deliveries/c0ef629e55a1005f062efff370e7bed36d70a377.jpg',	0,	'<p>Description 1</p>',	0),
(207,	'Encoding test 11/28/2017',	1,	'2017-11-28 10:26:21',	'2017-11-28 10:26:21',	'qm1cy6csvm',	'qm1cy6csvm',	69,	'https://embed-ssl.wistia.com/deliveries/b57d05146cc1eb1d413add0394e25a9ae0a7bbd4.jpg',	0,	'<p>Description text</p>',	0),
(213,	'Encoding Test ',	1,	'2017-11-28 15:39:12',	'2017-11-29 10:25:28',	'90xaaqa37a',	'90xaaqa37a',	183,	'https://embed-ssl.wistia.com/deliveries/985497c13fc3e3b4ec18fd25cac44f8cc4d9b7e8.jpg',	1,	'<p>test</p>',	0),
(218,	'12/08/17 Test 1',	1,	'2017-12-08 11:19:47',	'2017-12-08 11:27:31',	'yb6fcpu0yi',	'yb6fcpu0yi',	106,	'https://embed-ssl.wistia.com/deliveries/01efad740eedcdcb78799fb8c1a01dedc45cdec7.jpg',	0,	'<p>Testing Description&nbsp;</p><p>Testing Edit&nbsp;</p>',	0),
(219,	'test',	1,	'2017-12-08 11:29:00',	'2017-12-08 11:29:12',	'1zn86prpyw',	'1zn86prpyw',	106,	'https://embed-ssl.wistia.com/deliveries/88e1b85491d21b835be1aee50a741a515786a173.jpg',	1,	'<p>ouh;hiu</p>',	0),
(220,	'12/08/17 Test 2',	1,	'2017-12-08 11:34:05',	'2017-12-08 11:34:05',	'2wm277m6hn',	'2wm277m6hn',	106,	'https://embed-ssl.wistia.com/deliveries/c844dafec6de1505b1a8da8b34c79565ccdcbb48.jpg',	0,	'<p>Testing Columns</p>',	0),
(221,	'Asd',	1,	'2017-12-11 14:14:55',	'2017-12-11 14:14:55',	'lk9rjqutr5',	'lk9rjqutr5',	5,	'https://embed-ssl.wistia.com/deliveries/aef09d371b12a9317697605c51756e094a855fc5.jpg',	0,	'<p>sad</p>',	0),
(222,	'test 12/12/17 edit test',	1,	'2017-12-12 11:56:45',	'2017-12-12 12:37:19',	'a8o9mug2si',	'a8o9mug2si',	2010,	'https://embed-ssl.wistia.com/deliveries/897bb32cae0ea0ccbf295606022a86b5b88e2910.jpg',	1,	'<p>test description edit testing&nbsp;</p>',	0),
(223,	'12/12/17 test 1',	1,	'2017-12-12 13:08:07',	'2017-12-12 13:08:07',	'r69vyxeizi',	'r69vyxeizi',	2010,	'https://embed-ssl.wistia.com/deliveries/9c4c47de0edc438668ce05d846361f9619c212e3.jpg',	0,	'<p>test&nbsp;</p>',	0),
(224,	'London & Bubbles',	1,	'2017-12-12 13:16:46',	'2017-12-12 13:16:46',	'0sz2tw1y91',	'0sz2tw1y91',	22,	'https://embed-ssl.wistia.com/deliveries/1644b66be814dea23f2891abf226fd2984004c8d.jpg',	0,	'<p>Description.</p>',	0),
(225,	'test',	1,	'2017-12-12 13:36:11',	'2017-12-12 13:36:11',	'2z3ytvllc9',	'2z3ytvllc9',	5,	'https://embed-ssl.wistia.com/deliveries/ca96d4ce21b2251e6ab06af8bfee366d09ca52a2.jpg',	0,	'<p>test</p>',	0),
(226,	'long video test',	1,	'2017-12-12 13:36:50',	'2017-12-12 13:36:50',	'75w3wjydo1',	'75w3wjydo1',	183,	'https://embed-ssl.wistia.com/deliveries/751e5186007e4ba0413294cebe62bf03fbc83b5a.jpg',	0,	'<p>test</p>',	0),
(227,	'Girl Drawing',	1,	'2017-12-12 21:47:59',	'2017-12-12 21:47:59',	'tdkojago77',	'tdkojago77',	42,	'https://embed-ssl.wistia.com/deliveries/66cd03048e86c81a94dca0c1184b7bc2a4fd81f6.jpg',	0,	'<p>The following shows the actions of a girl as she is instructed to divide the drawn circle in half.</p>',	0),
(228,	'Bubbles 12/13/2017',	1,	'2017-12-13 07:27:53',	'2017-12-13 07:27:53',	'0drzssjhur',	'0drzssjhur',	22,	'https://embed-ssl.wistia.com/deliveries/5bfb8fc05818febe9c88bea19809335e5f8894be.jpg',	0,	'<p>Description.</p>',	0),
(229,	'Bubbles again',	1,	'2017-12-13 10:41:28',	'2017-12-13 10:41:28',	'9qkpjuxq27',	'9qkpjuxq27',	22,	'https://embed-ssl.wistia.com/deliveries/006f4f8c9e92f140291de6f4a18579d8ae4218e5.jpg',	0,	'<p>Description</p>',	0),
(230,	'Large video test',	1,	'2017-12-13 15:22:38',	'2017-12-13 15:22:38',	'u6o7sn8iz1',	'u6o7sn8iz1',	183,	'https://embed-ssl.wistia.com/deliveries/0a058038d02466b214bfd4d08b730c29506bd271.jpg',	0,	'<p>test</p>',	0),
(231,	'test',	1,	'2017-12-13 15:26:39',	'2017-12-13 15:26:39',	'v22wlz0mdk',	'v22wlz0mdk',	183,	'https://embed-ssl.wistia.com/deliveries/8886738c92fb160cc681b314082d2c416eed2414.jpg',	0,	'<p>test</p>',	0),
(232,	'test',	1,	'2017-12-13 15:27:18',	'2017-12-13 15:27:18',	'xx8jxapm51',	'xx8jxapm51',	183,	'https://embed-ssl.wistia.com/deliveries/76ee5d8357edae78010c7ccca493c19bcd157b2a.jpg',	0,	'<p>test</p>',	0),
(233,	'',	1,	'2017-12-19 14:57:11',	'2017-12-19 14:57:11',	'ytpk6klf9u',	'ytpk6klf9u',	22,	'https://embed-ssl.wistia.com/deliveries/9f771e43d9ca7bc912b2158c3419348705db305e.jpg',	0,	'',	0),
(234,	'Title 12/19/2017',	1,	'2017-12-19 15:01:06',	'2017-12-19 15:01:06',	'zynq763k58',	'zynq763k58',	22,	'https://embed-ssl.wistia.com/deliveries/50c9ef299fe3d369596072b07fc1417478c6ae78.jpg',	0,	'<p>Description</p>',	0),
(235,	'Test 12/20/17',	1,	'2017-12-20 11:06:16',	'2017-12-20 12:57:18',	'6wlkvg2wgw',	'6wlkvg2wgw',	22,	'https://embed-ssl.wistia.com/deliveries/87e680074f6463f78fa207c40005c6ce91f42c49.jpg',	1,	'<p>Description</p>',	0),
(236,	'Test 1 Video 12/20/17',	1,	'2017-12-20 12:33:02',	'2017-12-20 12:47:01',	'zufqkpywqv',	'zufqkpywqv',	106,	'https://embed-ssl.wistia.com/deliveries/a1211b26cd06f25d66d58da79f4d87ffa8bfe791.jpg',	0,	'<p>description 0111112222</p>',	0),
(237,	'dfsdfsadf',	1,	'2017-12-20 13:09:52',	'2017-12-20 13:11:18',	'ujvflge78z',	'ujvflge78z',	42,	'https://embed-ssl.wistia.com/deliveries/7a933ae79025a88b70700e1cff5ce9d2468dfa05.jpg',	1,	'<p>dfasdfsdf</p>',	0),
(238,	'fdsadfas',	1,	'2017-12-20 13:12:06',	'2017-12-20 13:12:06',	'fxpllpwx6z',	'fxpllpwx6z',	11,	'https://embed-ssl.wistia.com/deliveries/67443b2eb88088ed63d2800355e3fd862e903006.jpg',	0,	'<p>fdasfds</p>',	0),
(239,	'sdSDASD',	1,	'2017-12-20 13:18:43',	'2017-12-20 13:18:43',	'7j4uh696io',	'7j4uh696io',	11,	'https://embed-ssl.wistia.com/deliveries/fafd084412a6d6956160cbf3e0d526a9ebb7d8fb.jpg',	0,	'<p>DFSDFSDFSA</p>',	0),
(240,	'test',	1,	'2017-12-20 15:39:24',	'2017-12-20 15:39:24',	'75fj71ru2p',	'75fj71ru2p',	5,	'https://embed-ssl.wistia.com/deliveries/43b20a7874777926126caa11d6d3018d25b447e0.jpg',	0,	'<p>test</p>',	0),
(241,	'sdfg',	1,	'2017-12-20 16:11:08',	'2017-12-20 16:11:08',	'ydbjag4hj9',	'ydbjag4hj9',	183,	'https://embed-ssl.wistia.com/deliveries/65a3ca9a70784c72c77dc8168929acb952b72bc6.jpg',	0,	'<p>dsfg</p>',	0),
(242,	'12/21/2017 Edit 1',	1,	'2017-12-21 08:28:26',	'2017-12-21 08:33:47',	'7q23lt6xgs',	'7q23lt6xgs',	22,	'https://embed-ssl.wistia.com/deliveries/9c53cfc9c5aab9a98a99c734dcf979a4a1d7af1e.jpg',	0,	'<p>Description Edit 1 hhhhh</p>',	0),
(243,	'Test Video 12/21/2017',	1,	'2017-12-27 07:49:43',	'2017-12-27 07:49:43',	'inly5if0hq',	'inly5if0hq',	22,	'https://embed-ssl.wistia.com/deliveries/e1947534e3e2e47999c02f2e76d02fe9ea2bdb26.jpg',	0,	'<p>Description</p>',	0),
(244,	'ry5',	1,	'2018-01-03 10:32:03',	'2018-01-03 10:32:03',	'4uf0pn58f4',	'4uf0pn58f4',	5,	'https://embed-ssl.wistia.com/deliveries/8aa4bd73362aa5c3c2ea209511e78a25bee4f7a7.jpg',	0,	'<p>yert</p>',	0),
(245,	'sadf',	1,	'2018-01-03 11:57:13',	'2018-01-03 11:57:13',	'kny6npl928',	'kny6npl928',	5,	'https://embed-ssl.wistia.com/deliveries/3f88ad67923f95d6f9a8c1782110c416078949ec.jpg',	0,	'<p>asdf</p>',	0),
(246,	'',	1,	'2018-01-04 13:45:29',	'2018-01-04 13:52:22',	'01jcdnzzka',	'01jcdnzzka',	30,	'https://embed-ssl.wistia.com/deliveries/cc53ff35cfd3866bee80e08906fdda4cecf1bf63.jpg',	1,	'',	0),
(247,	'Title Tes',	1,	'2018-01-04 13:48:40',	'2018-01-04 13:52:12',	'q237dxa3yl',	'q237dxa3yl',	30,	'https://embed-ssl.wistia.com/deliveries/7c57fec98ad1e25b388f3e3cd860f834f222bf45.jpg',	1,	'',	0),
(248,	'Test Video 1/04/2018',	1,	'2018-01-04 13:49:46',	'2018-01-04 13:51:50',	'1xsxpuqclx',	'1xsxpuqclx',	30,	'https://embed-ssl.wistia.com/deliveries/5a3117996e3c0dbe9682e462a31ce56859f032ac.jpg',	0,	'<p>Description</p>',	0),
(249,	'',	1,	'2018-01-04 13:50:59',	'2018-01-04 13:51:29',	'4enzonuuyq',	'4enzonuuyq',	30,	'https://embed-ssl.wistia.com/deliveries/9e0093f94ac4e93a60b377fb8fb09eda90663af0.jpg',	1,	'',	0),
(250,	'Wild animals 333',	1,	'2018-01-04 13:52:47',	'2018-01-04 14:03:02',	'du8mr7msuv',	'du8mr7msuv',	30,	'https://embed-ssl.wistia.com/deliveries/bd72690029f35d420775710b6a2699e768dac526.jpg',	0,	'<p>Description 333</p>',	0),
(251,	'1/8/18 10:08 am',	1,	'2018-01-08 10:08:40',	'2018-01-08 10:08:40',	'3k1qzde1yl',	'3k1qzde1yl',	2005,	'https://embed-ssl.wistia.com/deliveries/71c8577adb8ebc4293699cacfa76c55c4650fe4a.jpg',	0,	'<p>sdasda</p>',	0),
(252,	'Video 1 January 2018',	1,	'2018-01-08 10:14:20',	'2018-01-08 10:14:20',	'roh2zr71id',	'roh2zr71id',	22,	'https://embed-ssl.wistia.com/deliveries/c4e0aa8e11f2f3638a4989fedbc4cd6a7b9f22f4.jpg',	0,	'<p>Description</p>',	0),
(253,	'Test Video 2 Jan 2018',	1,	'2018-01-08 10:19:05',	'2018-01-08 10:19:05',	'wgboee12n9',	'wgboee12n9',	22,	'https://embed-ssl.wistia.com/deliveries/db41f7e268a3c373cb162b4f77783ca48f48d942.jpg',	0,	'<p>Description</p>',	0),
(254,	'Title ',	1,	'2018-01-11 09:40:35',	'2018-01-11 11:41:35',	'ysho7u64gs',	'ysho7u64gs',	22,	'https://embed-ssl.wistia.com/deliveries/83d5500bd4f1d4f1b78768eb3930ccb779e76396.jpg',	0,	'<p>Description jjjjj</p>',	0),
(255,	';k;;',	1,	'2018-01-17 07:45:30',	'2018-01-17 07:45:30',	'immz1w0swk',	'immz1w0swk',	1180,	'https://embed-ssl.wistia.com/deliveries/956f713bcda0091bbd787ffe6f016e0f64e70c34.jpg',	0,	'<p>adada</p>',	0),
(256,	'Salsa night',	1,	'2018-01-17 10:58:14',	'2018-01-17 10:58:14',	'e1ky1p7qy6',	'e1ky1p7qy6',	15,	'https://embed-ssl.wistia.com/deliveries/d87741a3fdae5b1c6dd5aa57d17aeccb5df3213e.jpg',	0,	'<p>Fjxhd</p>',	0),
(257,	'Wildlife',	1,	'2018-01-18 08:48:40',	'2018-01-18 08:48:40',	'cmfnp72tkh',	'cmfnp72tkh',	30,	'https://embed-ssl.wistia.com/deliveries/276673746b600d6083ec95a0dc074436c14d7b7e.jpg',	0,	'<p>hey</p>',	0),
(258,	'',	1,	'2018-01-18 09:55:22',	'2018-01-18 09:55:22',	'1nyhyefp9d',	'1nyhyefp9d',	30,	'https://embed-ssl.wistia.com/deliveries/cb1cc3b6e3e0feb63a2ed2f6f1d396c4412d7d4d.jpg',	0,	'',	0),
(259,	'Title',	1,	'2018-01-18 10:17:13',	'2018-01-18 10:17:13',	'9wkomosdnt',	'9wkomosdnt',	22,	'https://embed-ssl.wistia.com/deliveries/11cdf3ce6c4584dd19e6692f4e3b0c7025f19e96.jpg',	0,	'<p>Description</p>',	0),
(260,	'titlee',	1,	'2018-01-19 14:21:00',	'2018-01-19 14:21:00',	'2zgw1280hv',	'2zgw1280hv',	30,	'https://embed-ssl.wistia.com/deliveries/2eb3e0d8df391c20032fcbddcfbfd01462c20de4.jpg',	0,	'<p>desc.</p>',	0),
(261,	'WIldlife testerrr',	1,	'2018-01-19 14:45:02',	'2018-01-19 14:53:56',	'4bbvhdx667',	'4bbvhdx667',	30,	'https://embed-ssl.wistia.com/deliveries/c40a046787ae738759c845d334630e2934ce1d5b.jpg',	0,	'<p>descriptionnnn</p>',	0),
(262,	'test',	149,	'2018-01-23 14:05:12',	'2018-01-23 14:05:12',	'4s2v6w61md',	'4s2v6w61md',	5,	'https://embed-ssl.wistia.com/deliveries/5fdfcf25c564118259bce2ac29790f1e88799156.jpg',	0,	'<p>test</p>',	0),
(263,	'test for deleting notification',	1,	'2018-01-24 11:57:50',	'2018-01-24 12:06:33',	'bc9bo2bcf9',	'bc9bo2bcf9',	5,	'https://embed-ssl.wistia.com/deliveries/39b09466d7c5926f03953ca665806386152c0781.jpg',	1,	'<p>test</p>',	0),
(264,	'test',	1,	'2018-01-24 12:16:14',	'2018-01-24 12:16:14',	'b0z12j7x6i',	'b0z12j7x6i',	5,	'https://embed-ssl.wistia.com/deliveries/31336dec3459bcae47cf74cb3cfd2f5ba4203e7a.jpg',	0,	'<p>test</p>',	0),
(265,	'dsdasd',	1,	'2018-01-24 12:24:22',	'2018-01-24 12:24:22',	'oho4s1yyuf',	'oho4s1yyuf',	2005,	'https://embed-ssl.wistia.com/deliveries/99153c4e73cd2b22735652814980b7fce29d3873.jpg',	0,	'<p>dsdasd</p>',	0),
(266,	'sdasd',	1,	'2018-01-24 15:08:34',	'2018-01-24 15:08:34',	'fktcmjldgc',	'fktcmjldgc',	2005,	'https://embed-ssl.wistia.com/deliveries/de52ff2234bb32f86a86f7ca989b676e56cb304d.jpg',	0,	'<p>asdsad</p>',	0),
(267,	'new video from diff account for notifications',	150,	'2018-01-24 15:28:05',	'2018-01-24 15:28:05',	'lujyy4lyox',	'lujyy4lyox',	5,	'https://embed-ssl.wistia.com/deliveries/b47e1246a1dd7ff484e408a35ccd88f67dbac8c3.jpg',	0,	'<p>test</p>',	0),
(268,	'January 25 test',	1,	'2018-01-25 08:54:07',	'2018-01-25 08:54:07',	'hzmuuzsc1g',	'hzmuuzsc1g',	22,	'https://embed-ssl.wistia.com/deliveries/2c5d6950c378aca0be7f7eed8f197c10959c753b.jpg',	0,	'<p>Description</p>',	0),
(269,	'Switzerland',	1,	'2018-01-25 09:07:24',	'2018-01-25 09:08:18',	'mxxb5mj2tp',	'mxxb5mj2tp',	17,	'https://embed-ssl.wistia.com/deliveries/0fa55f252d25f5e124ddea2d00c4c7422463aa2f.jpg',	1,	'<p>Cold</p>',	0),
(270,	'Park & bubbles',	1,	'2018-01-25 09:10:23',	'2018-01-25 09:15:50',	'br01gnezar',	'br01gnezar',	22,	'https://embed-ssl.wistia.com/deliveries/885cf902aa1cd1bab1dfbe8aa9c18ec9a52d8df4.jpg',	1,	'<p>Bubbles</p>',	0),
(271,	'Ghjj',	1,	'2018-01-25 10:01:03',	'2018-01-25 10:01:03',	'cc5wgw6mc6',	'cc5wgw6mc6',	37,	'https://embed-ssl.wistia.com/deliveries/b5c879acf91af83424899b394342a8997ad792cb.jpg',	0,	'<p>Ghjjj</p>',	0),
(272,	'test delete',	1,	'2018-01-25 10:12:05',	'2018-01-25 10:13:49',	'vnum44baj5',	'vnum44baj5',	5,	'https://embed-ssl.wistia.com/deliveries/1fe25d02fdf3afde92226db98e4587543899ca20.jpg',	1,	'<p>test</p>',	0),
(273,	';lkhj',	1,	'2018-01-25 10:21:48',	'2018-01-25 10:21:48',	'sxa7u5dwfu',	'sxa7u5dwfu',	5,	'https://embed-ssl.wistia.com/deliveries/be68b631d6aaa60239b4627f7d59c76379129134.jpg',	0,	'<p>kjh</p>',	0),
(274,	'werer',	1,	'2018-01-25 11:06:08',	'2018-01-25 11:06:08',	'yqcpueoor2',	'yqcpueoor2',	5,	'https://embed-ssl.wistia.com/deliveries/e0863e7a19a1fbd9a0e913c985e9c9eb39eb3036.jpg',	0,	'<p>werwe</p>',	0),
(275,	'sadasd',	1,	'2018-01-25 11:22:35',	'2018-01-25 11:22:35',	'xa6aqmb69b',	'xa6aqmb69b',	2005,	'https://embed-ssl.wistia.com/deliveries/c52eda96ee489f498a8402edbd51682e2f46a66d.jpg',	0,	'<p>sdasdas</p>',	0),
(276,	'test',	1,	'2018-01-25 11:27:55',	'2018-01-25 11:27:55',	'd09uo9o8fo',	'd09uo9o8fo',	5,	'https://embed-ssl.wistia.com/deliveries/521a3ffb331068cda0a57fcf32935f9ed429ff4f.jpg',	0,	'<p>test</p>',	0),
(277,	'test progress',	1,	'2018-01-25 11:29:14',	'2018-01-25 11:29:14',	'j0ut68dynd',	'j0ut68dynd',	183,	'https://embed-ssl.wistia.com/deliveries/7b1e083156bc264b7b600c39fdb13e727c641c1b.jpg',	0,	'<p>test</p>',	0),
(278,	'test test',	1,	'2018-01-25 11:34:09',	'2018-01-25 11:34:09',	'qkm9vvn32h',	'qkm9vvn32h',	183,	'https://embed-ssl.wistia.com/deliveries/0ea86396c3b1e75d2968deb80286af3ffb4bf1b0.jpg',	0,	'<p>test</p>',	0),
(279,	'test test test ',	1,	'2018-01-25 11:34:32',	'2018-01-25 11:34:32',	'48gvavgeu9',	'48gvavgeu9',	5,	'https://embed-ssl.wistia.com/deliveries/fce256e8249aad833fb6dd9d4a0bf72e73381f1c.jpg',	0,	'<p>test</p>',	0),
(280,	'ljh',	1,	'2018-01-25 11:41:04',	'2018-01-25 11:41:04',	'0c86dsrw0k',	'0c86dsrw0k',	5,	'https://embed-ssl.wistia.com/deliveries/26c86e8132e517920247070f0388b9788897ffd1.jpg',	0,	'<p>;khj</p>',	0),
(281,	'test',	1,	'2018-01-29 15:05:43',	'2018-01-29 15:05:43',	'5jh4cjvyu3',	'5jh4cjvyu3',	5,	'https://embed-ssl.wistia.com/deliveries/d684aa2ed313a756f9b7ea96089cd8daad33117e.jpg',	0,	'test',	0),
(282,	'Title of Video',	1,	'2018-01-31 08:53:15',	'2018-01-31 08:53:15',	'pjmlzyd04l',	'pjmlzyd04l',	22,	'https://embed-ssl.wistia.com/deliveries/d7a890fb10f7669efa90318e81a73729744530eb.jpg',	0,	'Description on videoooooo',	0),
(283,	'New Video',	1,	'2018-01-31 11:28:01',	'2018-02-01 08:01:29',	'ed8xr78x1t',	'ed8xr78x1t',	22,	'https://embed-ssl.wistia.com/deliveries/bc796efe0a99a91faad1de25080259874701a9c4.jpg',	0,	'<p>Description</p>',	0),
(284,	'helloooooo',	1,	'2018-01-31 11:50:33',	'2018-01-31 15:07:00',	'n6um0963vh',	'n6um0963vh',	22,	'https://embed-ssl.wistia.com/deliveries/1c26d9d1ac535f6cec9c4b2a0655de08f243cfd9.jpg',	1,	'hiiiiiii',	0),
(285,	'Testingggg',	1,	'2018-01-31 12:03:48',	'2018-01-31 12:10:59',	'5201301msi',	'5201301msi',	22,	'https://embed-ssl.wistia.com/deliveries/6a2d5d47e4207bf2f0c964425614a928cf57db89.jpg',	1,	'description',	0),
(286,	'Group 3 Video!',	154,	'2018-02-01 08:20:35',	'2018-02-01 08:23:13',	'86zpvihb20',	'86zpvihb20',	34,	'https://embed-ssl.wistia.com/deliveries/c2987e5f91855627b37afd6f1c1edd98c4178aed.jpg',	1,	'A super random video',	0),
(287,	'team 1',	154,	'2018-02-01 08:22:13',	'2018-02-02 09:48:25',	'ztnww7x4tx',	'ztnww7x4tx',	34,	'https://embed-ssl.wistia.com/deliveries/35a76dee1eea1401db6f6ceeff9cf73d513b165c.jpg',	1,	'demo',	0),
(288,	'team 2',	154,	'2018-02-01 08:30:20',	'2018-02-01 08:32:40',	'eurxbdsw5d',	'eurxbdsw5d',	34,	'https://embed-ssl.wistia.com/deliveries/c8dd675b386407c8d10dc058348cf87dd0f54676.jpg',	1,	'<p>t4wwwwwwwwwwwwwwwwwwwwwwwwwwwwww t4wwwwwwwwwwwwwwwwwwwwwwwwwwwwww t4wwwwwwwwwwwwwwwwwwwwwwwwwwwwww t4wwwwwwwwwwwwwwwwwwwwwwwwwwwwww</p>',	0),
(289,	'yfvijk',	154,	'2018-02-01 09:50:55',	'2018-02-01 09:55:29',	'92w47h7ili',	'92w47h7ili',	34,	'https://embed-ssl.wistia.com/deliveries/12b0573722b11fa9e0b4baec7ae07e8d1e0ef727.jpg',	1,	'fdtrdfuijn',	0),
(290,	'Video',	154,	'2018-02-01 09:56:26',	'2018-02-01 09:56:26',	'pcm7i12bzg',	'pcm7i12bzg',	34,	'https://embed-ssl.wistia.com/deliveries/524c05d75c577aca918611899ab776741dfe6a09.jpg',	0,	'super random',	0),
(291,	'notification check',	154,	'2018-02-01 09:57:45',	'2018-02-01 09:58:11',	'tu0o9vdojs',	'tu0o9vdojs',	34,	'https://embed-ssl.wistia.com/deliveries/7cb5da323f33877aeb8d2075e7647de6a232db56.jpg',	1,	'hdkdsv',	0),
(292,	'notification check',	154,	'2018-02-01 09:58:39',	'2018-02-01 09:58:39',	'7g9y60uxrp',	'7g9y60uxrp',	34,	'https://embed-ssl.wistia.com/deliveries/02a8b20efc7d513587a2eb2bd101424ee0bd8ccc.jpg',	0,	'fsadfvbwe',	0),
(293,	'hh',	154,	'2018-02-01 10:50:31',	'2018-02-02 09:48:11',	'auv636s7ml',	'auv636s7ml',	30,	'https://embed-ssl.wistia.com/deliveries/a834783b754a4b00de7efb5827817e3250521364.jpg',	1,	'des',	0),
(294,	'',	1,	'2018-02-01 12:23:50',	'2018-02-05 13:21:43',	'0at5mr6umj',	'0at5mr6umj',	5,	'https://embed-ssl.wistia.com/deliveries/aaeb4d6050583ef7fc442afa67177c2514fd9761.jpg',	0,	'',	0),
(295,	'h',	154,	'2018-02-01 14:01:59',	'2018-02-01 14:01:59',	'2srou78xiv',	'2srou78xiv',	34,	'https://embed-ssl.wistia.com/deliveries/aefa23496adebe328e91652395b27f8b9a817d70.jpg',	0,	'beat',	0),
(296,	'h',	154,	'2018-02-01 14:01:59',	'2018-02-01 14:02:22',	'2srou78xiv',	'2srou78xiv',	34,	'https://embed-ssl.wistia.com/deliveries/aefa23496adebe328e91652395b27f8b9a817d70.jpg',	1,	'beat',	0),
(297,	'demo',	154,	'2018-02-01 14:08:18',	'2018-02-01 14:17:32',	'ailn7rdkqo',	'ailn7rdkqo',	34,	'https://embed-ssl.wistia.com/deliveries/be5d3898e8aec9508dd65eed70a3c4e0d1e20ebc.jpg',	1,	'2018',	0),
(298,	'Haha',	154,	'2018-02-01 14:13:33',	'2018-02-01 14:21:09',	'ojaycvrjxa',	'ojaycvrjxa',	34,	'https://embed-ssl.wistia.com/deliveries/8a5a644b7cb5ccce125fe75add9e934a4d646ac5.jpg',	0,	'<p><strong>hahahahhahaha&nbsp;<em>adsjkaljdlsjakldjsa</em></strong></p>',	0),
(299,	'',	1,	'2018-02-01 14:25:07',	'2018-02-04 20:43:24',	'gpgujanoed',	'gpgujanoed',	30,	'https://embed-ssl.wistia.com/deliveries/ef1d0bf62e915bc48cd4776ec982989eab1e6a6b.jpg',	0,	'',	0),
(300,	'demo',	154,	'2018-02-01 14:26:26',	'2018-02-01 14:26:26',	'cr9b7u8fg2',	'cr9b7u8fg2',	34,	'https://embed-ssl.wistia.com/deliveries/4ffe7c7e2b8dbe105604730ad01ac100a78cd612.jpg',	0,	'2018',	0),
(301,	'English 451 Sect. O; spring 2018 			Prof. K. Freeman Late Romantic Literature 			Office Hrs: T&Th 1112:30 and by appt. MM 117; T&Th 9:30-10:45		Office: Ashe 412; x3986; email: kfreeman@miami.edu  SYLLABUS  Required Texts:     John Keats, Poetry and Prose',	154,	'2018-02-01 14:29:36',	'2018-02-01 14:30:00',	's8qamtj893',	's8qamtj893',	34,	'https://embed-ssl.wistia.com/deliveries/2e55ea561bfe0d9706123d945814a29a979394f9.jpg',	1,	'English 451 Sect. O; spring 2018 			Prof. K. Freeman\r\nLate Romantic Literature 			Office Hrs: T&Th 1112:30 and by appt.\r\nMM 117; T&Th 9:30-10:45		Office: Ashe 412; x3986; email: kfreeman@miami.edu\r\n\r\nSYLLABUS\r\n\r\nRequired Texts:     John Keats, Poetry and Prose, ed. Cox (Norton). ISBN 978-0-393-92491-6\r\n(Print)		      Jane Austen, Persuasion (Penguin). ISBN 978-0-14-143968-6\r\n		      Shelley\'s Poetry and Prose ed. Reiman & Powers (Norton). ISBN 0-393-97752-8\r\n		      Mary Shelley, Frankenstein [1818 ed.] (Norton, 2nd ed.). ISBN 978-0-393-92793-1\r\n		      Byron\'s Poetry, ed. Levine (Norton).  ISBN 978-0-393-92560-9\r\n		      Letitia Elizabeth Landon, Selected Writings (Broadview). ISBN 1-55111-135-7\r\nBlackboard (Bb):   Romantic Women Poets: 1770-1838, ed. Ashfield (selections)\r\n		      British Women Poets of the Romantic Era, ed. Feldman (selections)\r\n		      Selected Criticism\r\nRecommended:      British Literature 1780-1830, ed. Mellor & Matlak (Harcourt Brace)\r\n(Print)		      \r\n\r\nWEEK 1:			\r\nT 1/16:  Introduction.  Romanticisms: Gender & Genre in the Second and Third Generations.  \r\nTh 1/18:  Mary Tighe [on Bb, both links]: Written at Scarborough & other Sonnets (pp. 777-9 in \r\n	Feldman; pp. 159-60 in Ashfield). Keats [on Bb & in Norton]: To Solitude (52); To One...In City \r\nPent (54).  *req. forum #1 (Bb disc. Board); post due prior to class: 1 par. on one aspect of Thursdays reading and/or response to other entries posted to the thread).\r\n\r\nWEEK 2:\r\nT 1/23: Keats: On 1st Looking into Chapman\'s Homer (54); Grasshopper & Cricket (57); I Stood Tip-toe \r\n	(21ff); Sleep & Poetry (58). selected letters (see Bb). \r\nTh 1/25: Keats: On Sitting Down... (114); Endymion Preface (147) & *light read excerpts*: Bk I, ll. 1-24 \r\n(148-9); Bk IV, l1. 1-35 (217); & 11. 429 to end (227-39); Isabella; or, the Pot of Basil (429ff).  *req. forum #2 post due prior to class (see details above).\r\n\r\nWEEK 3:		\r\nT 1/30:  Keats: Hyperion (475ff) *Paper #1 due (Tighe OR Keats; 2 pp; details on Paper Topics doc).\r\nTh 2/1: Keats: Eve of St. Agnes (445ff); Bright Star (337); *req. forum #3: Belle Dame (small groups; \r\n	assigned facilitators NOT required to post).  *Opt journal 1 due.\r\n\r\nWEEK 4:\r\nT 2/6: Tighe: Psyche (excerpts, Bb: pp. 160-68 [Ashfield]); Keats: Ode to Psyche (463ff).\r\nTh 2/8: Keats: Ode to a Nightingale (456ff); Fall of Hyperion (excerpt: 497ff, Canto I,  ll. 1-215 only).\r\n\r\nWEEK 5:\r\nT 2/13: Keats: Fall of H, ct; To Autumn (472-3). \r\nTh 2/15: *MIDTERM EXAM: KEATS & TIGHE.  \r\n\r\nWEEK 6:\r\nT 2/20: Persuasion: V. I, Chs 1-9. [*bracketed chapters below refer to eds without vol divisions].\r\nTh 2/22: Persuasion: V. I, 10-12; V. II Chs 1-6 [*chs 13-18]. \r\n\r\nWEEK 7:\r\nT 2/27: Persuasion: V. II, Chs. 7-10 [*Chs. 19-22]; Chs 11 & 12 [*Chs. 23 & 24]. Opt journal 2 due.\r\nTh 2/29:*req. forum #4: Persuasion, 23&24 (small groups; facilitators NOT required to post).\r\n\r\nWEEK 8:\r\nT 3/6: P. B. Shelley: Queen Mab (Cantos V-VII, pp. 42ff); Alastor (72 [Pref & Poem]); On Love (503); \r\n	Defence of Poetry (510).\r\nTh 3/8: P. B. S: Mont Blanc (97); Julian & Maddalo (120). \r\n	Ode to the West Wind (298); Mask of Anarchy (316ff). *Paper #2 Thesis St. due (email).\r\n	\r\nSPRING BREAK (no classes 3/13, 3/15)\r\n\r\nWEEK 9:\r\nT 3/20: P. B. S: Prometheus Unbound: Preface & Act I (206ff).  \r\nTh 3/12: P. B. S: PU II. \r\nP. B. S:  PU III & IV (excerpts only, tba). *Paper #2 Due (P.B. Shelley or Austen; 4-6 pp).\r\n\r\nWEEK 10:\r\nT 3/27: P. B. S:  The Cenci: Dedication, Preface, Act I-II (140ff).  \r\nTh 3/29: P. B. S:  Cenci III-V; *req. forum #5: Cenci V (groups); Adonais (409ff). \r\n\r\nWEEK 11:\r\nT 4/3:  Mary Shelley: Frankenstein [1818 ed.] Vol I (Norton, pp. 7-60); 1831 Intro (Norton, 165-69).\r\nTh 4/5: Frankenstein Vol. II (pp.  61-105). Opt. journal 3 due.\r\n \r\nWEEK 12:\r\nT 4/10:  Frankenstein V III (pp. 107-61). *req. forum #6: Frankenstein III (small groups).\r\nTh 4/12: Byron: Prometheus (239); Childe Harold\'s Pilgrimage: Canto 1 (23ff) & Canto 3 (196ff).\r\n\r\nWEEK 13:\r\nT 4/17: Childe Harold Canto 4 (excerpts, 295ff); Don Juan: Dedication & Canto I (380ff).  \r\nTh 4/19: Felicia Hemans: Indian Womans Death Song (Bb, p. 188); Maria Jane Jewsbury: The Glory \r\n	of the Heights (Bb, p. 200); *Thesis Statement for Paper #3 due (email on or before).\r\n\r\nWEEK 14:\r\nT 4/24: Landon: Portrait of Lord Byron (258); Felicia Hemans (250). *req. forum #7: DJ, Canto I \r\n	(groups).\r\nTh 4/26: Landon: St. Georges Hospital (Bb); St. Gs Hosp; 3 extracts from the Diary of a Week (197ff); \r\n	course review.  * Paper #3 Due (Frankenstein, Byron, or Women Poets; 6-8pp)\r\n\r\n*Final Exam: 	TAKE HOME; to be submitted by email (due date and further details tba). \r\n\r\n(Course Requirements, See pp. 3-4)\r\n\r\nCourse Requirements\r\n\r\n(Each student enrolled in the course is expected to comply with these requirements in order to receive credit for the course).\r\n\r\n1. Attendance: required, text & supporting materials in hand.  \r\n\r\na)	More than THREE absences will affect your final grade; with more than EIGHT absences you will lose credit for the course (without a Deans excuse for medical emergency).  \r\n\r\nb) Full preparation for discussion is required; unannounced in-class assignments may be given if necessary. If you have been absent, get the assignment before returning to class.  \r\n\r\nc) Check Blackboard (Bb) regularly for announcements, assignments, syllabus updates, and paper topics; bring assigned documents to class.\r\n\r\nd) Electronic devices must be turned off and put away during class unless they are being used for primary texts or Blackboard materials being discussed.  Otherwise, all Bb docs need to be printed and brought to class when indicated.  If the use of devices is distracting to others, they will no longer be allowed.\r\n\r\ne) TEXTS: Editions may be substituted, though these have been selected because of the usefulness of their notations and supporting material.  Please note that in the case of Frankenstein, yours must be the 1818 rather than the 1831 edition.  I discourage most electronic versions of texts as they dont have the editorial information you will be expected to read along with the texts themselves.   See me if any questions re. substitutions.  If you are using an unnotated electronic edition you are responsible for looking up any unfamiliar terms; the benefit of the print texts that are chosen is that they are the best researched editions available.  Please note that Ive included ISBN #s above for your convenience.\r\n\r\n2.  Formal Papers:\r\n\r\na) All must be typed and double-spaced throughout.  Follow MLA Handbook for matters of form.  \r\n\r\nb) Papers, submitted electronically, are due before the beginning of class on the due date. Five points per day are deducted for lateness, including weekends and the day it is due.  \r\n\r\nc) Only students who have made As - B+s in previous 400-level literature courses may consult secondary sources.  All students are expected to be fully familiar with rules for citation of sources and the penalties for plagiarism (sources include other student papers, lecture notes from other classes, internet sources, and editors notes in addition to published articles and books). To protect you from such charges, you are required to keep earlier drafts and notes of the papers until the graded paper is returned to you.  I do encourage students planning to apply to graduate programs in literature to include secondary sources by the third paper, however. See me well in advance of paper deadlines if you need clarification or wish to use secondary sources. \r\n\r\nd) Papers will be evaluated on the following criteria: careful preparation based on close reading of the text(s); focused, logically organized structure; significant development of the points you raise; focused thesis (generated through your close reading); proficiency in fundamental writing skills. \r\n*You are responsible for material covered in the prerequisite composition courses regarding usage and essay construction.  If you are weak in these areas, you must take a draft of your paper to the Writing Center well before the due date.  \r\n\r\ne) Drafts are welcome no later than 3 days before the due date.  Revisions are not accepted once the paper is graded.  I will not proofread; we will discuss revisions towards a more coherent argument.  \r\n\r\nf) You will be given suggested paper topics, which will include relevant works to discuss. You may not write on short works or sections of longer works covered in detail in class.  You are encouraged to generate your own topic that should be approved well in advance of the due date. \r\n\r\n3. Participation: \r\n\r\na. For the first several weeks of the semester, you are required to email a written response re. only one assigned text (or part of a text) for each class, due before class.  This response may be as brief as a paragraph and may be posed as a question with a suggested answer.  Though these responses will not be graded, they will be included in the evaluation of your overall course participation.\r\n\r\nb. Your engagement in discussion is encouraged.  Please respect the interpretations of your colleagues even when they differ from your own, central to any engagement in an academic community.\r\n\r\nc. Each student will facilitate a small, informal discussion group once during the semester, requiring no research; *non-facilitating students will be required to post responses on Bb for facilitators to use in preparing their discussions; the objective is to bring your own observations and questions to the group as a means of generating and sustaining discussion for approximately ten minutes followed by a report to the full class about the groups concerns.\r\n \r\nd. Optional Journal: For extra credit, a minimum of one typed pg per class is required.  Although the entries are to be written before each class in the three-week cycle, the group of entries will be submitted together, via email if computer-generated (See syll for dates; you may opt in or out in 3 wk cycles depending on your workload).  You may write on any of the works assigned for each class, but you must write it BEFORE the class even though it will not be collected immediately.  The journal is an excellent way to hone ideas for papers, for exam review, and to help you participate in class discussion. \r\n\r\n4. Exams: \r\nIn-class midterm and take-home final exam. \r\n\r\n5. Office hours:  \r\nYou are welcome to come in for a conference during the times above without appt.  If you are not available during office hours, please make an appt, preferably via email.\r\n',	0),
(302,	'adhkashdkjsahlkdhasldkaslkdslfkajsdflkadsjfsdalfkajsdldksjhfldskfhsladfhskjfhjshfalkjsahlfshljkfalsdljfaskjdfjaksdkfahlksdhflashdlkfahlsjkdhflashdlfahslkdhflkashdflkjashlkjdhflakshdlfhajksdfhlkashldfkahlskjdhflkjashdflkahsldkfhaljksdhflkjahsldkhajsdhfkjah',	154,	'2018-02-01 14:30:44',	'2018-02-01 14:31:41',	'5k0ivs0gvg',	'5k0ivs0gvg',	34,	'https://embed-ssl.wistia.com/deliveries/7f36564c62e412d3084fad2e9d4ef84f1df1ba38.jpg',	0,	'<p><em>asda</em></p>',	0),
(303,	'science',	154,	'2018-02-01 15:09:32',	'2018-02-02 09:20:05',	'qpy9v0ytlx',	'qpy9v0ytlx',	245,	'https://embed-ssl.wistia.com/deliveries/a868e71e4f7fc6cf6b4a54f9cd5ba260643eb228.jpg',	0,	'<p><a href=\"http://google.com\">gg</a><br />&nbsp;</p>',	0),
(304,	'',	154,	'2018-02-02 08:22:33',	'2018-02-02 08:38:11',	'5ktwuwot6o',	'5ktwuwot6o',	34,	'https://embed-ssl.wistia.com/deliveries/cf72cbf39c85382e26d477f7862aaadf508e5c75.jpg',	1,	'<p>William Shakespeare (/ekspr/; 26 April 1564 (baptised) &ndash; 23 April 1616)[a] was an English poet, playwright and actor, widely regarded as the greatest writer in the English language and the world&#39;s pre-eminent dramatist.[2][3][4] He is often called England&#39;s national poet and the &quot;Bard of Avon&quot;.[5][b] His extant works, including collaborations, consist of approximately 39 plays,[c] 154 sonnets, two long narrative poems and a few other verses, some of uncertain authorship. His plays have been translated into every major living language and are performed more often than those of any other playwright.[7] Shakespeare was born and brought up in Stratford-upon-Avon, Warwickshire. At the age of 18, he married Anne Hathaway, with whom he had three children: Susanna and twins Hamnet and Judith. Some time between 1585 and 1592, he began a successful career in London as an actor, writer, and part-owner of a playing company called the Lord Chamberlain&#39;s Men, later known as the King&#39;s Men. At age 49 around 1613, he appears to have retired to Stratford, where he died three years later. Few records of Shakespeare&#39;s private life survive, which has stimulated considerable speculation about such matters as his physical appearance, sexuality, religious beliefs and whether the works attributed to him were written by others.[8][9][10] These speculations are often criticized for failing to point out the fact that few records survive of most commoners of his period. Shakespeare produced most of his known work between 1589 and 1613.[11][12][d] His early plays were primarily comedies and histories, which are regarded as some of the best work ever produced in these genres. He then wrote mainly tragedies until about 1608, including Hamlet, Othello, King Lear and Macbeth, considered some of the finest works in the English language.[2][3][4] In his last phase, he wrote tragicomedies, also known as romances and collaborated with other playwrights. Many of his plays were published in editions of varying quality and accuracy during his lifetime. However, in 1623 John Heminges and Henry Condell, two friends and fellow actors of Shakespeare, published a more definitive text known as the First Folio, a posthumous collected edition of his dramatic works that included all but two of the plays now recognised as Shakespeare&#39;s.[13] It was prefaced with a poem by Ben Jonson, in which Shakespeare is hailed, presciently, as &quot;not of an age, but for all time&quot;.[13] In the 20th and 21st centuries, his works have been repeatedly adapted and rediscovered by new movements in scholarship and performance. His plays remain highly popular and are constantly studied, performed, and reinterpreted in diverse cultural and political contexts throughout the world. Contents [hide] 1 Life 1.1 Early life 1.2 London and theatrical career 1.3 Later years and death 2 Plays 2.1 Performances 2.2 Textual sources 3 Poems 3.1 Sonnets 4 Style 5 Influence 6 Critical reputation 7 Works 7.1 Classification of the plays 8 Speculation about Shakespeare 8.1 Authorship 8.2 Religion 8.3 Sexuality 8.4 Portraiture 9 See also 10 Notes and references 10.1 Notes 10.2 References 11 Sources 12 External links</p>',	0),
(305,	'Test ',	154,	'2018-02-02 08:42:15',	'2018-02-02 08:42:15',	'sqowq6m1in',	'sqowq6m1in',	34,	'https://embed-ssl.wistia.com/deliveries/93e27da4fbbb76a96cd69be9d383714a70d658bb.jpg',	0,	'Test ',	0),
(306,	'a;jf;ajf;ajsdf;lakjsd;fkjas;dfkjal;dsfjadsjwiefoaefjnaiuds fskdjcnaoiwefnasijcnvadsjfaiwuefnsdxc, zsljk',	154,	'2018-02-02 08:44:22',	'2018-02-02 09:03:26',	'pz3ez8apuu',	'pz3ez8apuu',	34,	'https://embed-ssl.wistia.com/deliveries/f0d9bafecce360f64b626c20103d53723419f2ae.jpg',	1,	'',	0),
(307,	'hgh',	154,	'2018-02-02 08:58:31',	'2018-02-02 08:59:50',	'sgnsc3r12u',	'sgnsc3r12u',	34,	'https://embed-ssl.wistia.com/deliveries/4eea5e025a81332b8f5f9477531861a2c2e1975d.jpg',	1,	'ghgh',	0),
(308,	'ppp',	154,	'2018-02-02 09:01:03',	'2018-02-02 09:01:33',	'pi243ob8wu',	'pi243ob8wu',	34,	'https://embed-ssl.wistia.com/deliveries/c3ec46e0e634dc47e9b81420878c5de0e6370b90.jpg',	1,	'ppp',	0),
(309,	'gggg',	154,	'2018-02-02 09:06:45',	'2018-02-02 09:47:59',	'itcsbltxy3',	'itcsbltxy3',	34,	'https://embed-ssl.wistia.com/deliveries/bd1a0a937a5ca34f8172c8b4e976fd81e12ef49e.jpg',	1,	'gggg',	0),
(310,	'test',	154,	'2018-02-02 09:21:06',	'2018-02-02 09:47:48',	'e8tp13x5hl',	'e8tp13x5hl',	34,	'https://embed-ssl.wistia.com/deliveries/57725137f01f3c955326c51a1bd76f308e1d1637.jpg',	1,	'test',	0),
(311,	'',	154,	'2018-02-02 09:48:49',	'2018-02-02 13:47:00',	'3pi98g00ew',	'3pi98g00ew',	34,	'https://embed-ssl.wistia.com/deliveries/ae718211f440ebc00228ca44270af73e8ea59b35.jpg',	0,	'',	0),
(312,	'ASDfaed',	154,	'2018-02-02 12:50:01',	'2018-02-02 12:50:19',	'l9sibnfflm',	'l9sibnfflm',	2010,	'https://embed-ssl.wistia.com/deliveries/4a5547c374fc47479dc826617a87f5efe4eb33a6.jpg',	1,	'advavds',	0),
(313,	'',	154,	'2018-02-02 13:04:50',	'2018-02-02 13:07:46',	'mopwecns96',	'mopwecns96',	2010,	'https://embed-ssl.wistia.com/deliveries/39a12c35daef83cde094e1c578f5864db3b8a003.jpg',	1,	'<p>ngfngf</p>',	0),
(314,	'',	154,	'2018-02-02 14:10:06',	'2018-02-02 14:10:56',	'uumweqloo5',	'uumweqloo5',	22,	'https://embed-ssl.wistia.com/deliveries/bd8a58e9cb8e45904ecb97dfafda7820d5faa644.jpg',	0,	'<p>This is a test video.</p>',	0),
(315,	'Tesssst',	154,	'2018-02-02 14:43:17',	'2018-02-02 14:53:16',	'4f62084ne9',	'4f62084ne9',	22,	'https://embed-ssl.wistia.com/deliveries/257393732c4680128a385477514b8d965763dd3f.jpg',	0,	'<p>https://www.youtube.com/watch?v=yc0kcGgg3o0</p>',	0),
(316,	'Video 2/5/2018',	154,	'2018-02-05 09:52:16',	'2018-02-05 09:52:16',	'vfwocrms5q',	'vfwocrms5q',	22,	'https://embed-ssl.wistia.com/deliveries/541905622a8d1b65152871bf14f306a24aa67b7c.jpg',	0,	'guau',	0),
(317,	'Title',	154,	'2018-02-05 13:14:23',	'2018-02-05 13:14:23',	'kejlsfbh7z',	'kejlsfbh7z',	22,	'https://embed-ssl.wistia.com/deliveries/3f15f1f1b92dce7cbfca7d31c660c7d2d6c15f27.jpg',	0,	'descripton',	0),
(318,	'',	154,	'2018-02-05 13:17:26',	'2018-02-05 13:21:01',	'5gpt1410x3',	'5gpt1410x3',	69,	'https://embed-ssl.wistia.com/deliveries/b60496667c4ad065f803c13889efa92428053d8f.jpg',	0,	'',	0),
(319,	'Hello 2',	154,	'2018-02-05 13:27:09',	'2018-02-05 13:28:01',	'8t48x1cpm0',	'8t48x1cpm0',	22,	'https://embed-ssl.wistia.com/deliveries/01e3fce6fa962445b717a6339db5d4b7b3b386de.jpg',	0,	'<p>https://www.facebook.com/</p>',	0),
(320,	'Another Video Title',	154,	'2018-02-05 13:39:43',	'2018-02-05 13:39:43',	'204wp0dkr8',	'204wp0dkr8',	22,	'https://embed-ssl.wistia.com/deliveries/6d9d4e85cb2faf62e02f43e1d721bcccda35aeed.jpg',	0,	'descriptionnn',	0),
(321,	'My New Video',	154,	'2018-02-05 13:44:51',	'2018-02-05 13:44:51',	'e54a0oo70f',	'e54a0oo70f',	22,	'https://embed-ssl.wistia.com/deliveries/673f5686262a093698b6b6b7538718ef4a07bcfa.jpg',	0,	'-',	0),
(322,	'3/19/2018',	154,	'2018-02-05 13:52:05',	'2018-03-19 12:09:16',	'law0ouz980',	'law0ouz980',	34,	'https://embed-ssl.wistia.com/deliveries/f5b9bd3829af744c708ed83060aa7a2bf925b72e.jpg',	0,	'Videoo',	0),
(323,	'Title',	1,	'2018-02-05 14:10:01',	'2018-02-26 13:04:18',	'1paznk41lg',	'1paznk41lg',	34,	'https://embed-ssl.wistia.com/deliveries/25abb7219c8531ab02fcfbd939b9acb61fcd6ca0.jpg',	0,	'',	0),
(324,	'50',	1,	'2018-02-15 09:05:13',	'2018-02-15 09:05:13',	'hnqhztvkur',	'hnqhztvkur',	900,	'https://embed-ssl.wistia.com/deliveries/b62435dfc84528b55822adccf4783a86729534c2.jpg',	0,	'Lexi\'s science video',	0),
(325,	'',	154,	'2018-03-01 15:17:51',	'2018-03-02 11:30:21',	'4oa1vgiush',	'4oa1vgiush',	9,	'https://embed-ssl.wistia.com/deliveries/02d9c3b66f3729125b612cc1abf1998778ae1241.jpg',	1,	'',	0),
(326,	'game night ',	155,	'2018-03-01 15:40:26',	'2018-03-01 15:46:13',	'04x1ln4mcn',	'04x1ln4mcn',	9,	'https://embed-ssl.wistia.com/deliveries/f333238cd944f8b3dd26558491f70ac135065027.jpg',	1,	'<p>game night laksfdal;skdf</p>',	0),
(327,	'd',	155,	'2018-03-01 15:46:44',	'2018-03-01 15:47:51',	'kxwx0rigac',	'kxwx0rigac',	9,	'https://embed-ssl.wistia.com/deliveries/a0a57a91f1de1cfe2762e2f2fa437accca1c999b.jpg',	1,	'd',	0),
(328,	'',	155,	'2018-03-01 16:17:56',	'2018-03-01 16:21:32',	'2ql1owynz3',	'2ql1owynz3',	9,	'https://embed-ssl.wistia.com/deliveries/d28be9f2e534fd3b0d09bf080235889a86648be8.jpg',	0,	'',	0),
(329,	'Video 03/05/18',	1,	'2018-03-05 10:04:34',	'2018-03-05 10:04:34',	'slb8v8ts31',	'slb8v8ts31',	5,	'https://embed-ssl.wistia.com/deliveries/e484d84771ae9d6bd424b49fef7e794852bb8826.jpg',	0,	'Dummy video',	0),
(330,	'MT Upload 03/05/2018',	155,	'2018-03-05 11:12:14',	'2018-03-05 11:12:14',	'hpj96ei2zi',	'hpj96ei2zi',	5,	'https://embed-ssl.wistia.com/deliveries/5b48f2e7e15b77d9f56043deb01fae67bd53a5ab.jpg',	0,	'Test!!!',	0),
(331,	'Sample',	1,	'2018-03-08 20:06:34',	'2018-03-08 20:06:34',	'jmwp7f04im',	'jmwp7f04im',	2,	'https://embed-ssl.wistia.com/deliveries/37324127ee4db9a53d260d23a7c3d5b192fccd04.jpg',	0,	' bfdbfsb',	0),
(332,	'sdfsdfsdf',	1,	'2018-03-13 10:07:30',	'2018-03-13 10:07:30',	'tb88t7a4ba',	'tb88t7a4ba',	34,	'https://embed-ssl.wistia.com/deliveries/fe4a43ee32568e15c4455c9c90211a2086e08d10.jpg',	0,	'sdfsdfsdfsdsdfsdf',	0),
(339,	'dfsdfsdfsd',	1,	'2018-03-20 08:46:55',	'2018-03-20 08:46:55',	'g3fz1ttkwu',	'g3fz1ttkwu',	34,	'https://embed-ssl.wistia.com/deliveries/67e1ae89b1f80a2ecdf02105d6355ebc9a8bc792.jpg',	0,	'fsdfsdfs',	0),
(340,	'3/20/2018',	1,	'2018-03-20 08:51:54',	'2018-03-20 08:51:54',	'2vg1axrdka',	'2vg1axrdka',	59,	'https://embed-ssl.wistia.com/deliveries/e3e645243532791e2b117f18a1305f715e28b214.jpg',	0,	'Video test',	0),
(341,	'Test 03/20',	1,	'2018-03-20 10:39:09',	'2018-03-20 10:39:09',	'l072lbuk6k',	'l072lbuk6k',	5,	'https://embed-ssl.wistia.com/deliveries/d972e8aa095c87e42ba1dce1e710b11cc84f9d85.jpg',	0,	'Test',	0),
(342,	'Venice 3/20/2018',	1,	'2018-03-20 12:03:17',	'2018-03-20 12:03:17',	'uwxwxrt2wk',	'uwxwxrt2wk',	9,	'https://embed-ssl.wistia.com/deliveries/96b8d419769f955187741d20abade89b74b61a44.jpg',	0,	'descr.',	0),
(343,	'3/20/2018 Annotations test',	1,	'2018-03-20 12:04:18',	'2018-03-20 12:08:01',	'sz6pip6v3m',	'sz6pip6v3m',	9,	'https://embed-ssl.wistia.com/deliveries/4cba273c7ce0a99f873893362676ce84bb3c8d41.jpg',	0,	'ayyyy',	0),
(344,	'Test 03/20 - 2',	1,	'2018-03-20 13:46:14',	'2018-03-20 13:46:14',	'0qq26bsq1w',	'0qq26bsq1w',	5,	'https://embed-ssl.wistia.com/deliveries/a8247c4ec035039f703c4a7eb1f36eb9809f4d2a.jpg',	0,	'Testy test',	0),
(345,	'MT Upload 03/22/2018',	155,	'2018-03-22 10:07:07',	'2018-03-22 10:07:07',	'nxtqs5zkbl',	'nxtqs5zkbl',	5,	'https://embed-ssl.wistia.com/deliveries/8b1cc82a3fb7f7bb0117588e508edf31327232cf.jpg',	0,	'Testing if a Master Teacher can upload a video',	0),
(346,	'Test if MT can upload 2',	155,	'2018-03-22 10:09:03',	'2018-03-22 10:09:03',	'xzza4xlnnb',	'xzza4xlnnb',	5,	'https://embed-ssl.wistia.com/deliveries/6327d53dde1c171d21c56905c7c97a5ce8c7d150.jpg',	0,	'Test',	0),
(347,	'Test 3',	155,	'2018-03-22 10:10:23',	'2018-03-22 10:10:23',	'555gubsl1r',	'555gubsl1r',	5,	'https://embed-ssl.wistia.com/deliveries/33bd93c3792c111a7c482679775eafa0adfb7dfc.jpg',	0,	'Test',	0),
(348,	'dasdas',	155,	'2018-03-23 11:36:26',	'2018-03-23 11:36:26',	'66m730c8g3',	'66m730c8g3',	34,	'https://embed-ssl.wistia.com/deliveries/43e4ed8f42e81c85e5ed64a08f4a4230ac19ca73.jpg',	0,	'dsadasd',	0),
(349,	'fdsfsd',	154,	'2018-03-23 11:46:17',	'2018-03-23 11:46:17',	'donwlpiuwo',	'donwlpiuwo',	34,	'https://embed-ssl.wistia.com/deliveries/1436818c3e5099630a0a72aee86c257800676cde.jpg',	0,	'fsdfsdf',	0),
(350,	'Test 03/26',	1,	'2018-03-26 10:56:27',	'2018-03-26 10:56:27',	'jts4b23uu2',	'jts4b23uu2',	5,	'https://embed-ssl.wistia.com/deliveries/22bd24b8fa9ab244b8cd50febe22210e5fd442f0.jpg',	0,	'test',	0),
(351,	'Test play/pause button fix 03/26',	1,	'2018-03-26 11:01:14',	'2018-03-26 11:01:14',	'3c9k5eak4z',	'3c9k5eak4z',	5,	'https://embed-ssl.wistia.com/deliveries/de48f761ce6e12d7ffd33f3ce0ec3e321216a44a.jpg',	0,	'Test test',	0),
(352,	'asaSa',	1,	'2018-03-27 11:29:54',	'2018-03-27 11:29:54',	'jz3ndk59pz',	'jz3ndk59pz',	110,	'https://embed-ssl.wistia.com/deliveries/3d4dd31b7403fa138fd40d9693cdb05ff3ac4bdc.jpg',	0,	'ASasA',	0),
(353,	'milena',	1,	'2018-03-27 12:12:31',	'2018-03-27 12:18:19',	'myryjig959',	'myryjig959',	110,	'https://embed-ssl.wistia.com/deliveries/d27bd14b09040b34b902080899b3f12195a71f49.jpg',	1,	'dsdsa',	0),
(354,	'milena',	1,	'2018-03-27 12:19:10',	'2018-03-27 12:19:10',	'3t4e7q7erp',	'3t4e7q7erp',	110,	'https://embed-ssl.wistia.com/deliveries/b001d376f12b8012627f36ae41c2e13c191af07a.jpg',	0,	'fdsfsd',	0),
(355,	'milena 2',	1,	'2018-03-27 12:27:56',	'2018-03-27 12:27:56',	'gt8fktbuqn',	'gt8fktbuqn',	110,	'https://embed-ssl.wistia.com/deliveries/bd9a76ebe411b4f08069a233525e71a8f7b6b454.jpg',	0,	'dfsdfs',	0),
(356,	'Milena 3',	1,	'2018-03-27 12:43:26',	'2018-03-27 12:43:26',	'bx41gdf1y1',	'bx41gdf1y1',	110,	'https://embed-ssl.wistia.com/deliveries/66af710086023eacf0b10b8aa4018d640d3cffd1.jpg',	0,	'czxczx',	0),
(357,	'Milena 4',	1,	'2018-03-27 12:45:06',	'2018-03-27 12:45:06',	'aatii2uwg5',	'aatii2uwg5',	110,	'https://embed-ssl.wistia.com/deliveries/c097313fc4d20fc47b86f973b2a5361408700e4a.jpg',	0,	'sdasdas',	0),
(358,	'Ohheyyy',	155,	'2018-04-09 09:14:20',	'2018-04-09 09:14:20',	'mfxrpn5o6i',	'mfxrpn5o6i',	2,	'https://embed-ssl.wistia.com/deliveries/7a07643d3877dc0bfe03f17bec9af747eac1883c.jpg',	0,	'Yasss',	0),
(359,	'Allie',	155,	'2018-04-10 07:30:30',	'2018-04-10 07:30:30',	'jn3j1mr96z',	'jn3j1mr96z',	5,	'https://embed-ssl.wistia.com/deliveries/42e37121237fce8c36a8b2c700785bc798ffa618.jpg',	0,	'The cuteness is real',	0),
(360,	'Allie 2',	155,	'2018-04-10 09:59:16',	'2018-04-10 09:59:16',	'jnh1kv8mn1',	'jnh1kv8mn1',	4,	'https://embed-ssl.wistia.com/deliveries/1f73491af8749622fec76a5e210ce2248690677d.jpg',	0,	'Gshsnndnd d she e d she enwjsis end d e e end e sjsns s did s sksnd sjsjs d skdbejs djeosbs s skensbd disks d she bsjsjshsjhssb',	0),
(361,	'Gator',	154,	'2018-04-10 09:59:59',	'2018-04-10 10:10:06',	'b4u0dzzxdn',	'b4u0dzzxdn',	14,	'https://embed-ssl.wistia.com/deliveries/ec9bca9357ac6e6380bb0f4aaaec6a7b316c3a96.jpg',	0,	'? Hello hello hello hello hello yellow hello hello hello ? Hello hello hello hello hello yellow hello hello hello ? Hello hello hello hello hello yellow hello hello hello ? Hello hello hello hello hello yellow hello hello hello ? Hello hello hello hello hello yellow hello hello hello ? Hello hello hello hello hello yellow hello hello hello ? Hello hello hello hello hello yellow hello hello hello',	0);

DROP TABLE IF EXISTS `esi_video_categories`;
CREATE TABLE `esi_video_categories` (
  `id` int(10) unsigned NOT NULL AUTO_INCREMENT,
  `created_at` timestamp NULL DEFAULT NULL,
  `updated_at` timestamp NULL DEFAULT NULL,
  `name` varchar(255) COLLATE utf8_unicode_ci NOT NULL,
  PRIMARY KEY (`id`)
) ENGINE=InnoDB DEFAULT CHARSET=utf8 COLLATE=utf8_unicode_ci;

INSERT INTO `esi_video_categories` (`id`, `created_at`, `updated_at`, `name`) VALUES
(1,	'2017-06-30 19:58:33',	'2017-06-30 19:58:33',	'new cat'),
(2,	'2017-07-11 15:49:43',	'2017-07-11 15:49:43',	'An even newer cat'),
(3,	'2017-07-11 15:51:11',	'2017-07-11 15:51:11',	'The newest category');

DROP TABLE IF EXISTS `esi_video_columns`;
CREATE TABLE `esi_video_columns` (
  `id` int(10) unsigned NOT NULL AUTO_INCREMENT,
  `video_id` int(11) NOT NULL,
  `author_id` int(11) NOT NULL,
  `name` varchar(255) COLLATE utf8_unicode_ci NOT NULL,
  `color` varchar(255) COLLATE utf8_unicode_ci NOT NULL,
  `created_at` timestamp NULL DEFAULT NULL,
  `updated_at` timestamp NULL DEFAULT NULL,
  PRIMARY KEY (`id`)
) ENGINE=InnoDB DEFAULT CHARSET=utf8 COLLATE=utf8_unicode_ci;

INSERT INTO `esi_video_columns` (`id`, `video_id`, `author_id`, `name`, `color`, `created_at`, `updated_at`) VALUES
(17,	45,	1,	'fddfg',	'Yellow',	'2017-07-14 01:33:01',	'2017-08-21 18:18:48'),
(18,	45,	1,	'hiii',	'Green',	'2017-07-14 01:39:37',	'2017-08-24 15:07:47'),
(19,	46,	1,	'hj',	'Blue',	'2017-07-14 07:51:54',	'2017-07-14 07:51:54'),
(21,	47,	1,	'Column 1',	'Blue',	'2017-07-18 16:42:25',	'2017-07-18 16:42:25'),
(22,	47,	1,	'Yello',	'Sky Blue',	'2017-07-19 04:32:09',	'2017-07-19 04:32:09'),
(23,	57,	1,	'Col A',	'Blue',	'2017-08-30 20:56:50',	'2017-08-30 20:56:50'),
(24,	57,	1,	'Test 1',	'Yellow',	'2017-08-31 17:14:56',	'2017-08-31 17:14:56'),
(25,	11,	1,	'demo',	'Green',	'2017-09-01 16:46:15',	'2017-09-01 16:46:15'),
(27,	65,	1,	'Hello There',	'Blue',	'2017-09-20 18:07:38',	'2017-09-20 18:12:00'),
(30,	62,	1,	'Column 1',	'Blue',	'2017-09-20 20:52:45',	'2017-09-20 20:52:45'),
(31,	67,	1,	'Column 1',	'Blue',	'2017-09-25 19:28:49',	'2017-09-25 19:28:49'),
(32,	68,	1,	'Birds ',	'Blue',	'2017-09-26 11:42:23',	'2017-09-26 11:42:23'),
(33,	68,	1,	'Land ',	'Blue',	'2017-09-26 11:42:46',	'2017-09-26 11:42:46'),
(34,	68,	1,	'Ocean',	'Blue',	'2017-09-26 11:42:59',	'2017-09-26 11:42:59'),
(36,	74,	1,	'Column 1 Edit',	'Blue',	'2017-10-03 09:12:13',	'2017-10-03 09:13:56'),
(37,	83,	150,	'Col 1',	'Blue',	'2017-10-04 14:59:53',	'2017-10-04 14:59:53'),
(38,	86,	1,	'Hello',	'Sky Blue',	'2017-10-06 12:16:23',	'2017-10-06 12:16:23'),
(41,	90,	1,	'Column 1 ',	'Green',	'2017-10-09 12:03:12',	'2017-10-09 12:03:12'),
(43,	88,	1,	'Column 1 ',	'Blue',	'2017-10-09 12:45:38',	'2017-10-09 12:45:38'),
(44,	88,	1,	'Column 2',	'Blue',	'2017-10-09 12:46:56',	'2017-10-09 12:46:56'),
(45,	92,	1,	'Column 1 ',	'Blue',	'2017-10-10 10:55:39',	'2017-10-10 10:55:39'),
(46,	87,	1,	'Test Column!',	'Blue',	'2017-10-10 11:38:03',	'2017-10-10 11:38:03'),
(47,	92,	1,	'Column 2',	'Green',	'2017-10-16 12:00:25',	'2017-10-16 12:00:25'),
(48,	94,	1,	'Column 1 Animals ',	'Yellow',	'2017-10-16 12:43:11',	'2017-10-16 12:48:25'),
(53,	98,	1,	'column 1',	'Blue',	'2017-10-24 12:23:03',	'2017-10-24 12:23:03'),
(54,	100,	1,	'One',	'Blue',	'2017-10-25 18:16:47',	'2017-10-25 18:17:04'),
(55,	100,	1,	'dos',	'Yellow',	'2017-10-25 18:17:30',	'2017-10-25 18:17:30'),
(56,	105,	1,	'one ',	'Green',	'2017-11-01 06:58:59',	'2017-11-01 06:58:59'),
(57,	106,	1,	'one ',	'Blue',	'2017-11-01 08:28:42',	'2017-11-01 08:28:42'),
(58,	106,	1,	'two',	'Blue',	'2017-11-01 08:29:01',	'2017-11-01 08:29:01'),
(64,	108,	1,	'one',	'Blue',	'2017-11-02 12:38:09',	'2017-11-02 12:38:09'),
(65,	111,	1,	'one',	'Blue',	'2017-11-02 14:41:59',	'2017-11-02 14:41:59'),
(66,	113,	154,	'column 1',	'Green',	'2017-11-03 07:45:03',	'2017-11-03 07:45:03'),
(68,	126,	155,	'Column Green',	'Green',	'2017-11-03 10:15:30',	'2017-11-03 10:15:30'),
(69,	131,	155,	'Column Blue',	'Blue',	'2017-11-03 10:24:58',	'2017-11-03 10:24:58'),
(70,	134,	154,	'column 1',	'Blue',	'2017-11-06 09:21:16',	'2017-11-06 09:21:16'),
(71,	139,	1,	'column 1',	'Green',	'2017-11-06 10:49:17',	'2017-11-06 10:49:17'),
(73,	141,	1,	'hello',	'Blue',	'2017-11-06 11:26:58',	'2017-11-06 11:26:58'),
(74,	146,	1,	'hello',	'Blue',	'2017-11-09 11:19:25',	'2017-11-09 11:19:25'),
(75,	152,	1,	'',	'Blue',	'2017-11-09 13:25:23',	'2017-11-09 13:25:23'),
(76,	116,	154,	'column 1',	'Blue',	'2017-11-10 09:43:22',	'2017-11-10 09:43:22'),
(77,	159,	1,	'Column 1',	'#666666',	'2017-11-13 07:24:16',	'2017-11-16 09:01:57'),
(78,	160,	1,	'Column 1',	'Green',	'2017-11-14 07:04:34',	'2017-11-14 07:04:34'),
(79,	171,	154,	'test',	'#00fdff',	'2017-11-14 13:02:13',	'2017-11-14 15:49:12'),
(81,	171,	1,	'Untitled!!!!!!!!',	'#ff9300',	'2017-11-14 14:44:38',	'2017-11-14 15:46:20'),
(82,	171,	1,	'new column!!!!!!',	'#ff40ff',	'2017-11-14 15:36:25',	'2017-11-14 15:49:02'),
(84,	172,	1,	'Column 1',	'#ff00ff',	'2017-11-15 13:02:52',	'2017-11-15 13:02:52'),
(85,	172,	1,	'Column 2',	'#00ffff',	'2017-11-15 13:09:08',	'2017-11-15 13:09:08'),
(86,	172,	1,	'Column 3',	'#0000ff',	'2017-11-15 13:14:34',	'2017-11-15 13:14:34'),
(87,	139,	1,	'Pink Column',	'#ff3399',	'2017-11-15 13:28:39',	'2017-11-15 13:28:39'),
(88,	143,	1,	'Column 1',	'#9966ff',	'2017-11-15 13:39:26',	'2017-11-15 13:39:26'),
(89,	171,	1,	'Untitled',	'#942192',	'2017-11-15 14:56:07',	'2017-11-15 14:56:07'),
(90,	171,	1,	'Untitled',	'#aa7942',	'2017-11-15 14:56:46',	'2017-11-15 14:56:46'),
(91,	171,	1,	'Untitled',	'#0000ff',	'2017-11-15 14:57:04',	'2017-11-15 14:57:04'),
(92,	171,	1,	'Untitled',	'#5dce2d',	'2017-11-15 15:08:48',	'2017-11-15 15:08:48'),
(93,	174,	1,	'brand new colum with auto-annotation',	'#22ffdc',	'2017-11-15 15:42:31',	'2017-11-15 15:42:31'),
(94,	176,	1,	'Untitled',	'#ff0033',	'2017-11-16 08:44:30',	'2017-11-16 09:00:48'),
(95,	175,	1,	'Wind',	'#800080',	'2017-11-16 08:44:33',	'2017-11-16 08:59:56'),
(96,	175,	1,	'Untitled',	'#48ff52',	'2017-11-16 10:32:24',	'2017-11-16 10:32:24'),
(97,	172,	1,	'erqewfrqwe',	'#42ffe0',	'2017-11-16 13:30:21',	'2017-11-16 13:30:21'),
(99,	178,	1,	'Name!',	'#00fdff',	'2017-11-16 13:38:37',	'2017-11-17 09:50:48'),
(100,	183,	1,	'Column 1',	'#0000ff',	'2017-11-17 14:48:10',	'2017-11-17 14:48:10'),
(101,	183,	1,	'Boats',	'#800040',	'2017-11-20 07:20:58',	'2017-11-20 07:21:20'),
(103,	184,	1,	'Column 1',	'#00ff00',	'2017-11-20 08:28:22',	'2017-11-20 08:28:22'),
(104,	184,	1,	'Untitled',	'#ff8000',	'2017-11-20 08:30:01',	'2017-11-20 08:30:01'),
(105,	184,	1,	'',	'#0000ff',	'2017-11-20 09:40:41',	'2017-11-20 09:40:41'),
(106,	188,	1,	'Test Column',	'#e7c0ff',	'2017-11-20 09:44:14',	'2017-11-20 09:44:14'),
(107,	184,	1,	'',	'#ffffa4',	'2017-11-20 09:44:39',	'2017-11-20 09:44:39'),
(108,	196,	1,	'a new column',	'#0000ff',	'2017-11-20 14:41:44',	'2017-11-20 14:41:44'),
(109,	198,	155,	'Untitled',	'#800080',	'2017-11-21 11:25:00',	'2017-11-21 11:25:00'),
(110,	198,	155,	'Column 2',	'#0000ff',	'2017-11-21 11:32:19',	'2017-11-21 11:32:19'),
(112,	197,	1,	'Column A',	'#ff9300',	'2017-11-21 12:21:30',	'2017-11-21 12:21:30'),
(113,	200,	1,	'C1',	'#0000ff',	'2017-11-22 08:56:44',	'2017-11-22 08:56:44'),
(114,	199,	1,	'1',	'#0000ff',	'2017-11-22 11:26:23',	'2017-11-22 11:26:23'),
(115,	202,	1,	'test',	'#0000ff',	'2017-11-22 15:22:00',	'2017-11-22 15:22:00'),
(116,	204,	1,	'hi',	'#0000ff',	'2017-11-27 12:51:48',	'2017-11-27 12:51:48'),
(118,	207,	1,	'Column test 11/28/2017',	'#ffd661',	'2017-11-28 10:28:48',	'2017-11-28 10:28:48'),
(119,	207,	1,	'Column test 2 11/28/2017',	'#ff528a',	'2017-11-28 10:31:40',	'2017-11-28 10:31:40'),
(120,	213,	1,	'',	'#0000ff',	'2017-11-28 15:41:13',	'2017-11-28 15:41:13'),
(121,	213,	1,	'',	'#0000ff',	'2017-11-28 15:42:17',	'2017-11-28 15:42:17'),
(122,	213,	1,	'test',	'#0000ff',	'2017-11-28 15:42:47',	'2017-11-28 15:42:47'),
(123,	217,	1,	'Untitled',	'#0000ff',	'2017-12-04 12:35:56',	'2017-12-04 12:35:56'),
(124,	217,	1,	'Untitled',	'#800080',	'2017-12-04 12:36:36',	'2017-12-04 12:36:36'),
(125,	218,	1,	'Column 1',	'#800080',	'2017-12-08 11:33:01',	'2017-12-08 11:33:01'),
(126,	220,	1,	'Column 1',	'#800080',	'2017-12-08 11:55:52',	'2017-12-08 11:55:52'),
(128,	221,	1,	'Test',	'#ff40ff',	'2017-12-11 14:32:24',	'2017-12-11 14:32:24'),
(129,	223,	1,	'Column 1000000',	'#3fc0c0',	'2017-12-12 13:26:32',	'2017-12-12 13:44:40'),
(130,	224,	1,	'test',	'#ff2600',	'2017-12-12 16:05:50',	'2017-12-12 16:06:01'),
(131,	226,	1,	'Test',	'#ff5b5e',	'2017-12-12 19:04:27',	'2017-12-12 19:04:27'),
(133,	227,	1,	'Peer Support',	'#ff0000',	'2017-12-12 22:07:59',	'2017-12-12 22:10:01'),
(134,	227,	1,	'Master Teacher Observations',	'#996633',	'2017-12-12 22:28:21',	'2017-12-12 22:28:21'),
(135,	229,	1,	'C1',	'#f40bd1',	'2017-12-13 11:10:32',	'2017-12-13 11:10:32'),
(136,	232,	1,	'test column',	'#9437ff',	'2017-12-14 11:10:25',	'2017-12-14 11:10:25'),
(137,	232,	1,	'dos',	'#0000ff',	'2017-12-18 11:35:57',	'2017-12-18 11:35:57'),
(138,	234,	1,	'Test Column 1',	'#e3a3ff',	'2017-12-19 15:04:02',	'2017-12-19 15:04:02'),
(139,	235,	1,	'1',	'#da2569',	'2017-12-20 11:18:51',	'2017-12-20 11:18:51'),
(140,	236,	1,	'C1',	'#46c837',	'2017-12-20 13:00:34',	'2017-12-20 13:00:34'),
(145,	239,	1,	'paper',	'#0000ff',	'2017-12-20 13:58:53',	'2017-12-20 13:58:53'),
(146,	239,	1,	'dfadfsa',	'#0000ff',	'2017-12-20 13:59:30',	'2017-12-20 13:59:30'),
(147,	239,	1,	'hello',	'#ffb883',	'2017-12-20 13:59:47',	'2017-12-20 13:59:47'),
(148,	239,	1,	'another one',	'#ff4f36',	'2017-12-20 14:00:01',	'2017-12-20 14:00:01'),
(149,	239,	1,	'another one',	'#a0ff74',	'2017-12-20 14:00:15',	'2017-12-20 14:00:15'),
(150,	238,	1,	'Untitled',	'#0000ff',	'2017-12-20 15:41:27',	'2017-12-20 15:41:27'),
(152,	242,	1,	'Column Name 12/21/2017 2',	'#ff2418',	'2017-12-21 08:36:45',	'2017-12-21 08:36:45'),
(153,	236,	1,	'Untitled',	'#0000ff',	'2017-12-21 11:08:11',	'2017-12-21 11:08:11'),
(154,	243,	1,	'Column 1',	'#ff8da7',	'2017-12-27 07:57:00',	'2017-12-27 07:57:00'),
(155,	243,	1,	'Column 2',	'#ffb771',	'2017-12-27 07:57:39',	'2017-12-27 07:57:39'),
(156,	227,	1,	'Untitled',	'#0000ff',	'2017-12-28 14:16:56',	'2017-12-28 14:16:56'),
(157,	242,	1,	'Untitled',	'#ff4654',	'2017-12-28 14:18:39',	'2017-12-28 14:18:39'),
(158,	242,	1,	'Sample',	'#deff00',	'2017-12-28 14:19:56',	'2017-12-28 14:19:56'),
(159,	242,	1,	'Untitled',	'#0000ff',	'2017-12-28 14:20:34',	'2017-12-28 14:20:34'),
(160,	241,	1,	'dark blue',	'#0000ff',	'2018-01-02 10:15:03',	'2018-01-02 10:16:18'),
(161,	241,	1,	'Untitled',	'#26b0d9',	'2018-01-02 10:15:29',	'2018-01-02 10:15:29'),
(162,	241,	1,	'yes',	'#18e7e1',	'2018-01-02 10:16:00',	'2018-01-02 10:16:00'),
(163,	243,	1,	'Untitled',	'#0000ff',	'2018-01-03 15:18:52',	'2018-01-03 15:18:52'),
(164,	243,	1,	'Untitled',	'#8efa00',	'2018-01-03 15:19:39',	'2018-01-03 15:19:39'),
(165,	243,	1,	'Untitled',	'#fffb00',	'2018-01-03 15:25:19',	'2018-01-03 15:25:19'),
(167,	250,	1,	'Column 2',	'#ff80c0',	'2018-01-04 14:11:54',	'2018-01-04 14:11:54'),
(171,	253,	1,	'dsd',	'#0000ff',	'2018-01-10 15:13:39',	'2018-01-10 15:13:39'),
(172,	253,	1,	'dsdsd',	'#0000ff',	'2018-01-10 15:13:46',	'2018-01-10 15:13:46'),
(173,	253,	1,	'dsdsd',	'#0000ff',	'2018-01-10 15:13:53',	'2018-01-10 15:13:53'),
(174,	253,	1,	'dsdsd',	'#0000ff',	'2018-01-10 15:14:02',	'2018-01-10 15:14:02'),
(187,	254,	1,	'Column 6',	'#ba76ff',	'2018-01-18 08:20:16',	'2018-01-18 08:20:16'),
(188,	254,	1,	'Column 7',	'#5effee',	'2018-01-18 08:20:30',	'2018-01-18 08:20:30'),
(189,	254,	1,	'Column 8',	'#2ec0ff',	'2018-01-18 08:20:41',	'2018-01-18 08:20:41'),
(190,	259,	1,	'Column A',	'#0000ff',	'2018-01-19 11:56:38',	'2018-01-19 11:56:38'),
(191,	261,	1,	'Column 1',	'#ff80c0',	'2018-01-19 15:23:04',	'2018-01-19 15:23:04'),
(195,	264,	1,	'col 1',	'#0000ff',	'2018-01-24 12:16:31',	'2018-01-24 12:16:31'),
(198,	266,	1,	'Column testing edit 2',	'#630aff',	'2018-01-24 16:00:13',	'2018-01-24 16:01:44'),
(199,	266,	1,	'1',	'#21a5ff',	'2018-01-24 16:02:13',	'2018-01-24 16:02:13'),
(200,	266,	1,	'2',	'#36ff7c',	'2018-01-24 16:02:34',	'2018-01-24 16:02:34'),
(201,	266,	1,	'3',	'#ff98c3',	'2018-01-24 16:02:57',	'2018-01-24 16:02:57'),
(202,	266,	1,	'2.5',	'#ffcc3d',	'2018-01-24 16:03:16',	'2018-01-24 16:03:16'),
(203,	266,	1,	'A',	'#d8aaff',	'2018-01-24 16:03:33',	'2018-01-24 16:03:33'),
(204,	266,	1,	'B',	'#ff3218',	'2018-01-24 16:03:45',	'2018-01-24 16:03:45'),
(205,	266,	1,	'D',	'#0000ff',	'2018-01-24 16:03:55',	'2018-01-24 16:03:55'),
(206,	270,	1,	'Fun times',	'#ff4443',	'2018-01-25 09:11:42',	'2018-01-25 09:11:42'),
(207,	271,	1,	'Hhjh',	'#0000FF',	'2018-01-25 10:02:20',	'2018-01-25 10:02:20'),
(208,	265,	1,	'col 1',	'#0000ff',	'2018-01-25 10:53:56',	'2018-01-25 10:53:56'),
(209,	279,	1,	'c1',	'#0000ff',	'2018-01-25 12:09:41',	'2018-01-25 12:09:41'),
(210,	279,	1,	'a1',	'#0000ff',	'2018-01-25 12:09:50',	'2018-01-25 12:09:50'),
(211,	279,	1,	'1',	'#0000ff',	'2018-01-25 12:11:02',	'2018-01-25 12:11:02'),
(212,	280,	1,	'fsdfsdf',	'#0000ff',	'2018-01-25 14:46:14',	'2018-01-25 14:46:14'),
(213,	281,	1,	'sdsd',	'#00ff40',	'2018-01-30 10:34:15',	'2018-01-30 10:34:15'),
(214,	281,	1,	'SLEEEP',	'#c430cf',	'2018-01-31 08:02:37',	'2018-01-31 08:02:37'),
(215,	283,	1,	'Column 1',	'#ff6481',	'2018-01-31 11:29:04',	'2018-01-31 11:29:04'),
(216,	284,	1,	'Column 1',	'#1410ff',	'2018-01-31 12:14:31',	'2018-01-31 12:14:31'),
(217,	284,	1,	'Column 2',	'#ff1c07',	'2018-01-31 12:14:44',	'2018-01-31 12:14:44'),
(218,	284,	1,	'Column 3',	'#ff8c23',	'2018-01-31 12:14:56',	'2018-01-31 12:14:56'),
(219,	284,	1,	'Column 4',	'#1ee3ff',	'2018-01-31 12:15:07',	'2018-01-31 12:15:07'),
(220,	284,	1,	'Column 2.5',	'#c0a4ff',	'2018-01-31 12:15:21',	'2018-01-31 12:15:21'),
(221,	284,	1,	'a',	'#27b8ff',	'2018-01-31 12:15:32',	'2018-01-31 12:15:32'),
(222,	284,	1,	'B',	'#ffc2c1',	'2018-01-31 12:15:46',	'2018-01-31 12:15:46'),
(223,	284,	1,	'Column 100',	'#00ffff',	'2018-01-31 12:16:16',	'2018-01-31 12:16:16'),
(224,	281,	1,	'=)',	'#0000FF',	'2018-02-01 07:57:44',	'2018-02-01 07:57:44'),
(225,	281,	1,	'm',	'#0000FF',	'2018-02-01 07:58:19',	'2018-02-01 07:58:19'),
(226,	283,	1,	'column 2',	'brown',	'2018-02-01 08:06:29',	'2018-02-01 08:06:29'),
(228,	259,	159,	'Team 1',	'#00f900',	'2018-02-01 08:56:17',	'2018-02-01 08:56:17'),
(229,	259,	159,	'Team 2',	'#ffe100',	'2018-02-01 08:57:33',	'2018-02-01 08:57:33'),
(231,	294,	1,	'asdadsa',	'#0000ff',	'2018-02-01 13:35:37',	'2018-02-01 13:35:37'),
(232,	293,	159,	'fedlao',	'#00ffff',	'2018-02-01 14:13:29',	'2018-02-01 15:25:02'),
(233,	293,	159,	'aeio',	'#a25e7d',	'2018-02-01 14:14:04',	'2018-02-01 14:14:04'),
(234,	293,	159,	'ddd',	'#0000ff',	'2018-02-01 14:23:37',	'2018-02-01 14:23:37'),
(235,	293,	159,	'dakfbnaksf',	'',	'2018-02-01 14:23:46',	'2018-02-01 15:18:08'),
(236,	130,	159,	'ljhopu',	'#0000ff',	'2018-02-01 14:39:05',	'2018-02-01 14:39:05'),
(239,	308,	159,	'hsxujhd',	'#0000ff',	'2018-02-02 09:06:21',	'2018-02-02 09:06:21'),
(240,	254,	159,	'hi',	'#0FF',	'2018-02-02 09:15:05',	'2018-02-02 09:15:05'),
(241,	309,	159,	'jihio',	'#0000ff',	'2018-02-02 09:20:11',	'2018-02-02 09:20:11'),
(242,	310,	159,	'nnnnnnnnnnnnnnnnnnnnnnnnnnnnnnnnnnnnnnnnnnnnnnnnnnnnnnnnnnnnnnnnnnnnnnnnnnnnnnnnnnnnnnnnnnnnnnnnnnnnnnnnnnnnnnnnnnnnnnnnnnnnnnnnnnnnnnnnnnnnnnnnnnnnnnnnnnnnnnnnnnnnnnnnnnnnnnnnnnnnnnnnnnnnnnnnnnnnnnnnnnnnnnnnnnnnnnnnnnnnnnnnnnnnnnnnnnnnnnnnnnnnnnnnnnnnnnn',	'#8080c0',	'2018-02-02 09:36:07',	'2018-02-02 09:36:07'),
(243,	309,	159,	'hsvbdh',	'#0000ff',	'2018-02-02 09:46:23',	'2018-02-02 09:46:23'),
(244,	299,	1,	'edrh',	'#0000ff',	'2018-02-02 09:48:40',	'2018-02-02 09:48:40'),
(245,	310,	159,	'',	'#6b56a9',	'2018-02-02 14:33:26',	'2018-02-02 14:35:10'),
(246,	323,	1,	'',	'#ff513a',	'2018-02-05 14:10:48',	'2018-02-05 14:11:08'),
(247,	323,	1,	'',	'#0000ff',	'2018-02-26 13:10:29',	'2018-02-26 13:10:37'),
(249,	328,	155,	'',	'#ff40ff',	'2018-03-01 16:44:56',	'2018-03-01 16:46:42'),
(250,	315,	159,	'',	'#0432ff',	'2018-03-02 12:55:39',	'2018-03-02 12:55:50'),
(251,	329,	1,	'Column A FIXED',	'#0000ff',	'2018-03-05 10:04:47',	'2018-03-05 10:28:41'),
(252,	330,	155,	'Column A',	'#0000ff',	'2018-03-05 11:13:08',	'2018-03-05 11:13:08'),
(253,	331,	1,	'Observations',	'#ff1b00',	'2018-03-08 20:08:01',	'2018-03-08 20:08:01'),
(254,	333,	1,	'Santi 1',	'#46b994',	'2018-03-19 10:59:07',	'2018-03-19 10:59:07'),
(255,	334,	1,	'Children in classroom',	'#0000ff',	'2018-03-19 11:42:21',	'2018-03-19 11:42:21'),
(257,	341,	1,	'Column A',	'#005493',	'2018-03-20 12:43:20',	'2018-03-20 12:43:20'),
(258,	343,	1,	'Column 1',	'#0000ff',	'2018-03-20 13:42:20',	'2018-03-20 13:42:20'),
(259,	342,	1,	'Test Column',	'#0000ff',	'2018-03-20 13:47:48',	'2018-03-20 13:47:48'),
(260,	344,	1,	'fsdfsdf',	'#0000ff',	'2018-03-20 14:09:45',	'2018-03-20 14:09:45'),
(261,	347,	155,	'Test',	'#0000ff',	'2018-03-22 10:14:38',	'2018-03-22 10:14:38'),
(262,	348,	155,	'sdsdasd',	'#0000ff',	'2018-03-23 11:54:50',	'2018-03-23 11:54:50'),
(263,	351,	1,	'COL A',	'#0000ff',	'2018-03-26 12:32:15',	'2018-03-26 12:32:15'),
(264,	24,	79,	'fdsfsdf',	'#0000ff',	'2018-03-26 16:23:21',	'2018-03-26 16:23:21'),
(265,	357,	1,	'supercalifragilisticexpialidocious supercalifragilisticexpialidocious supercalifragilisticexpialidocious',	'#0000ff',	'2018-03-28 10:59:54',	'2018-03-28 10:59:54'),
(266,	360,	155,	'Doggos are the best',	'#ff00ff',	'2018-04-10 10:05:24',	'2018-04-10 10:05:24'),
(268,	360,	155,	'Doggos get all the snacks',	'#9eff9e',	'2018-04-10 10:10:31',	'2018-04-10 10:10:31'),
(269,	359,	155,	'Sad?',	'#0000ff',	'2018-04-11 10:29:30',	'2018-04-11 10:29:30');

DROP TABLE IF EXISTS `esi_video_column_objects`;
CREATE TABLE `esi_video_column_objects` (
  `id` int(10) unsigned NOT NULL AUTO_INCREMENT,
  `created_at` timestamp NULL DEFAULT NULL,
  `updated_at` timestamp NULL DEFAULT NULL,
  `video_column_id` int(11) NOT NULL,
  `object_id` varchar(255) COLLATE utf8_unicode_ci NOT NULL,
  `object_type` varchar(255) COLLATE utf8_unicode_ci NOT NULL,
  PRIMARY KEY (`id`)
) ENGINE=InnoDB DEFAULT CHARSET=utf8 COLLATE=utf8_unicode_ci;

INSERT INTO `esi_video_column_objects` (`id`, `created_at`, `updated_at`, `video_column_id`, `object_id`, `object_type`) VALUES
(20,	'2017-08-03 18:33:00',	'2017-08-03 18:33:00',	18,	'56',	'App\\Annotation'),
(21,	'2017-08-17 21:16:22',	'2017-08-17 21:16:22',	18,	'77',	'App\\Annotation'),
(22,	'2017-08-23 15:02:06',	'2017-08-23 15:02:06',	17,	'82',	'App\\Annotation'),
(23,	'2017-08-23 19:53:19',	'2017-08-23 19:53:19',	17,	'82',	'App\\Annotation'),
(24,	'2017-08-23 19:53:45',	'2017-08-23 19:53:45',	18,	'88',	'App\\Annotation'),
(25,	'2017-08-25 17:21:00',	'2017-08-25 17:21:00',	18,	'82',	'App\\Annotation'),
(26,	'2017-08-30 20:56:59',	'2017-08-30 20:56:59',	23,	'122',	'App\\Annotation'),
(27,	'2017-09-01 16:46:28',	'2017-09-01 16:46:28',	25,	'125',	'App\\Annotation'),
(28,	'2017-09-20 18:01:23',	'2017-09-20 18:01:23',	26,	'127',	'App\\Annotation'),
(29,	'2017-09-20 19:45:17',	'2017-09-20 19:45:17',	28,	'132',	'App\\Annotation'),
(30,	'2017-09-20 19:50:43',	'2017-09-20 19:50:43',	29,	'132',	'App\\Annotation'),
(31,	'2017-09-25 19:29:16',	'2017-09-25 19:29:16',	31,	'',	'App\\Annotation'),
(32,	'2017-09-25 19:48:36',	'2017-09-25 19:48:36',	30,	'132',	'App\\Annotation'),
(33,	'2017-09-26 11:45:08',	'2017-09-26 11:45:08',	33,	'',	'App\\Annotation'),
(34,	'2017-09-27 11:03:21',	'2017-09-27 11:03:21',	30,	'133',	'App\\Annotation'),
(35,	'2017-10-03 09:00:57',	'2017-10-03 09:00:57',	35,	'140',	'App\\Annotation'),
(36,	'2017-10-03 09:14:38',	'2017-10-03 09:14:38',	36,	'140',	'App\\Annotation'),
(37,	'2017-10-03 09:14:46',	'2017-10-03 09:14:46',	36,	'140',	'App\\Annotation'),
(38,	'2017-10-03 09:16:51',	'2017-10-03 09:16:51',	36,	'139',	'App\\Annotation'),
(39,	'2017-10-04 15:00:02',	'2017-10-04 15:00:02',	37,	'142',	'App\\Annotation'),
(40,	'2017-10-04 15:00:40',	'2017-10-04 15:00:40',	37,	'145',	'App\\Annotation'),
(41,	'2017-10-06 12:56:32',	'2017-10-06 12:56:32',	40,	'147',	'App\\Annotation'),
(42,	'2017-10-09 12:03:27',	'2017-10-09 12:03:27',	41,	'148',	'App\\Annotation'),
(43,	'2017-10-09 12:31:56',	'2017-10-09 12:31:56',	41,	'',	'App\\Annotation'),
(44,	'2017-10-09 12:34:49',	'2017-10-09 12:34:49',	42,	'',	'App\\Annotation'),
(45,	'2017-10-09 12:45:57',	'2017-10-09 12:45:57',	43,	'152',	'App\\Annotation'),
(46,	'2017-10-10 10:59:49',	'2017-10-10 10:59:49',	45,	'153',	'App\\Annotation'),
(47,	'2017-10-16 12:00:49',	'2017-10-16 12:00:49',	47,	'166',	'App\\Annotation'),
(48,	'2017-10-16 12:44:34',	'2017-10-16 12:44:34',	48,	'168',	'App\\Annotation'),
(49,	'2017-10-17 14:04:53',	'2017-10-17 14:04:53',	48,	'171',	'App\\Annotation'),
(50,	'2017-10-20 08:47:20',	'2017-10-20 08:47:20',	49,	'172',	'App\\Annotation'),
(51,	'2017-10-20 09:08:22',	'2017-10-20 09:08:22',	49,	'174',	'App\\Annotation'),
(52,	'2017-10-20 10:42:03',	'2017-10-20 10:42:03',	49,	'175',	'App\\Annotation'),
(53,	'2017-10-24 12:09:10',	'2017-10-24 12:09:10',	51,	'177',	'App\\Annotation'),
(54,	'2017-10-24 12:11:57',	'2017-10-24 12:11:57',	52,	'176',	'App\\Annotation'),
(55,	'2017-10-24 12:23:18',	'2017-10-24 12:23:18',	53,	'179',	'App\\Annotation'),
(56,	'2017-10-25 18:17:54',	'2017-10-25 18:17:54',	54,	'180',	'App\\Annotation'),
(57,	'2017-10-25 18:18:01',	'2017-10-25 18:18:01',	55,	'180',	'App\\Annotation'),
(58,	'2017-10-26 14:51:19',	'2017-10-26 14:51:19',	54,	'180',	'App\\Annotation'),
(59,	'2017-10-31 12:54:17',	'2017-10-31 12:54:17',	54,	'181',	'App\\Annotation'),
(60,	'2017-11-01 08:28:50',	'2017-11-01 08:28:50',	57,	'186',	'App\\Annotation'),
(61,	'2017-11-01 08:29:09',	'2017-11-01 08:29:09',	58,	'187',	'App\\Annotation'),
(62,	'2017-11-01 12:13:51',	'2017-11-01 12:13:51',	59,	'194',	'App\\Annotation'),
(63,	'2017-11-01 12:19:29',	'2017-11-01 12:19:29',	60,	'194',	'App\\Annotation'),
(64,	'2017-11-01 12:27:13',	'2017-11-01 12:27:13',	61,	'195',	'App\\Annotation'),
(65,	'2017-11-02 12:40:58',	'2017-11-02 12:40:58',	64,	'199',	'App\\Annotation'),
(66,	'2017-11-02 14:42:25',	'2017-11-02 14:42:25',	65,	'201',	'App\\Annotation'),
(67,	'2017-11-03 10:14:41',	'2017-11-03 10:14:41',	67,	'213',	'App\\Annotation'),
(68,	'2017-11-03 10:15:51',	'2017-11-03 10:15:51',	68,	'213',	'App\\Annotation'),
(69,	'2017-11-03 10:54:03',	'2017-11-03 10:54:03',	68,	'216',	'App\\Annotation'),
(70,	'2017-11-06 09:21:27',	'2017-11-06 09:21:27',	70,	'225',	'App\\Annotation'),
(71,	'2017-11-06 11:27:28',	'2017-11-06 11:27:28',	73,	'229',	'App\\Annotation'),
(72,	'2017-11-06 15:06:05',	'2017-11-06 15:06:05',	73,	'231',	'App\\Annotation'),
(73,	'2017-11-06 15:07:59',	'2017-11-06 15:07:59',	73,	'232',	'App\\Annotation'),
(74,	'2017-11-07 14:45:38',	'2017-11-07 14:45:38',	73,	'236',	'App\\Annotation'),
(75,	'2017-11-07 14:45:46',	'2017-11-07 14:45:46',	73,	'237',	'App\\Annotation'),
(76,	'2017-11-09 13:25:41',	'2017-11-09 13:25:41',	75,	'267',	'App\\Annotation'),
(77,	'2017-11-13 07:24:34',	'2017-11-13 07:24:34',	77,	'301',	'App\\Annotation'),
(78,	'2017-11-13 07:38:20',	'2017-11-13 07:38:20',	77,	'302',	'App\\Annotation'),
(79,	'2017-11-13 13:17:46',	'2017-11-13 13:17:46',	77,	'302',	'App\\Annotation'),
(80,	'2017-11-13 13:18:04',	'2017-11-13 13:18:04',	77,	'302',	'App\\Annotation'),
(81,	'2017-11-14 07:04:49',	'2017-11-14 07:04:49',	78,	'304',	'App\\Annotation'),
(82,	'2017-11-14 07:17:47',	'2017-11-14 07:17:47',	78,	'305',	'App\\Annotation'),
(83,	'2017-11-14 07:17:57',	'2017-11-14 07:17:57',	78,	'306',	'App\\Annotation'),
(84,	'2017-11-14 07:18:19',	'2017-11-14 07:18:19',	78,	'313',	'App\\Annotation'),
(85,	'2017-11-14 13:04:20',	'2017-11-14 13:04:20',	79,	'317',	'App\\Annotation'),
(86,	'2017-11-14 14:39:52',	'2017-11-14 14:39:52',	80,	'329',	'App\\Annotation'),
(87,	'2017-11-14 14:44:38',	'2017-11-14 14:44:38',	81,	'330',	'App\\Annotation'),
(88,	'2017-11-14 14:50:07',	'2017-11-14 14:50:07',	81,	'338',	'App\\Annotation'),
(89,	'2017-11-14 14:50:23',	'2017-11-14 14:50:23',	81,	'339',	'App\\Annotation'),
(90,	'2017-11-15 13:04:25',	'2017-11-15 13:04:25',	84,	'346',	'App\\Annotation'),
(91,	'2017-11-15 13:04:41',	'2017-11-15 13:04:41',	84,	'345',	'App\\Annotation'),
(92,	'2017-11-15 13:09:20',	'2017-11-15 13:09:20',	85,	'347',	'App\\Annotation'),
(93,	'2017-11-15 13:14:44',	'2017-11-15 13:14:44',	86,	'350',	'App\\Annotation'),
(94,	'2017-11-15 13:25:41',	'2017-11-15 13:25:41',	71,	'348',	'App\\Annotation'),
(95,	'2017-11-15 13:25:52',	'2017-11-15 13:25:52',	71,	'349',	'App\\Annotation'),
(96,	'2017-11-15 13:39:57',	'2017-11-15 13:39:57',	88,	'352',	'App\\Annotation'),
(97,	'2017-11-15 14:32:57',	'2017-11-15 14:32:57',	79,	'336',	'App\\Annotation'),
(98,	'2017-11-15 14:35:58',	'2017-11-15 14:35:58',	82,	'353',	'App\\Annotation'),
(99,	'2017-11-15 14:36:44',	'2017-11-15 14:36:44',	82,	'353',	'App\\Annotation'),
(100,	'2017-11-15 14:36:59',	'2017-11-15 14:36:59',	82,	'353',	'App\\Annotation'),
(101,	'2017-11-15 14:41:04',	'2017-11-15 14:41:04',	82,	'318',	'App\\Annotation'),
(102,	'2017-11-15 14:41:34',	'2017-11-15 14:41:34',	79,	'354',	'App\\Annotation'),
(103,	'2017-11-15 14:42:30',	'2017-11-15 14:42:30',	82,	'354',	'App\\Annotation'),
(104,	'2017-11-15 14:43:51',	'2017-11-15 14:43:51',	81,	'354',	'App\\Annotation'),
(105,	'2017-11-15 14:50:53',	'2017-11-15 14:50:53',	81,	'355',	'App\\Annotation'),
(106,	'2017-11-15 14:56:07',	'2017-11-15 14:56:07',	89,	'363',	'App\\Annotation'),
(107,	'2017-11-15 14:56:46',	'2017-11-15 14:56:46',	90,	'364',	'App\\Annotation'),
(108,	'2017-11-15 14:57:04',	'2017-11-15 14:57:04',	91,	'365',	'App\\Annotation'),
(109,	'2017-11-15 14:57:20',	'2017-11-15 14:57:20',	91,	'366',	'App\\Annotation'),
(110,	'2017-11-15 14:59:38',	'2017-11-15 14:59:38',	91,	'367',	'App\\Annotation'),
(111,	'2017-11-15 15:03:14',	'2017-11-15 15:03:14',	81,	'369',	'App\\Annotation'),
(112,	'2017-11-15 15:08:48',	'2017-11-15 15:08:48',	92,	'370',	'App\\Annotation'),
(113,	'2017-11-15 15:42:31',	'2017-11-15 15:42:31',	93,	'372',	'App\\Annotation'),
(114,	'2017-11-16 08:44:30',	'2017-11-16 08:44:30',	94,	'373',	'App\\Annotation'),
(115,	'2017-11-16 08:44:33',	'2017-11-16 08:44:33',	95,	'374',	'App\\Annotation'),
(116,	'2017-11-16 08:46:23',	'2017-11-16 08:46:23',	94,	'375',	'App\\Annotation'),
(117,	'2017-11-16 10:32:24',	'2017-11-16 10:32:24',	96,	'377',	'App\\Annotation'),
(118,	'2017-11-16 11:49:07',	'2017-11-16 11:49:07',	94,	'382',	'App\\Annotation'),
(119,	'2017-11-16 13:38:30',	'2017-11-16 13:38:30',	98,	'384',	'App\\Annotation'),
(120,	'2017-11-16 13:38:37',	'2017-11-16 13:38:37',	99,	'385',	'App\\Annotation'),
(121,	'2017-11-16 14:02:08',	'2017-11-16 14:02:08',	99,	'385',	'App\\Annotation'),
(122,	'2017-11-16 14:03:02',	'2017-11-16 14:03:02',	99,	'385',	'App\\Annotation'),
(123,	'2017-11-16 14:03:59',	'2017-11-16 14:03:59',	99,	'384',	'App\\Annotation'),
(124,	'2017-11-16 14:04:56',	'2017-11-16 14:04:56',	99,	'385',	'App\\Annotation'),
(125,	'2017-11-16 14:06:04',	'2017-11-16 14:06:04',	99,	'385',	'App\\Annotation'),
(126,	'2017-11-16 14:50:55',	'2017-11-16 14:50:55',	98,	'384',	'App\\Annotation'),
(127,	'2017-11-17 14:48:10',	'2017-11-17 14:48:10',	100,	'387',	'App\\Annotation'),
(128,	'2017-11-17 14:48:28',	'2017-11-17 14:48:28',	100,	'386',	'App\\Annotation'),
(129,	'2017-11-20 07:20:58',	'2017-11-20 07:20:58',	101,	'389',	'App\\Annotation'),
(130,	'2017-11-20 07:55:43',	'2017-11-20 07:55:43',	100,	'388',	'App\\Annotation'),
(131,	'2017-11-20 07:58:01',	'2017-11-20 07:58:01',	102,	'391',	'App\\Annotation'),
(132,	'2017-11-20 07:58:16',	'2017-11-20 07:58:16',	102,	'390',	'App\\Annotation'),
(133,	'2017-11-20 08:28:22',	'2017-11-20 08:28:22',	103,	'391',	'App\\Annotation'),
(134,	'2017-11-20 08:30:01',	'2017-11-20 08:30:01',	104,	'393',	'App\\Annotation'),
(135,	'2017-11-20 08:31:29',	'2017-11-20 08:31:29',	104,	'390',	'App\\Annotation'),
(136,	'2017-11-20 08:32:06',	'2017-11-20 08:32:06',	103,	'393',	'App\\Annotation'),
(137,	'2017-11-20 09:37:52',	'2017-11-20 09:37:52',	103,	'390',	'App\\Annotation'),
(138,	'2017-11-20 14:42:05',	'2017-11-20 14:42:05',	108,	'396',	'App\\Annotation'),
(139,	'2017-11-21 11:13:49',	'2017-11-21 11:13:49',	106,	'394',	'App\\Annotation'),
(140,	'2017-11-21 11:25:00',	'2017-11-21 11:25:00',	109,	'397',	'App\\Annotation'),
(141,	'2017-11-21 11:25:17',	'2017-11-21 11:25:17',	109,	'398',	'App\\Annotation'),
(142,	'2017-11-21 11:32:25',	'2017-11-21 11:32:25',	110,	'399',	'App\\Annotation'),
(143,	'2017-11-21 11:32:55',	'2017-11-21 11:32:55',	110,	'400',	'App\\Annotation'),
(144,	'2017-11-21 11:40:10',	'2017-11-21 11:40:10',	111,	'401',	'App\\Annotation'),
(145,	'2017-11-21 12:21:30',	'2017-11-21 12:21:30',	112,	'402',	'App\\Annotation'),
(146,	'2017-11-21 14:58:59',	'2017-11-21 14:58:59',	112,	'403',	'App\\Annotation'),
(147,	'2017-11-22 08:56:44',	'2017-11-22 08:56:44',	113,	'404',	'App\\Annotation'),
(148,	'2017-11-22 11:19:39',	'2017-11-22 11:19:39',	113,	'405',	'App\\Annotation'),
(149,	'2017-11-22 11:20:46',	'2017-11-22 11:20:46',	111,	'406',	'App\\Annotation'),
(150,	'2017-11-22 11:26:23',	'2017-11-22 11:26:23',	114,	'406',	'App\\Annotation'),
(151,	'2017-11-27 12:51:48',	'2017-11-27 12:51:48',	116,	'411',	'App\\Annotation'),
(152,	'2017-11-28 10:28:48',	'2017-11-28 10:28:48',	118,	'413',	'App\\Annotation'),
(153,	'2017-11-28 10:31:12',	'2017-11-28 10:31:12',	118,	'414',	'App\\Annotation'),
(154,	'2017-11-28 10:31:46',	'2017-11-28 10:31:46',	119,	'414',	'App\\Annotation'),
(155,	'2017-11-28 10:42:06',	'2017-11-28 10:42:06',	118,	'415',	'App\\Annotation'),
(156,	'2017-11-28 11:02:38',	'2017-11-28 11:02:38',	119,	'415',	'App\\Annotation'),
(157,	'2017-11-28 11:06:17',	'2017-11-28 11:06:17',	118,	'416',	'App\\Annotation'),
(158,	'2017-11-28 11:06:20',	'2017-11-28 11:06:20',	119,	'416',	'App\\Annotation'),
(159,	'2017-11-28 11:06:45',	'2017-11-28 11:06:45',	118,	'417',	'App\\Annotation'),
(160,	'2017-12-04 12:35:56',	'2017-12-04 12:35:56',	123,	'423',	'App\\Annotation'),
(161,	'2017-12-04 12:36:36',	'2017-12-04 12:36:36',	124,	'424',	'App\\Annotation'),
(162,	'2017-12-04 12:36:50',	'2017-12-04 12:36:50',	125,	'424',	'App\\Annotation'),
(163,	'2017-12-08 11:33:01',	'2017-12-08 11:33:01',	125,	'425',	'App\\Annotation'),
(164,	'2017-12-08 11:55:52',	'2017-12-08 11:55:52',	126,	'427',	'App\\Annotation'),
(165,	'2017-12-11 13:37:12',	'2017-12-11 13:37:12',	125,	'430',	'App\\Annotation'),
(167,	'2017-12-12 13:26:32',	'2017-12-12 13:26:32',	129,	'437',	'App\\Annotation'),
(168,	'2017-12-12 13:27:07',	'2017-12-12 13:27:07',	129,	'436',	'App\\Annotation'),
(169,	'2017-12-12 13:27:17',	'2017-12-12 13:27:17',	129,	'434',	'App\\Annotation'),
(170,	'2017-12-12 13:27:34',	'2017-12-12 13:27:34',	129,	'437',	'App\\Annotation'),
(171,	'2017-12-12 13:50:07',	'2017-12-12 13:50:07',	129,	'439',	'App\\Annotation'),
(172,	'2017-12-12 16:05:50',	'2017-12-12 16:05:50',	130,	'435',	'App\\Annotation'),
(173,	'2017-12-12 19:04:42',	'2017-12-12 19:04:42',	131,	'443',	'App\\Annotation'),
(174,	'2017-12-12 21:55:37',	'2017-12-12 21:55:37',	132,	'446',	'App\\Annotation'),
(175,	'2017-12-12 22:07:59',	'2017-12-12 22:07:59',	133,	'445',	'App\\Annotation'),
(176,	'2017-12-13 10:22:44',	'2017-12-13 10:22:44',	128,	'433',	'App\\Annotation'),
(177,	'2017-12-13 11:10:32',	'2017-12-13 11:10:32',	135,	'450',	'App\\Annotation'),
(178,	'2017-12-13 11:16:56',	'2017-12-13 11:16:56',	135,	'451',	'App\\Annotation'),
(179,	'2017-12-13 11:18:49',	'2017-12-13 11:18:49',	135,	'452',	'App\\Annotation'),
(180,	'2017-12-13 11:20:16',	'2017-12-13 11:20:16',	135,	'453',	'App\\Annotation'),
(181,	'2017-12-13 11:21:31',	'2017-12-13 11:21:31',	135,	'454',	'App\\Annotation'),
(182,	'2017-12-14 11:10:25',	'2017-12-14 11:10:25',	136,	'455',	'App\\Annotation'),
(183,	'2017-12-18 11:15:21',	'2017-12-18 11:15:21',	136,	'456',	'App\\Annotation'),
(184,	'2017-12-18 11:21:50',	'2017-12-18 11:21:50',	136,	'457',	'App\\Annotation'),
(185,	'2017-12-18 11:26:57',	'2017-12-18 11:26:57',	136,	'458',	'App\\Annotation'),
(186,	'2017-12-18 11:28:45',	'2017-12-18 11:28:45',	136,	'459',	'App\\Annotation'),
(187,	'2017-12-18 11:29:42',	'2017-12-18 11:29:42',	136,	'460',	'App\\Annotation'),
(188,	'2017-12-18 11:30:42',	'2017-12-18 11:30:42',	136,	'460',	'App\\Annotation'),
(189,	'2017-12-18 11:30:53',	'2017-12-18 11:30:53',	136,	'459',	'App\\Annotation'),
(190,	'2017-12-18 11:36:12',	'2017-12-18 11:36:12',	137,	'461',	'App\\Annotation'),
(191,	'2017-12-18 11:41:00',	'2017-12-18 11:41:00',	137,	'462',	'App\\Annotation'),
(192,	'2017-12-18 15:03:21',	'2017-12-18 15:03:21',	137,	'463',	'App\\Annotation'),
(193,	'2017-12-19 15:04:02',	'2017-12-19 15:04:02',	138,	'464',	'App\\Annotation'),
(194,	'2017-12-19 15:04:15',	'2017-12-19 15:04:15',	138,	'465',	'App\\Annotation'),
(195,	'2017-12-20 11:18:51',	'2017-12-20 11:18:51',	139,	'468',	'App\\Annotation'),
(196,	'2017-12-20 13:00:34',	'2017-12-20 13:00:34',	140,	'470',	'App\\Annotation'),
(197,	'2017-12-20 13:02:53',	'2017-12-20 13:02:53',	140,	'471',	'App\\Annotation'),
(198,	'2017-12-20 13:34:00',	'2017-12-20 13:34:00',	142,	'473',	'App\\Annotation'),
(199,	'2017-12-20 13:34:57',	'2017-12-20 13:34:57',	142,	'474',	'App\\Annotation'),
(200,	'2017-12-20 13:34:59',	'2017-12-20 13:34:59',	142,	'475',	'App\\Annotation'),
(201,	'2017-12-20 13:35:00',	'2017-12-20 13:35:00',	142,	'476',	'App\\Annotation'),
(202,	'2017-12-20 13:35:20',	'2017-12-20 13:35:20',	143,	'477',	'App\\Annotation'),
(203,	'2017-12-20 13:35:23',	'2017-12-20 13:35:23',	143,	'478',	'App\\Annotation'),
(204,	'2017-12-20 13:35:26',	'2017-12-20 13:35:26',	143,	'479',	'App\\Annotation'),
(205,	'2017-12-20 13:41:36',	'2017-12-20 13:41:36',	144,	'480',	'App\\Annotation'),
(206,	'2017-12-20 13:41:53',	'2017-12-20 13:41:53',	144,	'481',	'App\\Annotation'),
(207,	'2017-12-20 13:51:25',	'2017-12-20 13:51:25',	144,	'482',	'App\\Annotation'),
(210,	'2017-12-20 15:46:33',	'2017-12-20 15:46:33',	150,	'488',	'App\\Annotation'),
(212,	'2017-12-20 15:50:00',	'2017-12-20 15:50:00',	150,	'486',	'App\\Annotation'),
(213,	'2017-12-21 08:35:48',	'2017-12-21 08:35:48',	151,	'490',	'App\\Annotation'),
(214,	'2017-12-21 08:36:18',	'2017-12-21 08:36:18',	151,	'492',	'App\\Annotation'),
(215,	'2017-12-21 08:37:34',	'2017-12-21 08:37:34',	152,	'492',	'App\\Annotation'),
(216,	'2017-12-21 11:08:11',	'2017-12-21 11:08:11',	153,	'495',	'App\\Annotation'),
(218,	'2017-12-27 07:57:11',	'2017-12-27 07:57:11',	154,	'498',	'App\\Annotation'),
(219,	'2017-12-27 07:57:15',	'2017-12-27 07:57:15',	154,	'499',	'App\\Annotation'),
(220,	'2017-12-27 07:57:20',	'2017-12-27 07:57:20',	154,	'500',	'App\\Annotation'),
(222,	'2017-12-27 07:59:44',	'2017-12-27 07:59:44',	155,	'497',	'App\\Annotation'),
(223,	'2017-12-27 08:00:38',	'2017-12-27 08:00:38',	154,	'497',	'App\\Annotation'),
(224,	'2017-12-28 14:16:56',	'2017-12-28 14:16:56',	156,	'502',	'App\\Annotation'),
(225,	'2017-12-28 14:17:25',	'2017-12-28 14:17:25',	156,	'503',	'App\\Annotation'),
(226,	'2017-12-28 14:18:39',	'2017-12-28 14:18:39',	157,	'504',	'App\\Annotation'),
(227,	'2017-12-28 14:18:45',	'2017-12-28 14:18:45',	156,	'505',	'App\\Annotation'),
(228,	'2017-12-28 14:18:48',	'2017-12-28 14:18:48',	152,	'504',	'App\\Annotation'),
(229,	'2017-12-28 14:19:32',	'2017-12-28 14:19:32',	152,	'506',	'App\\Annotation'),
(230,	'2017-12-28 14:20:10',	'2017-12-28 14:20:10',	158,	'506',	'App\\Annotation'),
(231,	'2017-12-28 14:20:34',	'2017-12-28 14:20:34',	159,	'507',	'App\\Annotation'),
(232,	'2018-01-02 10:15:03',	'2018-01-02 10:15:03',	160,	'509',	'App\\Annotation'),
(233,	'2018-01-02 10:15:11',	'2018-01-02 10:15:11',	160,	'510',	'App\\Annotation'),
(234,	'2018-01-02 10:15:29',	'2018-01-02 10:15:29',	161,	'511',	'App\\Annotation'),
(235,	'2018-01-02 10:15:35',	'2018-01-02 10:15:35',	161,	'512',	'App\\Annotation'),
(236,	'2018-01-02 10:16:00',	'2018-01-02 10:16:00',	162,	'512',	'App\\Annotation'),
(237,	'2018-01-03 15:18:52',	'2018-01-03 15:18:52',	163,	'514',	'App\\Annotation'),
(238,	'2018-01-03 15:19:01',	'2018-01-03 15:19:01',	163,	'515',	'App\\Annotation'),
(239,	'2018-01-03 15:19:24',	'2018-01-03 15:19:24',	163,	'517',	'App\\Annotation'),
(240,	'2018-01-03 15:19:39',	'2018-01-03 15:19:39',	164,	'518',	'App\\Annotation'),
(241,	'2018-01-03 15:23:02',	'2018-01-03 15:23:02',	163,	'519',	'App\\Annotation'),
(242,	'2018-01-03 15:23:14',	'2018-01-03 15:23:14',	163,	'520',	'App\\Annotation'),
(243,	'2018-01-03 15:25:19',	'2018-01-03 15:25:19',	165,	'521',	'App\\Annotation'),
(244,	'2018-01-03 15:25:29',	'2018-01-03 15:25:29',	165,	'522',	'App\\Annotation'),
(245,	'2018-01-03 15:26:00',	'2018-01-03 15:26:00',	163,	'524',	'App\\Annotation'),
(246,	'2018-01-03 15:26:04',	'2018-01-03 15:26:04',	163,	'525',	'App\\Annotation'),
(247,	'2018-01-04 14:11:21',	'2018-01-04 14:11:21',	166,	'532',	'App\\Annotation'),
(248,	'2018-01-04 14:13:23',	'2018-01-04 14:13:23',	167,	'530',	'App\\Annotation'),
(249,	'2018-01-04 14:13:26',	'2018-01-04 14:13:26',	167,	'529',	'App\\Annotation'),
(250,	'2018-01-04 14:16:46',	'2018-01-04 14:16:46',	167,	'534',	'App\\Annotation'),
(251,	'2018-01-08 07:54:10',	'2018-01-08 07:54:10',	167,	'535',	'App\\Annotation'),
(256,	'2018-01-08 10:43:38',	'2018-01-08 10:43:38',	169,	'547',	'App\\Annotation'),
(259,	'2018-01-11 14:24:59',	'2018-01-11 14:24:59',	175,	'551',	'App\\Annotation'),
(264,	'2018-01-18 10:29:05',	'2018-01-18 10:29:05',	184,	'553',	'App\\Annotation'),
(265,	'2018-01-18 10:30:20',	'2018-01-18 10:30:20',	186,	'551',	'App\\Annotation'),
(266,	'2018-01-18 10:30:24',	'2018-01-18 10:30:24',	184,	'551',	'App\\Annotation'),
(267,	'2018-01-18 10:32:36',	'2018-01-18 10:32:36',	175,	'553',	'App\\Annotation'),
(268,	'2018-01-18 10:33:08',	'2018-01-18 10:33:08',	187,	'553',	'App\\Annotation'),
(269,	'2018-01-18 10:34:29',	'2018-01-18 10:34:29',	187,	'553',	'App\\Annotation'),
(272,	'2018-01-19 11:57:44',	'2018-01-19 11:57:44',	190,	'556',	'App\\Annotation'),
(274,	'2018-01-19 15:23:04',	'2018-01-19 15:23:04',	191,	'557',	'App\\Annotation'),
(276,	'2018-01-19 15:25:13',	'2018-01-19 15:25:13',	192,	'558',	'App\\Annotation'),
(277,	'2018-01-19 15:25:20',	'2018-01-19 15:25:20',	191,	'558',	'App\\Annotation'),
(278,	'2018-01-19 15:25:23',	'2018-01-19 15:25:23',	192,	'558',	'App\\Annotation'),
(279,	'2018-01-19 15:52:48',	'2018-01-19 15:52:48',	194,	'560',	'App\\Annotation'),
(280,	'2018-01-22 14:10:34',	'2018-01-22 14:10:34',	191,	'564',	'App\\Annotation'),
(281,	'2018-01-23 10:23:11',	'2018-01-23 10:23:11',	191,	'565',	'App\\Annotation'),
(282,	'2018-01-24 12:16:31',	'2018-01-24 12:16:31',	195,	'566',	'App\\Annotation'),
(284,	'2018-01-24 15:57:14',	'2018-01-24 15:57:14',	196,	'570',	'App\\Annotation'),
(285,	'2018-01-24 16:06:51',	'2018-01-24 16:06:51',	199,	'570',	'App\\Annotation'),
(286,	'2018-01-25 09:11:42',	'2018-01-25 09:11:42',	206,	'574',	'App\\Annotation'),
(287,	'2018-01-25 10:02:20',	'2018-01-25 10:02:20',	207,	'578',	'App\\Annotation'),
(288,	'2018-01-25 10:53:56',	'2018-01-25 10:53:56',	208,	'580',	'App\\Annotation'),
(289,	'2018-01-25 12:13:07',	'2018-01-25 12:13:07',	209,	'582',	'App\\Annotation'),
(290,	'2018-01-25 14:46:14',	'2018-01-25 14:46:14',	212,	'588',	'App\\Annotation'),
(291,	'2018-01-25 16:15:11',	'2018-01-25 16:15:11',	212,	'588',	'App\\Annotation'),
(292,	'2018-01-30 10:34:15',	'2018-01-30 10:34:15',	213,	'590',	'App\\Annotation'),
(293,	'2018-01-31 08:01:36',	'2018-01-31 08:01:36',	213,	'590',	'App\\Annotation'),
(294,	'2018-01-31 08:01:57',	'2018-01-31 08:01:57',	213,	'591',	'App\\Annotation'),
(295,	'2018-01-31 08:03:09',	'2018-01-31 08:03:09',	214,	'592',	'App\\Annotation'),
(296,	'2018-01-31 11:29:04',	'2018-01-31 11:29:04',	215,	'593',	'App\\Annotation'),
(297,	'2018-01-31 12:14:31',	'2018-01-31 12:14:31',	216,	'596',	'App\\Annotation'),
(298,	'2018-01-31 13:34:55',	'2018-01-31 13:34:55',	216,	'605',	'App\\Annotation'),
(299,	'2018-01-31 13:34:56',	'2018-01-31 13:34:56',	216,	'609',	'App\\Annotation'),
(300,	'2018-01-31 13:34:57',	'2018-01-31 13:34:57',	216,	'603',	'App\\Annotation'),
(301,	'2018-01-31 13:34:59',	'2018-01-31 13:34:59',	220,	'606',	'App\\Annotation'),
(302,	'2018-01-31 13:34:59',	'2018-01-31 13:34:59',	223,	'604',	'App\\Annotation'),
(303,	'2018-01-31 13:35:03',	'2018-01-31 13:35:03',	217,	'604',	'App\\Annotation'),
(304,	'2018-01-31 13:35:04',	'2018-01-31 13:35:04',	216,	'602',	'App\\Annotation'),
(305,	'2018-01-31 13:35:11',	'2018-01-31 13:35:11',	216,	'601',	'App\\Annotation'),
(306,	'2018-02-01 08:05:51',	'2018-02-01 08:05:51',	215,	'610',	'App\\Annotation'),
(307,	'2018-02-01 13:35:37',	'2018-02-01 13:35:37',	231,	'611',	'App\\Annotation'),
(308,	'2018-02-02 09:48:40',	'2018-02-02 09:48:40',	244,	'613',	'App\\Annotation'),
(309,	'2018-02-02 14:40:24',	'2018-02-02 14:40:24',	232,	'616',	'App\\Annotation'),
(310,	'2018-02-04 20:42:19',	'2018-02-04 20:42:19',	244,	'619',	'App\\Annotation'),
(311,	'2018-02-05 15:13:46',	'2018-02-05 15:13:46',	246,	'620',	'App\\Annotation'),
(312,	'2018-02-13 11:00:24',	'2018-02-13 11:00:24',	246,	'620',	'App\\Annotation'),
(313,	'2018-02-14 15:02:20',	'2018-02-14 15:02:20',	246,	'622',	'App\\Annotation'),
(314,	'2018-03-01 16:45:02',	'2018-03-01 16:45:02',	249,	'624',	'App\\Annotation'),
(315,	'2018-03-05 11:06:42',	'2018-03-05 11:06:42',	251,	'629',	'App\\Annotation'),
(316,	'2018-03-05 11:14:44',	'2018-03-05 11:14:44',	252,	'630',	'App\\Annotation'),
(317,	'2018-03-08 20:08:46',	'2018-03-08 20:08:46',	253,	'631',	'App\\Annotation'),
(318,	'2018-03-08 20:10:22',	'2018-03-08 20:10:22',	253,	'632',	'App\\Annotation'),
(319,	'2018-03-08 20:13:58',	'2018-03-08 20:13:58',	253,	'633',	'App\\Annotation'),
(320,	'2018-03-19 10:59:07',	'2018-03-19 10:59:07',	254,	'636',	'App\\Annotation'),
(321,	'2018-03-19 11:42:21',	'2018-03-19 11:42:21',	255,	'639',	'App\\Annotation'),
(323,	'2018-03-20 12:43:20',	'2018-03-20 12:43:20',	257,	'643',	'App\\Annotation'),
(324,	'2018-03-20 13:43:37',	'2018-03-20 13:43:37',	258,	'646',	'App\\Annotation'),
(325,	'2018-03-20 13:47:48',	'2018-03-20 13:47:48',	259,	'649',	'App\\Annotation'),
(326,	'2018-03-20 14:09:45',	'2018-03-20 14:09:45',	260,	'650',	'App\\Annotation'),
(327,	'2018-03-22 10:14:38',	'2018-03-22 10:14:38',	261,	'651',	'App\\Annotation'),
(328,	'2018-03-23 11:54:55',	'2018-03-23 11:54:55',	262,	'655',	'App\\Annotation'),
(329,	'2018-03-23 11:54:59',	'2018-03-23 11:54:59',	262,	'654',	'App\\Annotation'),
(330,	'2018-03-23 11:55:02',	'2018-03-23 11:55:02',	262,	'653',	'App\\Annotation'),
(331,	'2018-03-26 12:32:21',	'2018-03-26 12:32:21',	263,	'657',	'App\\Annotation'),
(332,	'2018-03-26 12:32:28',	'2018-03-26 12:32:28',	263,	'656',	'App\\Annotation'),
(333,	'2018-03-26 13:55:38',	'2018-03-26 13:55:38',	263,	'659',	'App\\Annotation'),
(334,	'2018-03-26 14:03:39',	'2018-03-26 14:03:39',	263,	'659',	'App\\Annotation'),
(335,	'2018-03-26 14:04:11',	'2018-03-26 14:04:11',	263,	'658',	'App\\Annotation'),
(336,	'2018-03-26 14:10:09',	'2018-03-26 14:10:09',	263,	'660',	'App\\Annotation'),
(337,	'2018-03-26 14:25:55',	'2018-03-26 14:25:55',	263,	'661',	'App\\Annotation'),
(338,	'2018-03-26 14:26:56',	'2018-03-26 14:26:56',	263,	'662',	'App\\Annotation'),
(339,	'2018-03-26 14:31:24',	'2018-03-26 14:31:24',	263,	'663',	'App\\Annotation'),
(340,	'2018-03-26 16:23:21',	'2018-03-26 16:23:21',	264,	'89',	'App\\Annotation'),
(341,	'2018-03-28 11:03:34',	'2018-03-28 11:03:34',	265,	'667',	'App\\Annotation'),
(342,	'2018-03-28 13:34:02',	'2018-03-28 13:34:02',	265,	'668',	'App\\Annotation'),
(343,	'2018-03-28 13:45:01',	'2018-03-28 13:45:01',	265,	'669',	'App\\Annotation'),
(344,	'2018-03-28 14:42:56',	'2018-03-28 14:42:56',	265,	'673',	'App\\Annotation'),
(345,	'2018-04-10 10:05:24',	'2018-04-10 10:05:24',	266,	'674',	'App\\Annotation'),
(346,	'2018-04-10 10:05:44',	'2018-04-10 10:05:44',	266,	'674',	'App\\Annotation'),
(347,	'2018-04-10 10:10:44',	'2018-04-10 10:10:44',	268,	'674',	'App\\Annotation'),
(349,	'2018-04-10 10:23:10',	'2018-04-10 10:23:10',	268,	'674',	'App\\Annotation'),
(350,	'2018-04-10 10:23:12',	'2018-04-10 10:23:12',	266,	'674',	'App\\Annotation'),
(351,	'2018-04-10 10:23:14',	'2018-04-10 10:23:14',	268,	'674',	'App\\Annotation'),
(352,	'2018-04-10 10:23:15',	'2018-04-10 10:23:15',	266,	'674',	'App\\Annotation'),
(353,	'2018-04-11 10:29:55',	'2018-04-11 10:29:55',	269,	'675',	'App\\Annotation');

DROP TABLE IF EXISTS `esi_video_discussions`;
CREATE TABLE `esi_video_discussions` (
  `id` int(10) unsigned NOT NULL AUTO_INCREMENT,
  `author_id` int(11) NOT NULL,
  `video_id` int(11) NOT NULL,
  `column_id` int(11) NOT NULL,
  `annotation_id` int(11) NOT NULL,
  `title` varchar(255) COLLATE utf8_unicode_ci NOT NULL,
  `annotation` text COLLATE utf8_unicode_ci,
  `created_at` timestamp NULL DEFAULT NULL,
  `updated_at` timestamp NULL DEFAULT NULL,
  PRIMARY KEY (`id`)
) ENGINE=InnoDB DEFAULT CHARSET=utf8 COLLATE=utf8_unicode_ci;

INSERT INTO `esi_video_discussions` (`id`, `author_id`, `video_id`, `column_id`, `annotation_id`, `title`, `annotation`, `created_at`, `updated_at`) VALUES
(14,	1,	197,	0,	402,	'Discussion #1!',	'an annotation',	'2017-11-21 13:52:45',	'2017-11-21 13:52:45'),
(15,	1,	197,	0,	403,	'click me..',	'this is another annotation',	'2017-11-21 15:00:06',	'2017-11-21 15:00:06'),
(16,	1,	200,	0,	404,	'Discussion 1',	'wind chime',	'2017-11-22 08:57:15',	'2017-11-22 08:57:15'),
(17,	1,	200,	0,	404,	'Discussion 2',	'wind chime',	'2017-11-22 08:58:47',	'2017-11-22 08:58:47'),
(18,	1,	199,	0,	406,	'New Discussion',	'new annotation ',	'2017-11-22 11:34:02',	'2017-11-22 11:34:02'),
(19,	1,	199,	0,	406,	'D2',	'wind chime swinging',	'2017-11-22 11:34:38',	'2017-11-22 11:34:38'),
(20,	1,	204,	0,	411,	'hi',	'hi ',	'2017-11-27 13:10:11',	'2017-11-27 13:10:11'),
(21,	1,	207,	0,	0,	'Title 1',	'St. Paul\'s Cathedral in the background',	'2017-11-28 10:44:09',	'2017-11-28 10:44:09'),
(22,	1,	217,	0,	424,	'Discussion 1',	'water on ground',	'2017-12-04 12:37:38',	'2017-12-04 12:37:38'),
(23,	1,	220,	0,	428,	'Discussion 1',	'sky and sun ',	'2017-12-08 12:01:00',	'2017-12-08 12:01:00'),
(24,	1,	220,	0,	428,	'hhh',	'sky and sun ',	'2017-12-11 13:39:13',	'2017-12-11 13:39:13'),
(25,	1,	221,	0,	431,	'hello',	'test',	'2017-12-11 14:43:57',	'2017-12-11 14:43:57'),
(26,	1,	223,	0,	439,	'title 1 ',	'Diapering more children ',	'2017-12-12 13:55:43',	'2017-12-12 13:55:43'),
(27,	1,	226,	0,	0,	'Discussion 1',	'gfdfdsgf',	'2017-12-12 19:05:44',	'2017-12-12 19:05:44'),
(28,	1,	227,	0,	445,	'Cheating or Support?',	'She looks at her peer\'s work.',	'2017-12-12 22:30:09',	'2017-12-12 22:30:09'),
(29,	1,	229,	0,	450,	'title 1',	'bubbles at park',	'2017-12-13 11:13:06',	'2017-12-13 11:13:06'),
(30,	1,	229,	0,	450,	'123',	'bubbles at park 1000000',	'2017-12-13 11:18:01',	'2017-12-13 11:18:01'),
(31,	1,	229,	0,	452,	'2',	'bubbles bubbles bubbles',	'2017-12-13 11:21:11',	'2017-12-13 11:21:11'),
(32,	1,	232,	0,	455,	'test',	'hello world',	'2017-12-14 11:29:10',	'2017-12-14 11:29:10'),
(33,	1,	232,	0,	455,	'title 1',	'hello world',	'2017-12-18 14:57:57',	'2017-12-18 14:57:57'),
(34,	1,	232,	0,	461,	'Title',	'test dos',	'2017-12-18 14:58:05',	'2017-12-18 14:58:05'),
(35,	1,	232,	0,	461,	'Title 1',	'test dos',	'2017-12-18 15:16:13',	'2017-12-18 15:16:13'),
(36,	1,	232,	0,	457,	'test',	'test test 2',	'2017-12-19 12:00:45',	'2017-12-19 12:00:45'),
(37,	1,	232,	0,	459,	'g',	'test 3',	'2017-12-19 12:01:56',	'2017-12-19 12:01:56'),
(38,	1,	232,	0,	458,	'uty',	'test 3 final ',	'2017-12-19 12:03:14',	'2017-12-19 12:03:14'),
(39,	1,	232,	0,	459,	'Title Test 1',	'test 3',	'2017-12-19 14:49:45',	'2017-12-19 14:49:45'),
(40,	1,	232,	0,	459,	'Test 12/19/17',	'test 3',	'2017-12-19 14:50:19',	'2017-12-19 14:50:19'),
(41,	1,	232,	0,	459,	'Test Title',	'test 3',	'2017-12-19 14:51:41',	'2017-12-19 14:51:41'),
(42,	1,	234,	0,	464,	'Discussion Test 1',	'Bubbles',	'2017-12-19 15:05:21',	'2017-12-19 15:05:21'),
(43,	1,	235,	0,	468,	'1',	'bubbles 1',	'2017-12-20 11:19:10',	'2017-12-20 11:19:10'),
(44,	1,	236,	0,	471,	'Discussion 1',	'puddle',	'2017-12-20 13:08:57',	'2017-12-20 13:08:57'),
(45,	1,	238,	0,	486,	'Waterproof',	'yellow boots',	'2017-12-20 15:51:07',	'2017-12-20 15:51:07'),
(46,	1,	242,	0,	492,	'Name',	'bubbles 4',	'2017-12-21 08:39:27',	'2017-12-21 08:39:27'),
(47,	1,	242,	0,	492,	'Bubbles 4 Discussion',	'bubbles 4',	'2017-12-21 08:41:17',	'2017-12-21 08:41:17'),
(48,	1,	243,	0,	497,	'Discussion Test 12/27/2017',	'Annotation 1',	'2017-12-27 08:01:50',	'2017-12-27 08:01:50'),
(49,	1,	243,	0,	498,	'Discussion 2',	'Annotation 2',	'2017-12-27 08:11:04',	'2017-12-27 08:11:04'),
(50,	1,	250,	0,	530,	'Discussion 1',	'annotation 1',	'2018-01-04 14:14:31',	'2018-01-04 14:14:31'),
(51,	1,	250,	0,	534,	'Discussion 3',	'beach',	'2018-01-04 14:17:22',	'2018-01-04 14:17:22'),
(52,	1,	250,	0,	534,	'Discussion 4',	'beach',	'2018-01-04 14:18:12',	'2018-01-04 14:18:12'),
(53,	1,	250,	0,	535,	'Nice Horses Discussion',	'nice horses ',	'2018-01-08 07:54:57',	'2018-01-08 07:54:57'),
(54,	1,	253,	0,	540,	'dsdsds',	'aSas',	'2018-01-08 10:46:58',	'2018-01-08 10:46:58'),
(55,	1,	254,	0,	551,	'Bubbles',	'bubbles 1',	'2018-01-11 14:25:27',	'2018-01-11 14:25:27'),
(56,	1,	254,	0,	553,	'Discussion 1/18',	'bubbles 3',	'2018-01-18 10:36:49',	'2018-01-18 10:36:49'),
(57,	1,	259,	0,	556,	'Test Discussion',	'asdfasdfasdfsdffsdff',	'2018-01-19 12:06:15',	'2018-01-19 12:06:15'),
(58,	1,	261,	0,	557,	'Wildlife discussion',	'wildlife',	'2018-01-19 15:31:07',	'2018-01-19 15:31:07'),
(59,	1,	261,	0,	564,	'Birds and Seals Discussion',	'birds flying and seals',	'2018-01-22 14:10:56',	'2018-01-22 14:10:56'),
(60,	1,	261,	0,	558,	'Just Birds',	'birds flying',	'2018-01-22 14:15:06',	'2018-01-22 14:15:06'),
(61,	1,	261,	0,	565,	'Animals',	'animals',	'2018-01-23 10:24:08',	'2018-01-23 10:24:08'),
(62,	1,	264,	0,	566,	'Notification test',	'hello world',	'2018-01-24 12:17:03',	'2018-01-24 12:17:03'),
(63,	1,	264,	0,	566,	'Notification test',	'hello world',	'2018-01-24 12:17:24',	'2018-01-24 12:17:24'),
(64,	1,	261,	0,	558,	'discussion test',	'birds flying',	'2018-01-24 13:39:21',	'2018-01-24 13:39:21'),
(65,	1,	261,	0,	564,	'discussion test',	'birds flying and seals',	'2018-01-24 13:40:43',	'2018-01-24 13:40:43'),
(66,	1,	261,	0,	565,	'new discussion must respond',	'animals',	'2018-01-24 14:09:11',	'2018-01-24 14:09:11'),
(67,	1,	266,	0,	570,	'blah',	'dewdwed',	'2018-01-24 16:07:10',	'2018-01-24 16:07:10'),
(68,	1,	266,	0,	570,	'blah 2',	'dewdwed',	'2018-01-24 16:07:37',	'2018-01-24 16:07:37'),
(69,	1,	270,	0,	574,	'Fun times Discussion',	'fun',	'2018-01-25 09:12:05',	'2018-01-25 09:12:05'),
(70,	1,	270,	0,	574,	'Fun times Discussion',	'fun',	'2018-01-25 09:12:09',	'2018-01-25 09:12:09'),
(71,	1,	271,	0,	578,	'Ghj',	'Ghjj',	'2018-01-25 10:03:14',	'2018-01-25 10:03:14'),
(72,	1,	271,	0,	578,	'Ghj',	'Ghjj',	'2018-01-25 10:03:19',	'2018-01-25 10:03:19'),
(73,	1,	271,	0,	578,	'Ghj',	'Ghjj',	'2018-01-25 10:03:24',	'2018-01-25 10:03:24'),
(74,	1,	279,	0,	582,	'test',	'test!!',	'2018-01-25 12:13:14',	'2018-01-25 12:13:14'),
(75,	1,	279,	0,	582,	'agagadsag',	'test!!',	'2018-01-25 12:13:59',	'2018-01-25 12:13:59'),
(76,	1,	280,	0,	588,	'sfdfsdf',	'fdsfsdf',	'2018-01-25 14:46:32',	'2018-01-25 14:46:32'),
(77,	1,	280,	0,	588,	'grgreg',	'fdsfsdf',	'2018-01-25 16:15:20',	'2018-01-25 16:15:20'),
(78,	1,	281,	0,	590,	'sdsds',	'test',	'2018-01-30 10:35:22',	'2018-01-30 10:35:22'),
(79,	1,	283,	0,	593,	'Discussion 1',	'first annotation',	'2018-01-31 11:29:25',	'2018-01-31 11:29:25'),
(80,	1,	283,	0,	593,	'New Discussion 2',	'first annotation',	'2018-01-31 11:42:39',	'2018-01-31 11:42:39'),
(81,	1,	284,	0,	596,	'Testtttt',	'children',	'2018-01-31 12:17:04',	'2018-01-31 12:17:04'),
(82,	1,	284,	0,	604,	'Bubbles',	'Children playing in bubbles',	'2018-01-31 13:37:36',	'2018-01-31 13:37:36'),
(83,	1,	284,	0,	609,	'Party',	'kids party\r\nbubbles as entertainment\r\npublic park',	'2018-01-31 13:37:37',	'2018-01-31 13:37:37'),
(84,	1,	284,	0,	605,	'Birds',	'kids having fun with bubbles',	'2018-01-31 13:37:37',	'2018-01-31 13:37:37'),
(85,	1,	284,	0,	601,	'birds',	'annotate',	'2018-01-31 13:37:38',	'2018-01-31 13:37:38'),
(86,	1,	284,	0,	596,	'Children',	'tesssssstt',	'2018-01-31 13:37:38',	'2018-01-31 13:37:38'),
(87,	1,	284,	0,	603,	'Birds',	'Kids playing with bubbles',	'2018-01-31 13:37:52',	'2018-01-31 13:37:52'),
(88,	1,	284,	0,	596,	'Question',	'children',	'2018-01-31 13:37:59',	'2018-01-31 13:37:59'),
(89,	1,	284,	0,	606,	'bubbles',	'bubbles',	'2018-01-31 13:38:10',	'2018-01-31 13:38:10'),
(90,	1,	283,	0,	593,	'zzaz',	'first annotation',	'2018-01-31 15:42:34',	'2018-01-31 15:42:34'),
(91,	159,	259,	0,	556,	'Team 3',	'Test 1 2 3 ',	'2018-02-01 08:59:34',	'2018-02-01 08:59:34'),
(92,	159,	259,	0,	556,	'Test',	'asdfasdfasdfsdffsdff',	'2018-02-01 09:10:11',	'2018-02-01 09:10:11'),
(93,	159,	259,	0,	556,	'\"\"\"',	'asdfasdfasdfsdffsdff',	'2018-02-01 09:14:55',	'2018-02-01 09:14:55'),
(94,	1,	294,	0,	611,	'sadasd',	'edsfsdfsdf',	'2018-02-01 13:37:09',	'2018-02-01 13:37:09'),
(95,	159,	293,	0,	616,	'11',	'acioej',	'2018-02-02 14:40:58',	'2018-02-02 14:40:58'),
(96,	1,	323,	0,	620,	'zcdcd',	'ayyyyy',	'2018-02-13 11:00:33',	'2018-02-13 11:00:33'),
(97,	1,	323,	0,	620,	' cvcv',	'ayyyyy',	'2018-02-22 10:58:09',	'2018-02-22 10:58:09'),
(98,	1,	323,	0,	622,	'hfthf',	'3rerwr',	'2018-02-26 13:09:42',	'2018-02-26 13:09:42'),
(99,	1,	299,	0,	613,	'Sample',	'seals!!',	'2018-02-27 09:33:53',	'2018-02-27 09:33:53'),
(100,	155,	328,	0,	624,	'jkjkjkjkj',	'lklk',	'2018-03-01 16:48:45',	'2018-03-01 16:48:45'),
(102,	155,	330,	0,	630,	'Awesome Discussion!',	'hello world',	'2018-03-05 11:16:06',	'2018-03-05 11:16:06'),
(104,	1,	329,	0,	0,	'Title edited!',	'',	'2018-03-08 10:46:33',	'2018-03-12 13:20:30'),
(106,	1,	329,	0,	0,	'No Annotation test!',	'',	'2018-03-08 12:38:27',	'2018-03-08 12:38:27'),
(107,	1,	329,	0,	629,	'Discussion from annotation',	'Look!',	'2018-03-08 12:39:39',	'2018-03-08 12:39:39'),
(108,	1,	331,	0,	0,	'Questions',	'',	'2018-03-08 20:07:18',	'2018-03-08 20:07:18'),
(109,	1,	329,	0,	0,	'New addable questions',	'',	'2018-03-12 13:46:17',	'2018-03-12 13:46:17'),
(111,	1,	329,	0,	0,	'Discussion with many questions',	'',	'2018-03-14 13:46:55',	'2018-03-14 13:46:55'),
(112,	1,	329,	0,	0,	'Multiple annotations 1',	'',	'2018-03-15 09:33:28',	'2018-03-15 09:33:28'),
(113,	1,	329,	0,	0,	'Multiple annotations 2',	'',	'2018-03-15 09:34:16',	'2018-03-15 09:34:16'),
(114,	1,	329,	0,	0,	'Multiple annotations 5',	NULL,	'2018-03-15 09:42:47',	'2018-03-15 09:42:47'),
(115,	1,	329,	0,	0,	'Multiple annotations 6',	NULL,	'2018-03-15 09:47:45',	'2018-03-15 09:47:45'),
(116,	1,	329,	0,	0,	'No annotation test 2',	NULL,	'2018-03-15 10:28:09',	'2018-03-15 10:28:09'),
(117,	1,	329,	0,	0,	'Multiple annotations 7',	NULL,	'2018-03-15 10:28:42',	'2018-03-15 10:28:42'),
(118,	1,	333,	0,	636,	'Santi 1',	NULL,	'2018-03-19 10:59:41',	'2018-03-19 10:59:41'),
(119,	1,	333,	0,	0,	'cdscsd',	NULL,	'2018-03-19 11:01:36',	'2018-03-19 11:01:36'),
(120,	1,	335,	0,	0,	'ESI',	NULL,	'2018-03-19 11:53:05',	'2018-03-19 11:53:05'),
(121,	155,	336,	0,	0,	'fdsfsdf',	NULL,	'2018-03-19 12:06:19',	'2018-03-19 12:06:19'),
(125,	1,	339,	0,	0,	'sdsadasdasdas',	NULL,	'2018-03-20 09:05:35',	'2018-03-20 09:05:35'),
(131,	1,	341,	0,	0,	'ONLY MASTER TEACHER',	NULL,	'2018-03-20 12:31:38',	'2018-03-20 12:31:38'),
(133,	1,	341,	0,	0,	'Only School Leader',	NULL,	'2018-03-20 12:54:53',	'2018-03-20 12:54:53'),
(134,	1,	341,	0,	0,	'Only Raymond',	NULL,	'2018-03-20 12:59:16',	'2018-03-20 12:59:16'),
(136,	1,	341,	0,	0,	'test 2',	NULL,	'2018-03-20 13:01:38',	'2018-03-20 13:01:38'),
(137,	1,	341,	0,	0,	'!! ONLY RAY',	NULL,	'2018-03-20 13:02:45',	'2018-03-20 13:02:45'),
(138,	1,	341,	0,	0,	'!! Test 3',	NULL,	'2018-03-20 13:08:24',	'2018-03-20 13:08:24'),
(139,	1,	341,	0,	0,	'!!! Test 4',	NULL,	'2018-03-20 13:10:39',	'2018-03-20 13:10:39'),
(140,	1,	341,	0,	0,	'ONLY TEACHER',	NULL,	'2018-03-20 13:11:20',	'2018-03-20 13:11:20'),
(141,	1,	341,	0,	0,	'!! ONLY TEACHER 2',	NULL,	'2018-03-20 13:12:07',	'2018-03-20 13:12:07'),
(142,	1,	341,	0,	0,	'!!! ONLY TEACHER',	NULL,	'2018-03-20 13:14:18',	'2018-03-20 13:14:18'),
(143,	1,	341,	0,	0,	'FINAL ONLY RAYMOND',	NULL,	'2018-03-20 13:16:22',	'2018-03-20 13:16:22'),
(144,	1,	344,	0,	0,	'Only Raymond',	NULL,	'2018-03-20 13:46:34',	'2018-03-20 13:46:34'),
(145,	1,	344,	0,	650,	'cxzczxczxc',	NULL,	'2018-03-20 15:07:26',	'2018-03-20 15:07:26'),
(146,	155,	347,	0,	651,	'TEST',	NULL,	'2018-03-22 10:15:10',	'2018-03-22 10:15:10'),
(148,	1,	344,	0,	0,	'fsdfsdf',	NULL,	'2018-03-26 09:41:18',	'2018-03-26 09:41:18'),
(149,	1,	351,	0,	0,	'Hello World',	NULL,	'2018-03-26 11:09:00',	'2018-03-26 11:09:00'),
(150,	1,	351,	0,	0,	'Discussion with questions that will be deleted',	NULL,	'2018-03-26 12:14:32',	'2018-03-26 12:14:32'),
(151,	1,	351,	0,	0,	'csdcsd',	NULL,	'2018-03-26 13:49:33',	'2018-03-26 13:49:33'),
(152,	79,	24,	0,	0,	'fsdfsd',	NULL,	'2018-03-26 15:55:36',	'2018-03-26 15:55:36'),
(153,	79,	24,	0,	0,	'dasdas',	NULL,	'2018-03-26 16:22:01',	'2018-03-26 16:22:01'),
(156,	1,	354,	0,	0,	'dasdas',	NULL,	'2018-03-27 12:21:51',	'2018-03-27 12:21:51'),
(157,	1,	354,	0,	0,	'ded',	NULL,	'2018-03-27 12:22:29',	'2018-03-27 12:22:29'),
(158,	1,	354,	0,	0,	'master T',	NULL,	'2018-03-27 12:24:18',	'2018-03-27 12:24:18'),
(159,	1,	354,	0,	0,	'master t',	NULL,	'2018-03-27 12:27:06',	'2018-03-27 12:27:06'),
(160,	1,	355,	0,	0,	'not visible to you',	NULL,	'2018-03-27 12:30:50',	'2018-03-27 12:30:50'),
(161,	1,	355,	0,	0,	'not visible to T',	NULL,	'2018-03-27 12:33:43',	'2018-03-27 12:33:43'),
(162,	1,	355,	0,	0,	'not visible to MT',	NULL,	'2018-03-27 12:34:21',	'2018-03-27 12:34:21'),
(163,	1,	355,	0,	0,	'Santi Only',	NULL,	'2018-03-27 12:36:01',	'2018-03-27 12:36:01'),
(165,	1,	357,	0,	0,	'Testtt',	NULL,	'2018-04-09 09:57:38',	'2018-04-09 09:57:38'),
(166,	154,	361,	0,	0,	'My first column h',	NULL,	'2018-04-10 10:11:13',	'2018-04-10 10:30:47'),
(167,	155,	360,	0,	0,	'To doggos or not to doggos',	NULL,	'2018-04-10 10:17:32',	'2018-04-10 10:17:32'),
(168,	155,	360,	0,	0,	'Snacks or treatz',	NULL,	'2018-04-11 08:50:38',	'2018-04-11 08:50:38'),
(169,	154,	361,	0,	0,	'Q',	NULL,	'2018-04-11 10:25:19',	'2018-04-11 10:25:19'),
(170,	154,	349,	0,	0,	'Q',	NULL,	'2018-04-11 10:27:38',	'2018-04-11 10:27:38'),
(171,	155,	359,	0,	0,	'Allie',	NULL,	'2018-04-11 10:30:51',	'2018-04-11 10:30:51');

DROP TABLE IF EXISTS `esi_video_discussion_annotations`;
CREATE TABLE `esi_video_discussion_annotations` (
  `id` int(10) unsigned NOT NULL AUTO_INCREMENT,
  `discussion_id` int(11) NOT NULL,
  `annotation_id` int(11) NOT NULL,
  `created_at` timestamp NULL DEFAULT NULL,
  `updated_at` timestamp NULL DEFAULT NULL,
  PRIMARY KEY (`id`)
) ENGINE=InnoDB DEFAULT CHARSET=utf8 COLLATE=utf8_unicode_ci;

INSERT INTO `esi_video_discussion_annotations` (`id`, `discussion_id`, `annotation_id`, `created_at`, `updated_at`) VALUES
(1,	115,	634,	'2018-03-15 09:47:45',	'2018-03-15 09:47:45'),
(2,	115,	635,	'2018-03-15 09:47:45',	'2018-03-15 09:47:45'),
(3,	117,	629,	'2018-03-15 10:28:42',	'2018-03-15 10:28:42'),
(4,	117,	634,	'2018-03-15 10:28:42',	'2018-03-15 10:28:42'),
(5,	117,	635,	'2018-03-15 10:28:42',	'2018-03-15 10:28:42'),
(6,	133,	643,	'2018-03-20 12:54:53',	'2018-03-20 12:54:53'),
(7,	134,	643,	'2018-03-20 12:59:16',	'2018-03-20 12:59:16'),
(8,	135,	643,	'2018-03-20 13:00:43',	'2018-03-20 13:00:43'),
(9,	139,	643,	'2018-03-20 13:10:39',	'2018-03-20 13:10:39'),
(10,	141,	643,	'2018-03-20 13:12:07',	'2018-03-20 13:12:07'),
(11,	149,	656,	'2018-03-26 11:09:00',	'2018-03-26 11:09:00'),
(12,	150,	657,	'2018-03-26 12:14:32',	'2018-03-26 12:14:32'),
(13,	151,	656,	'2018-03-26 13:49:33',	'2018-03-26 13:49:33'),
(14,	151,	658,	'2018-03-26 13:49:33',	'2018-03-26 13:49:33'),
(15,	153,	66,	'2018-03-26 16:22:01',	'2018-03-26 16:22:01'),
(16,	153,	67,	'2018-03-26 16:22:01',	'2018-03-26 16:22:01'),
(17,	153,	89,	'2018-03-26 16:22:01',	'2018-03-26 16:22:01'),
(18,	153,	96,	'2018-03-26 16:22:01',	'2018-03-26 16:22:01'),
(19,	165,	669,	'2018-04-09 09:57:38',	'2018-04-09 09:57:38'),
(20,	167,	674,	'2018-04-10 10:17:32',	'2018-04-10 10:17:32'),
(21,	171,	675,	'2018-04-11 10:30:51',	'2018-04-11 10:30:51');

DROP TABLE IF EXISTS `esi_video_discussion_questions`;
CREATE TABLE `esi_video_discussion_questions` (
  `id` int(10) unsigned NOT NULL AUTO_INCREMENT,
  `author_id` int(11) NOT NULL,
  `video_id` int(11) NOT NULL,
  `column_id` int(11) NOT NULL,
  `question` text COLLATE utf8_unicode_ci NOT NULL,
  `created_at` timestamp NULL DEFAULT NULL,
  `updated_at` timestamp NULL DEFAULT NULL,
  `video_discussion_id` int(11) NOT NULL,
  PRIMARY KEY (`id`)
) ENGINE=InnoDB DEFAULT CHARSET=utf8 COLLATE=utf8_unicode_ci;

INSERT INTO `esi_video_discussion_questions` (`id`, `author_id`, `video_id`, `column_id`, `question`, `created_at`, `updated_at`, `video_discussion_id`) VALUES
(23,	1,	197,	0,	'How?',	'2017-11-21 13:52:45',	'2017-11-21 13:52:45',	14),
(24,	1,	197,	0,	'Using your own words, how?',	'2017-11-21 15:00:06',	'2017-11-21 15:00:06',	15),
(25,	1,	197,	0,	'Without using the word \"x\", when did this happen?',	'2017-11-21 15:00:06',	'2017-11-21 15:00:06',	15),
(26,	1,	197,	0,	'Ignoring the fact of Y, how did it happen?',	'2017-11-21 15:00:06',	'2017-11-21 15:00:06',	15),
(27,	1,	200,	0,	'What color is the chime?',	'2017-11-22 08:57:15',	'2017-11-22 08:57:15',	16),
(28,	1,	200,	0,	'How are you?',	'2017-11-22 08:58:47',	'2017-11-22 08:58:47',	17),
(29,	1,	200,	0,	'What day is it?',	'2017-11-22 08:58:47',	'2017-11-22 08:58:47',	17),
(30,	1,	200,	0,	'How is the weather?',	'2017-11-22 08:58:47',	'2017-11-22 08:58:47',	17),
(31,	1,	199,	0,	'',	'2017-11-22 11:34:02',	'2017-11-22 11:34:02',	18),
(32,	1,	199,	0,	'',	'2017-11-22 11:34:38',	'2017-11-22 11:34:38',	19),
(33,	1,	204,	0,	'hi?',	'2017-11-27 13:10:11',	'2017-11-27 13:10:11',	20),
(34,	1,	204,	0,	'bye?',	'2017-11-27 13:10:11',	'2017-11-27 13:10:11',	20),
(35,	1,	207,	0,	'Question?',	'2017-11-28 10:44:09',	'2017-11-28 10:44:09',	21),
(36,	1,	217,	0,	'How much water was on the ground?',	'2017-12-04 12:37:38',	'2017-12-04 12:37:38',	22),
(37,	1,	220,	0,	'how are you?',	'2017-12-08 12:01:00',	'2017-12-08 12:01:00',	23),
(38,	1,	220,	0,	'how is the weather?',	'2017-12-08 12:01:00',	'2017-12-08 12:01:00',	23),
(39,	1,	220,	0,	'what day is it?',	'2017-12-08 12:01:00',	'2017-12-08 12:01:00',	23),
(40,	1,	220,	0,	'',	'2017-12-11 13:39:13',	'2017-12-11 13:39:13',	24),
(41,	1,	221,	0,	'q1',	'2017-12-11 14:43:57',	'2017-12-11 14:43:57',	25),
(42,	1,	221,	0,	'q2',	'2017-12-11 14:43:57',	'2017-12-11 14:43:57',	25),
(43,	1,	223,	0,	'how are you? ',	'2017-12-12 13:55:43',	'2017-12-12 13:55:43',	26),
(44,	1,	223,	0,	'hi ',	'2017-12-12 13:55:43',	'2017-12-12 13:55:43',	26),
(45,	1,	223,	0,	'hi again ',	'2017-12-12 13:55:43',	'2017-12-12 13:55:43',	26),
(46,	1,	226,	0,	'Who?',	'2017-12-12 19:05:44',	'2017-12-12 19:05:44',	27),
(47,	1,	226,	0,	'What?',	'2017-12-12 19:05:44',	'2017-12-12 19:05:44',	27),
(48,	1,	227,	0,	'Could students look at their peers\' work as a way to see available options?',	'2017-12-12 22:30:09',	'2017-12-12 22:30:09',	28),
(49,	1,	227,	0,	'Is this student cheating?',	'2017-12-12 22:30:09',	'2017-12-12 22:30:09',	28),
(50,	1,	229,	0,	'hi ',	'2017-12-13 11:13:06',	'2017-12-13 11:13:06',	29),
(51,	1,	229,	0,	'hi',	'2017-12-13 11:13:06',	'2017-12-13 11:13:06',	29),
(52,	1,	229,	0,	'hi',	'2017-12-13 11:13:06',	'2017-12-13 11:13:06',	29),
(53,	1,	229,	0,	'',	'2017-12-13 11:18:01',	'2017-12-13 11:18:01',	30),
(54,	1,	229,	0,	'hi',	'2017-12-13 11:21:11',	'2017-12-13 11:21:11',	31),
(55,	1,	232,	0,	'How?',	'2017-12-14 11:29:10',	'2017-12-14 11:29:10',	32),
(56,	1,	232,	0,	'Where',	'2017-12-14 11:29:10',	'2017-12-14 11:29:10',	32),
(57,	1,	232,	0,	'',	'2017-12-18 14:57:57',	'2017-12-18 14:57:57',	33),
(58,	1,	232,	0,	'',	'2017-12-18 14:58:05',	'2017-12-18 14:58:05',	34),
(59,	1,	232,	0,	'',	'2017-12-18 15:16:13',	'2017-12-18 15:16:13',	35),
(60,	1,	232,	0,	'',	'2017-12-19 12:00:45',	'2017-12-19 12:00:45',	36),
(61,	1,	232,	0,	'',	'2017-12-19 12:01:56',	'2017-12-19 12:01:56',	37),
(62,	1,	232,	0,	'',	'2017-12-19 12:03:14',	'2017-12-19 12:03:14',	38),
(63,	1,	232,	0,	'Question Test 1',	'2017-12-19 14:49:45',	'2017-12-19 14:49:45',	39),
(64,	1,	232,	0,	'Comment/Question 1 Test',	'2017-12-19 14:50:19',	'2017-12-19 14:50:19',	40),
(65,	1,	232,	0,	'Question 1',	'2017-12-19 14:51:41',	'2017-12-19 14:51:41',	41),
(66,	1,	232,	0,	'Question 2',	'2017-12-19 14:51:41',	'2017-12-19 14:51:41',	41),
(67,	1,	232,	0,	'Question 3',	'2017-12-19 14:51:41',	'2017-12-19 14:51:41',	41),
(68,	1,	234,	0,	'How are you?',	'2017-12-19 15:05:21',	'2017-12-19 15:05:21',	42),
(69,	1,	235,	0,	'question',	'2017-12-20 11:19:10',	'2017-12-20 11:19:10',	43),
(70,	1,	236,	0,	'Q1',	'2017-12-20 13:08:57',	'2017-12-20 13:08:57',	44),
(71,	1,	236,	0,	'Q2',	'2017-12-20 13:08:57',	'2017-12-20 13:08:57',	44),
(72,	1,	238,	0,	'How can you tell if they are waterproof?',	'2017-12-20 15:51:07',	'2017-12-20 15:51:07',	45),
(73,	1,	238,	0,	'Which ones are the child\'s boots?',	'2017-12-20 15:51:07',	'2017-12-20 15:51:07',	45),
(74,	1,	242,	0,	'Comment/Question 1 Test',	'2017-12-21 08:39:27',	'2017-12-21 08:39:27',	46),
(75,	1,	242,	0,	'Comment 1',	'2017-12-21 08:41:17',	'2017-12-21 08:41:17',	47),
(76,	1,	242,	0,	'Comment 2',	'2017-12-21 08:41:17',	'2017-12-21 08:41:17',	47),
(77,	1,	242,	0,	'Comment 3',	'2017-12-21 08:41:17',	'2017-12-21 08:41:17',	47),
(78,	1,	243,	0,	'How are you?',	'2017-12-27 08:01:50',	'2017-12-27 08:01:50',	48),
(79,	1,	243,	0,	'How\'s the weather today?',	'2017-12-27 08:11:04',	'2017-12-27 08:11:04',	49),
(80,	1,	250,	0,	'Hello how are you?',	'2018-01-04 14:14:31',	'2018-01-04 14:14:31',	50),
(81,	1,	250,	0,	'Question 1',	'2018-01-04 14:17:22',	'2018-01-04 14:17:22',	51),
(82,	1,	250,	0,	'Hi',	'2018-01-04 14:18:12',	'2018-01-04 14:18:12',	52),
(83,	1,	250,	0,	'Hello',	'2018-01-04 14:18:12',	'2018-01-04 14:18:12',	52),
(84,	1,	250,	0,	'Buongiorno',	'2018-01-04 14:18:12',	'2018-01-04 14:18:12',	52),
(85,	1,	250,	0,	'Peace',	'2018-01-04 14:18:12',	'2018-01-04 14:18:12',	52),
(86,	1,	250,	0,	'why?',	'2018-01-08 07:54:57',	'2018-01-08 07:54:57',	53),
(87,	1,	250,	0,	'how?',	'2018-01-08 07:54:57',	'2018-01-08 07:54:57',	53),
(88,	1,	250,	0,	'what?',	'2018-01-08 07:54:57',	'2018-01-08 07:54:57',	53),
(89,	1,	253,	0,	'dsds',	'2018-01-08 10:46:58',	'2018-01-08 10:46:58',	54),
(90,	1,	253,	0,	'sdsdsd',	'2018-01-08 10:46:58',	'2018-01-08 10:46:58',	54),
(91,	1,	254,	0,	'How many bubbles are there?',	'2018-01-11 14:25:27',	'2018-01-11 14:25:27',	55),
(92,	1,	254,	0,	'Question 1',	'2018-01-18 10:36:49',	'2018-01-18 10:36:49',	56),
(93,	1,	259,	0,	'How?',	'2018-01-19 12:06:15',	'2018-01-19 12:06:15',	57),
(94,	1,	261,	0,	'Question 1',	'2018-01-19 15:31:07',	'2018-01-19 15:31:07',	58),
(95,	1,	261,	0,	'When did the seals appear in the video?',	'2018-01-22 14:10:56',	'2018-01-22 14:10:56',	59),
(96,	1,	261,	0,	'How many times are birds seen in this video?',	'2018-01-22 14:15:06',	'2018-01-22 14:15:06',	60),
(97,	1,	261,	0,	'What animals did you see?',	'2018-01-23 10:24:08',	'2018-01-23 10:24:08',	61),
(98,	1,	261,	0,	'How are the animals different?',	'2018-01-23 10:24:08',	'2018-01-23 10:24:08',	61),
(99,	1,	264,	0,	'test',	'2018-01-24 12:17:03',	'2018-01-24 12:17:03',	62),
(100,	1,	264,	0,	'test',	'2018-01-24 12:17:24',	'2018-01-24 12:17:24',	63),
(101,	1,	261,	0,	'test',	'2018-01-24 13:39:21',	'2018-01-24 13:39:21',	64),
(102,	1,	261,	0,	'test',	'2018-01-24 13:40:43',	'2018-01-24 13:40:43',	65),
(103,	1,	261,	0,	'what?',	'2018-01-24 14:09:11',	'2018-01-24 14:09:11',	66),
(104,	1,	279,	0,	'adsgsad',	'2018-01-25 12:13:59',	'2018-01-25 12:13:59',	75),
(105,	1,	280,	0,	'dfsdfs',	'2018-01-25 14:46:32',	'2018-01-25 14:46:32',	76),
(106,	1,	280,	0,	'rgergre',	'2018-01-25 16:15:20',	'2018-01-25 16:15:20',	77),
(107,	1,	281,	0,	'dsdsd',	'2018-01-30 10:35:22',	'2018-01-30 10:35:22',	78),
(108,	1,	281,	0,	'dsds',	'2018-01-30 10:35:22',	'2018-01-30 10:35:22',	78),
(109,	1,	281,	0,	'dsd',	'2018-01-30 10:35:22',	'2018-01-30 10:35:22',	78),
(110,	1,	283,	0,	'Hello',	'2018-01-31 11:29:25',	'2018-01-31 11:29:25',	79),
(111,	1,	283,	0,	'hellooooo',	'2018-01-31 11:42:39',	'2018-01-31 11:42:39',	80),
(112,	1,	284,	0,	'questionnnnn',	'2018-01-31 12:17:04',	'2018-01-31 12:17:04',	81),
(113,	1,	284,	0,	'What do you think about the children playing in the bubbles?',	'2018-01-31 13:37:36',	'2018-01-31 13:37:36',	82),
(114,	1,	284,	0,	'Is this a birthday party?',	'2018-01-31 13:37:37',	'2018-01-31 13:37:37',	83),
(115,	1,	284,	0,	'Do the bubbles remind you of birds?',	'2018-01-31 13:37:37',	'2018-01-31 13:37:37',	84),
(116,	1,	284,	0,	'what do you think of the birds?',	'2018-01-31 13:37:38',	'2018-01-31 13:37:38',	85),
(117,	1,	284,	0,	'What are the children playing?',	'2018-01-31 13:37:38',	'2018-01-31 13:37:38',	86),
(118,	1,	284,	0,	'What do you think about birds?',	'2018-01-31 13:37:52',	'2018-01-31 13:37:52',	87),
(119,	1,	284,	0,	'Are they children playing?',	'2018-01-31 13:37:59',	'2018-01-31 13:37:59',	88),
(120,	1,	284,	0,	'how big are the bubbles',	'2018-01-31 13:38:10',	'2018-01-31 13:38:10',	89),
(121,	1,	284,	0,	'how big are the bubbles?',	'2018-01-31 13:38:10',	'2018-01-31 13:38:10',	89),
(122,	1,	283,	0,	'zaza',	'2018-01-31 15:42:34',	'2018-01-31 15:42:34',	90),
(123,	1,	283,	0,	'zaz',	'2018-01-31 15:42:34',	'2018-01-31 15:42:34',	90),
(124,	159,	259,	0,	'Test ?',	'2018-02-01 08:59:34',	'2018-02-01 08:59:34',	91),
(125,	159,	259,	0,	'Test 1?',	'2018-02-01 08:59:34',	'2018-02-01 08:59:34',	91),
(126,	159,	259,	0,	'Huh?',	'2018-02-01 09:10:11',	'2018-02-01 09:10:11',	92),
(127,	159,	259,	0,	'!\"#$%&/()=?',	'2018-02-01 09:14:55',	'2018-02-01 09:14:55',	93),
(128,	1,	294,	0,	'asdasda',	'2018-02-01 13:37:09',	'2018-02-01 13:37:09',	94),
(129,	159,	293,	0,	'th',	'2018-02-02 14:40:58',	'2018-02-02 14:40:58',	95),
(130,	1,	323,	0,	'cdcs',	'2018-02-13 11:00:33',	'2018-02-13 11:00:33',	96),
(131,	1,	323,	0,	'fdfd',	'2018-02-22 10:58:09',	'2018-02-22 10:58:09',	97),
(132,	1,	323,	0,	'fdfd',	'2018-02-22 10:58:09',	'2018-02-22 10:58:09',	97),
(133,	1,	323,	0,	'fdff',	'2018-02-22 10:58:09',	'2018-02-22 10:58:09',	97),
(134,	1,	323,	0,	'fthth',	'2018-02-26 13:09:42',	'2018-02-26 13:09:42',	98),
(135,	1,	299,	0,	'Are these birds?',	'2018-02-27 09:33:53',	'2018-02-27 09:33:53',	99),
(136,	1,	299,	0,	'Are these seals?',	'2018-02-27 09:33:53',	'2018-02-27 09:33:53',	99),
(137,	155,	328,	0,	'kjllkjlkj',	'2018-03-01 16:48:45',	'2018-03-01 16:48:45',	100),
(138,	1,	329,	0,	'Where was he?',	'2018-03-05 11:07:06',	'2018-03-05 11:07:06',	101),
(139,	155,	330,	0,	'Why?',	'2018-03-05 11:16:06',	'2018-03-05 11:16:06',	102),
(140,	1,	329,	0,	'fdsfdafsa',	'2018-03-06 15:40:47',	'2018-03-06 15:40:47',	103),
(141,	1,	329,	0,	'dSCxzcz',	'2018-03-06 15:40:47',	'2018-03-06 15:40:47',	103),
(142,	1,	329,	0,	'Where was the man???',	'2018-03-08 10:46:33',	'2018-03-12 13:20:30',	104),
(143,	1,	329,	0,	'dyurtyu',	'2018-03-08 12:37:23',	'2018-03-12 13:44:43',	105),
(144,	1,	329,	0,	'34234',	'2018-03-08 12:38:27',	'2018-03-12 13:44:20',	106),
(145,	1,	329,	0,	'Will it blend?',	'2018-03-08 12:38:27',	'2018-03-08 12:38:27',	106),
(146,	1,	329,	0,	'What do you think?',	'2018-03-08 12:39:39',	'2018-03-08 12:39:39',	107),
(147,	1,	329,	0,	'Where are you?',	'2018-03-08 12:39:39',	'2018-03-08 12:39:39',	107),
(148,	1,	331,	0,	'Who is this?',	'2018-03-08 20:07:18',	'2018-03-08 20:07:18',	108),
(149,	1,	331,	0,	'Where is she?',	'2018-03-08 20:07:18',	'2018-03-08 20:07:18',	108),
(150,	1,	329,	0,	'Can they be added?',	'2018-03-12 13:46:17',	'2018-03-12 13:46:17',	109),
(151,	1,	329,	0,	'Can you try it?',	'2018-03-12 13:46:17',	'2018-03-12 13:46:17',	109),
(157,	1,	329,	0,	'Where was the man?',	'2018-03-14 13:46:55',	'2018-03-14 13:46:55',	111),
(158,	1,	329,	0,	'How tall is the man?',	'2018-03-14 13:46:55',	'2018-03-14 13:46:55',	111),
(159,	1,	329,	0,	'Where was the man born?',	'2018-03-14 13:46:55',	'2018-03-14 13:46:55',	111),
(160,	1,	329,	0,	'How much does the man weigh?',	'2018-03-14 13:47:33',	'2018-03-14 13:47:33',	111),
(161,	1,	329,	0,	'What does the man eat?',	'2018-03-14 13:47:33',	'2018-03-14 13:47:33',	111),
(162,	1,	329,	0,	'At what time did the man wake up?',	'2018-03-14 13:47:33',	'2018-03-14 13:47:33',	111),
(163,	1,	329,	0,	'How?',	'2018-03-15 09:42:47',	'2018-03-15 09:42:47',	114),
(164,	1,	329,	0,	'Where?',	'2018-03-15 09:42:47',	'2018-03-15 09:42:47',	114),
(165,	1,	329,	0,	'Why?',	'2018-03-15 09:47:45',	'2018-03-15 09:47:45',	115),
(166,	1,	329,	0,	'How?',	'2018-03-15 09:47:45',	'2018-03-15 09:47:45',	115),
(167,	1,	329,	0,	'But why?',	'2018-03-15 10:28:09',	'2018-03-15 10:28:09',	116),
(168,	1,	329,	0,	'And how?',	'2018-03-15 10:28:09',	'2018-03-15 10:28:09',	116),
(169,	1,	329,	0,	'3 annotations! How cool is that?',	'2018-03-15 10:28:42',	'2018-03-15 10:28:42',	117),
(170,	1,	329,	0,	'What do you think about it?',	'2018-03-15 10:28:42',	'2018-03-15 10:28:42',	117),
(171,	1,	333,	0,	'Santi 1',	'2018-03-19 10:59:41',	'2018-03-19 10:59:41',	118),
(172,	1,	333,	0,	'Santi 1',	'2018-03-19 10:59:41',	'2018-03-19 10:59:41',	118),
(173,	1,	333,	0,	'Santi 1',	'2018-03-19 10:59:41',	'2018-03-19 10:59:41',	118),
(174,	1,	333,	0,	'cxcdc',	'2018-03-19 11:01:36',	'2018-03-19 11:01:36',	119),
(175,	1,	335,	0,	'ESI',	'2018-03-19 11:53:05',	'2018-03-19 11:53:05',	120),
(176,	1,	335,	0,	'ESI',	'2018-03-19 11:53:05',	'2018-03-19 11:53:05',	120),
(177,	1,	335,	0,	'ESI',	'2018-03-19 11:53:05',	'2018-03-19 11:53:05',	120),
(178,	155,	336,	0,	'dfsdfsdfsdf',	'2018-03-19 12:06:19',	'2018-03-19 12:06:19',	121),
(189,	1,	339,	0,	'sfsdfsdfsdfsdf',	'2018-03-20 09:01:14',	'2018-03-20 09:01:14',	123),
(190,	1,	339,	0,	'sdasdasdasd',	'2018-03-20 09:02:48',	'2018-03-20 09:02:48',	124),
(191,	1,	339,	0,	'sadasdasdsad',	'2018-03-20 09:05:35',	'2018-03-20 09:05:35',	125),
(192,	1,	341,	0,	'Hello?',	'2018-03-20 10:53:14',	'2018-03-20 10:53:14',	126),
(193,	1,	341,	0,	'Where is the animal?',	'2018-03-20 10:53:14',	'2018-03-20 10:53:14',	126),
(194,	1,	341,	0,	'But why?',	'2018-03-20 10:53:54',	'2018-03-20 10:53:54',	127),
(195,	1,	341,	0,	'And how?',	'2018-03-20 10:53:54',	'2018-03-20 10:53:54',	127),
(196,	1,	341,	0,	'Why?',	'2018-03-20 11:00:04',	'2018-03-20 11:00:04',	129),
(197,	1,	341,	0,	'How?',	'2018-03-20 11:00:04',	'2018-03-20 11:00:04',	129),
(198,	1,	341,	0,	'Hello?',	'2018-03-20 12:28:16',	'2018-03-20 12:28:16',	130),
(199,	1,	341,	0,	'Why?',	'2018-03-20 12:31:38',	'2018-03-20 12:31:38',	131),
(200,	1,	341,	0,	'But why did he wake up?',	'2018-03-20 12:45:16',	'2018-03-20 12:45:16',	132),
(201,	1,	341,	0,	'Why?',	'2018-03-20 12:54:53',	'2018-03-20 12:54:53',	133),
(202,	1,	341,	0,	'!!!',	'2018-03-20 12:59:16',	'2018-03-20 12:59:16',	134),
(203,	1,	341,	0,	'DE',	'2018-03-20 13:00:43',	'2018-03-20 13:00:43',	135),
(204,	1,	341,	0,	'hello?',	'2018-03-20 13:02:45',	'2018-03-20 13:02:45',	137),
(205,	1,	341,	0,	'Hello?',	'2018-03-20 13:08:24',	'2018-03-20 13:08:24',	138),
(206,	1,	341,	0,	'HELLO?',	'2018-03-20 13:10:39',	'2018-03-20 13:10:39',	139),
(207,	1,	341,	0,	'?',	'2018-03-20 13:11:20',	'2018-03-20 13:11:20',	140),
(208,	1,	341,	0,	'HI?',	'2018-03-20 13:12:07',	'2018-03-20 13:12:07',	141),
(209,	1,	341,	0,	'HELLO',	'2018-03-20 13:14:18',	'2018-03-20 13:14:18',	142),
(210,	1,	341,	0,	'Why?',	'2018-03-20 13:16:22',	'2018-03-20 13:16:22',	143),
(211,	1,	344,	0,	'Why are you there?',	'2018-03-20 13:46:34',	'2018-03-20 13:46:34',	144),
(212,	1,	344,	0,	'cxzczxczxc',	'2018-03-20 15:07:26',	'2018-03-20 15:07:26',	145),
(213,	155,	347,	0,	'aeaWE',	'2018-03-22 10:15:10',	'2018-03-22 10:15:10',	146),
(214,	155,	348,	0,	'dfsdfsd',	'2018-03-23 13:15:06',	'2018-03-23 13:15:06',	147),
(215,	1,	344,	0,	'fsdfsdf',	'2018-03-26 09:41:18',	'2018-03-26 09:41:18',	148),
(216,	1,	344,	0,	'sdfsdfs',	'2018-03-26 09:41:18',	'2018-03-26 09:41:18',	148),
(217,	1,	344,	0,	'fdsfsdf',	'2018-03-26 09:41:18',	'2018-03-26 09:41:18',	148),
(218,	1,	344,	0,	'dfsdfs',	'2018-03-26 09:41:18',	'2018-03-26 09:41:18',	148),
(219,	1,	351,	0,	'Test 1',	'2018-03-26 11:09:00',	'2018-03-26 11:09:00',	149),
(220,	1,	351,	0,	'Test 2',	'2018-03-26 11:09:00',	'2018-03-26 11:09:00',	149),
(223,	1,	351,	0,	'cdcsdcd',	'2018-03-26 13:49:33',	'2018-03-26 13:49:33',	151),
(224,	79,	24,	0,	'fdsfsd',	'2018-03-26 15:55:36',	'2018-03-26 15:55:36',	152),
(225,	79,	24,	0,	'sadasdasdad',	'2018-03-26 16:22:01',	'2018-03-26 16:22:01',	153),
(226,	1,	353,	0,	'fsdfsdf',	'2018-03-27 12:13:10',	'2018-03-27 12:13:10',	154),
(227,	1,	353,	0,	'dfsdfsdfs',	'2018-03-27 12:15:52',	'2018-03-27 12:15:52',	155),
(228,	1,	354,	0,	'sadasda',	'2018-03-27 12:21:51',	'2018-03-27 12:21:51',	156),
(229,	1,	354,	0,	'fthth',	'2018-03-27 12:22:29',	'2018-03-27 12:22:29',	157),
(230,	1,	354,	0,	'dsfsdf',	'2018-03-27 12:24:18',	'2018-03-27 12:24:18',	158),
(231,	1,	354,	0,	'sASa',	'2018-03-27 12:27:06',	'2018-03-27 12:27:06',	159),
(232,	1,	355,	0,	'sdsad',	'2018-03-27 12:30:50',	'2018-03-27 12:30:50',	160),
(233,	1,	355,	0,	'vdssf',	'2018-03-27 12:33:43',	'2018-03-27 12:33:43',	161),
(234,	1,	355,	0,	'dasdas',	'2018-03-27 12:34:21',	'2018-03-27 12:34:21',	162),
(235,	1,	355,	0,	'dsda',	'2018-03-27 12:36:01',	'2018-03-27 12:36:01',	163),
(236,	1,	357,	0,	'dsad',	'2018-03-27 12:45:56',	'2018-03-27 12:45:56',	164),
(237,	1,	357,	0,	'Hello',	'2018-04-09 09:57:38',	'2018-04-09 09:57:38',	165),
(238,	1,	357,	0,	'Hi',	'2018-04-09 09:57:38',	'2018-04-09 09:57:38',	165),
(240,	155,	360,	0,	'But does the woof like walks?',	'2018-04-10 10:17:32',	'2018-04-10 10:17:32',	167),
(241,	155,	360,	0,	'Give reason for possible barking:?',	'2018-04-10 10:17:32',	'2018-04-10 10:17:32',	167),
(242,	155,	360,	0,	'Idk which?',	'2018-04-11 08:50:38',	'2018-04-11 08:50:38',	168),
(243,	154,	361,	0,	'Rrr',	'2018-04-11 10:25:19',	'2018-04-11 10:25:19',	169),
(244,	154,	349,	0,	'Hello',	'2018-04-11 10:27:38',	'2018-04-11 10:27:38',	170),
(245,	155,	359,	0,	'Maybe both',	'2018-04-11 10:30:51',	'2018-04-11 10:30:51',	171);

DROP TABLE IF EXISTS `esi_video_discussion_question_answers`;
CREATE TABLE `esi_video_discussion_question_answers` (
  `id` int(10) unsigned NOT NULL AUTO_INCREMENT,
  `author_id` int(11) NOT NULL,
  `video_discussion_id` int(11) NOT NULL,
  `video_discussion_question_id` int(11) NOT NULL,
  `created_at` timestamp NULL DEFAULT NULL,
  `updated_at` timestamp NULL DEFAULT NULL,
  `question_id` int(11) NOT NULL,
  `answer` text COLLATE utf8_unicode_ci NOT NULL,
  `is_draft` int(11) NOT NULL DEFAULT '0',
  PRIMARY KEY (`id`)
) ENGINE=InnoDB DEFAULT CHARSET=utf8 COLLATE=utf8_unicode_ci;

INSERT INTO `esi_video_discussion_question_answers` (`id`, `author_id`, `video_discussion_id`, `video_discussion_question_id`, `created_at`, `updated_at`, `question_id`, `answer`, `is_draft`) VALUES
(1,	1,	14,	23,	'2017-11-21 14:50:45',	'2017-11-21 14:50:45',	23,	'Like that!',	0),
(2,	1,	14,	23,	'2017-11-21 14:52:52',	'2017-11-21 14:52:52',	23,	'Another answer!!!',	0),
(3,	1,	14,	23,	'2017-11-21 14:58:20',	'2017-11-21 14:58:20',	23,	'42.',	0),
(4,	1,	15,	24,	'2017-11-21 15:00:22',	'2017-11-21 15:00:22',	24,	'because #1',	0),
(5,	1,	15,	25,	'2017-11-21 15:00:22',	'2017-11-21 15:00:22',	25,	'number 2',	0),
(6,	1,	15,	26,	'2017-11-21 15:00:22',	'2017-11-21 15:00:22',	26,	'number 3',	0),
(7,	1,	15,	24,	'2017-11-21 15:47:17',	'2017-11-21 15:47:17',	24,	'test #2.1',	0),
(8,	1,	15,	25,	'2017-11-21 15:47:17',	'2017-11-21 15:47:17',	25,	'test #2.2',	0),
(9,	1,	15,	26,	'2017-11-21 15:47:17',	'2017-11-21 15:47:17',	26,	'test #3.3',	0),
(13,	1,	15,	24,	'2017-11-21 16:45:42',	'2017-11-21 16:45:42',	24,	'ef',	0),
(15,	1,	15,	26,	'2017-11-21 16:45:42',	'2017-11-21 16:45:42',	26,	'ewqqew',	0),
(16,	1,	15,	24,	'2017-11-21 16:46:22',	'2017-11-21 16:46:22',	24,	'dfg',	0),
(17,	1,	15,	25,	'2017-11-21 16:46:22',	'2017-11-21 16:46:22',	25,	'sfda',	0),
(18,	1,	15,	26,	'2017-11-21 16:46:22',	'2017-11-21 16:46:22',	26,	'qwe',	0),
(19,	1,	16,	27,	'2017-11-22 08:57:33',	'2017-11-22 08:57:33',	27,	'grey',	0),
(20,	1,	20,	33,	'2017-11-27 13:10:34',	'2017-11-27 13:10:34',	33,	'no',	0),
(21,	1,	20,	34,	'2017-11-27 13:10:34',	'2017-11-27 13:10:34',	34,	'yes',	0),
(22,	1,	21,	35,	'2017-11-28 10:48:29',	'2017-11-28 10:48:29',	35,	'Answer',	0),
(23,	1,	21,	35,	'2017-11-28 10:49:07',	'2017-11-28 10:49:07',	35,	'Answer 2',	0),
(24,	1,	22,	36,	'2017-12-04 12:38:01',	'2017-12-04 12:38:01',	36,	'Not that much ',	0),
(25,	1,	23,	37,	'2017-12-08 12:01:55',	'2017-12-08 12:01:55',	37,	'good. and you?',	0),
(26,	1,	23,	38,	'2017-12-08 12:01:55',	'2017-12-08 12:01:55',	38,	'it is hot outside',	0),
(27,	1,	23,	39,	'2017-12-08 12:01:55',	'2017-12-08 12:01:55',	39,	'today is friday ',	0),
(28,	154,	26,	43,	'2017-12-12 14:02:11',	'2017-12-12 14:02:11',	43,	'hello ',	0),
(29,	154,	26,	44,	'2017-12-12 14:02:11',	'2017-12-12 14:02:11',	44,	'232',	0),
(30,	154,	26,	45,	'2017-12-12 14:02:11',	'2017-12-12 14:02:11',	45,	'33232',	0),
(31,	1,	26,	43,	'2017-12-12 14:05:40',	'2017-12-12 14:05:40',	43,	'aewfaWEF',	0),
(32,	1,	26,	44,	'2017-12-12 14:05:40',	'2017-12-12 14:05:40',	44,	'AWEGAWGF',	0),
(33,	1,	26,	45,	'2017-12-12 14:05:40',	'2017-12-12 14:05:40',	45,	'Awegarg',	0),
(34,	154,	26,	43,	'2017-12-12 14:06:32',	'2017-12-12 14:06:32',	43,	'gfgf',	0),
(35,	154,	26,	44,	'2017-12-12 14:06:32',	'2017-12-12 14:06:32',	44,	'cbv',	0),
(36,	154,	26,	45,	'2017-12-12 14:06:32',	'2017-12-12 14:06:32',	45,	'gfgf',	0),
(37,	1,	27,	46,	'2017-12-12 19:06:51',	'2017-12-12 19:06:51',	46,	'this is the answer',	0),
(38,	1,	27,	47,	'2017-12-12 19:06:51',	'2017-12-12 19:06:51',	47,	'ok, this is the answer.',	0),
(39,	1,	28,	48,	'2017-12-12 22:35:59',	'2017-12-12 22:35:59',	48,	'Yes, sometimes students observe peer work to see the results of the way they performed the task.',	0),
(40,	1,	28,	49,	'2017-12-12 22:35:59',	'2017-12-12 22:35:59',	49,	'No, if she looked over and copied the other peer without hesitation it would be considered cheating, however, if you continue to observe, you will notice that she tries several different methods before deciding the best way to complete the task.',	0),
(41,	1,	29,	50,	'2017-12-13 11:15:48',	'2017-12-13 11:15:48',	50,	'hello',	0),
(42,	1,	29,	51,	'2017-12-13 11:15:48',	'2017-12-13 11:15:48',	51,	'hello',	0),
(43,	1,	29,	52,	'2017-12-13 11:15:48',	'2017-12-13 11:15:48',	52,	'hello',	0),
(44,	1,	30,	53,	'2017-12-13 11:22:49',	'2017-12-13 11:22:49',	53,	'aefbaebveb',	0),
(45,	145,	27,	46,	'2017-12-13 12:21:03',	'2017-12-13 12:21:03',	46,	'test',	0),
(46,	145,	27,	47,	'2017-12-13 12:21:03',	'2017-12-13 12:21:03',	47,	'test',	0),
(47,	1,	41,	65,	'2017-12-19 14:52:28',	'2017-12-19 14:52:28',	65,	'Hello',	0),
(48,	1,	41,	66,	'2017-12-19 14:52:28',	'2017-12-19 14:52:28',	66,	'How are you?',	0),
(49,	1,	41,	67,	'2017-12-19 14:52:28',	'2017-12-19 14:52:28',	67,	'Hello',	0),
(50,	1,	42,	68,	'2017-12-19 15:07:10',	'2017-12-19 15:07:10',	68,	'Hi',	0),
(51,	1,	44,	70,	'2017-12-20 13:10:16',	'2017-12-20 13:10:16',	70,	'hthgv',	0),
(52,	1,	44,	71,	'2017-12-20 13:10:16',	'2017-12-20 13:10:16',	71,	'jlgvljv',	0),
(53,	1,	46,	74,	'2017-12-21 08:39:42',	'2017-12-21 08:39:42',	74,	'Test Response',	0),
(54,	1,	47,	75,	'2017-12-21 08:41:38',	'2017-12-21 08:41:38',	75,	'Reply 1',	0),
(55,	1,	47,	76,	'2017-12-21 08:41:38',	'2017-12-21 08:41:38',	76,	'Reply 2',	0),
(56,	1,	47,	77,	'2017-12-21 08:41:38',	'2017-12-21 08:41:38',	77,	'Reply 3',	0),
(57,	1,	48,	78,	'2017-12-27 08:02:27',	'2017-12-27 08:02:27',	78,	'Good, how are you?',	0),
(58,	1,	50,	80,	'2018-01-04 14:20:51',	'2018-01-04 14:20:51',	80,	'Hi',	0),
(59,	154,	56,	92,	'2018-01-18 10:38:59',	'2018-01-18 10:38:59',	92,	'Reply1',	0),
(60,	1,	56,	92,	'2018-01-18 10:39:31',	'2018-01-18 10:39:31',	92,	'hi',	0),
(61,	1,	58,	94,	'2018-01-19 15:33:04',	'2018-01-19 15:33:04',	94,	'hello there',	0),
(65,	1,	58,	94,	'2018-01-22 13:21:34',	'2018-01-22 13:21:34',	94,	'hello world',	0),
(66,	1,	59,	95,	'2018-01-22 14:11:51',	'2018-01-22 14:11:51',	95,	'Somewhere in the middle of the video.',	0),
(67,	1,	59,	95,	'2018-01-22 14:12:03',	'2018-01-22 14:12:03',	95,	'',	0),
(68,	1,	60,	96,	'2018-01-22 14:22:23',	'2018-01-22 14:22:23',	96,	'5',	0),
(69,	1,	61,	97,	'2018-01-23 10:25:22',	'2018-01-23 10:25:22',	97,	'Horses',	0),
(70,	1,	61,	98,	'2018-01-23 10:25:22',	'2018-01-23 10:25:22',	98,	'One has four legs',	0),
(71,	1,	65,	102,	'2018-01-24 13:52:00',	'2018-01-24 13:52:00',	102,	'response!!!!',	0),
(72,	1,	65,	102,	'2018-01-24 13:53:55',	'2018-01-24 13:53:55',	102,	'another response!',	0),
(73,	1,	65,	102,	'2018-01-24 13:58:26',	'2018-01-24 13:58:26',	102,	'another response! again!',	0),
(74,	1,	65,	102,	'2018-01-24 14:00:43',	'2018-01-24 14:00:43',	102,	'another response! again!lkj',	0),
(75,	1,	65,	102,	'2018-01-24 14:02:57',	'2018-01-24 14:02:57',	102,	'another response! again!lkj',	0),
(76,	1,	65,	102,	'2018-01-24 14:04:09',	'2018-01-24 14:04:09',	102,	'another response! again!lkj',	0),
(77,	1,	66,	103,	'2018-01-24 14:10:08',	'2018-01-24 14:10:08',	103,	'response!',	0),
(78,	149,	66,	103,	'2018-01-24 14:35:06',	'2018-01-24 14:35:06',	103,	'response!',	0),
(79,	149,	66,	103,	'2018-01-24 14:36:21',	'2018-01-24 14:36:21',	103,	'response!',	0),
(80,	149,	66,	103,	'2018-01-24 14:37:37',	'2018-01-24 14:37:37',	103,	'response!',	0),
(81,	149,	66,	103,	'2018-01-24 14:40:10',	'2018-01-24 14:40:10',	103,	'ftyurytu',	0),
(82,	149,	66,	103,	'2018-01-24 14:41:34',	'2018-01-24 14:41:34',	103,	'ftyurytu',	0),
(83,	149,	66,	103,	'2018-01-24 14:43:27',	'2018-01-24 14:43:27',	103,	'ftyurytu',	0),
(84,	149,	66,	103,	'2018-01-24 14:55:05',	'2018-01-24 14:55:05',	103,	'qwe',	0),
(85,	149,	66,	103,	'2018-01-24 14:55:51',	'2018-01-24 14:55:51',	103,	'qwe',	0),
(86,	1,	66,	103,	'2018-01-24 14:57:31',	'2018-01-24 14:57:31',	103,	'response!',	0),
(87,	149,	66,	103,	'2018-01-24 15:14:35',	'2018-01-24 15:14:35',	103,	'qwe',	0),
(88,	149,	66,	103,	'2018-01-24 15:17:09',	'2018-01-24 15:17:09',	103,	'qwe',	0),
(89,	149,	66,	103,	'2018-01-24 15:19:11',	'2018-01-24 15:19:11',	103,	'qwe',	0),
(90,	149,	66,	103,	'2018-01-24 15:19:37',	'2018-01-24 15:19:37',	103,	'qwe',	0),
(91,	1,	66,	103,	'2018-01-24 15:23:23',	'2018-01-24 15:23:23',	103,	'test',	0),
(92,	1,	75,	104,	'2018-01-25 12:15:46',	'2018-01-25 12:15:46',	104,	'test',	0),
(93,	1,	76,	105,	'2018-01-25 16:15:30',	'2018-01-25 16:15:30',	105,	'grgergreg',	0),
(94,	1,	76,	105,	'2018-01-25 16:17:01',	'2018-01-25 16:17:01',	105,	'gfdgdfg',	0),
(95,	1,	78,	107,	'2018-01-30 10:35:39',	'2018-01-30 10:35:39',	107,	'fsfdsdfsd',	0),
(96,	1,	78,	108,	'2018-01-30 10:35:39',	'2018-01-30 10:35:39',	108,	'fdsf',	0),
(97,	1,	78,	109,	'2018-01-30 10:35:39',	'2018-01-30 10:35:39',	109,	'dfsf',	0),
(98,	1,	79,	110,	'2018-01-31 11:29:39',	'2018-01-31 11:29:39',	110,	'Hi, how are you?',	0),
(99,	1,	79,	110,	'2018-01-31 11:30:51',	'2018-01-31 11:30:51',	110,	'Hiiii',	0),
(100,	1,	79,	110,	'2018-01-31 11:41:56',	'2018-01-31 11:41:56',	110,	'hiiiiiii',	0),
(101,	1,	80,	111,	'2018-01-31 11:43:50',	'2018-01-31 11:43:50',	111,	'bkjeb;fob',	0),
(102,	1,	81,	112,	'2018-01-31 12:18:31',	'2018-01-31 12:18:31',	112,	'helloooo',	0),
(103,	1,	81,	112,	'2018-01-31 12:18:55',	'2018-01-31 12:18:55',	112,	'My new response',	0),
(104,	159,	57,	93,	'2018-02-01 08:45:30',	'2018-02-01 08:45:30',	93,	'Testing',	0),
(105,	159,	57,	93,	'2018-02-01 08:45:59',	'2018-02-01 08:45:59',	93,	'Test',	0),
(106,	159,	57,	93,	'2018-02-01 08:58:28',	'2018-02-01 08:58:28',	93,	'Team 3',	0),
(107,	159,	55,	91,	'2018-02-01 09:04:43',	'2018-02-01 09:04:43',	91,	'5',	0),
(108,	159,	91,	124,	'2018-02-01 09:05:46',	'2018-02-01 09:05:46',	124,	'1',	0),
(109,	159,	91,	125,	'2018-02-01 09:05:46',	'2018-02-01 09:05:46',	125,	'2',	0),
(110,	159,	93,	127,	'2018-02-01 09:15:21',	'2018-02-01 09:15:21',	127,	'Team 2 test discussion response',	0),
(111,	1,	79,	110,	'2018-02-01 11:10:58',	'2018-02-01 11:10:58',	110,	'',	0),
(112,	1,	80,	111,	'2018-02-01 11:11:02',	'2018-02-01 11:11:02',	111,	'',	0),
(113,	1,	79,	110,	'2018-02-01 11:11:03',	'2018-02-01 11:11:03',	110,	'',	0),
(114,	1,	94,	128,	'2018-02-01 13:39:56',	'2018-02-01 13:39:56',	128,	'dasds',	0),
(115,	1,	94,	128,	'2018-02-01 13:41:13',	'2018-02-01 13:41:13',	128,	'sdasda',	0),
(116,	154,	56,	92,	'2018-02-01 14:19:49',	'2018-02-01 14:19:49',	92,	'spring',	0),
(117,	154,	51,	81,	'2018-02-02 08:33:25',	'2018-02-02 08:33:25',	81,	'playa',	0),
(118,	154,	51,	81,	'2018-02-02 08:33:49',	'2018-02-02 08:33:49',	81,	'beach\r\n',	0),
(119,	154,	55,	91,	'2018-02-02 08:57:43',	'2018-02-02 08:57:43',	91,	'3',	0),
(120,	154,	56,	92,	'2018-02-02 08:59:11',	'2018-02-02 08:59:11',	92,	'*',	0),
(121,	154,	56,	92,	'2018-02-02 09:05:39',	'2018-02-02 09:05:39',	92,	'yfcyg',	0),
(122,	154,	56,	92,	'2018-02-02 09:10:35',	'2018-02-02 09:10:35',	92,	'ewd',	0),
(123,	154,	50,	80,	'2018-02-02 09:14:48',	'2018-02-02 09:14:48',	80,	'Hi',	0),
(124,	154,	52,	82,	'2018-02-02 09:43:37',	'2018-02-02 09:43:37',	82,	'Hello',	0),
(125,	154,	52,	83,	'2018-02-02 09:43:37',	'2018-02-02 09:43:37',	83,	'Hi',	0),
(126,	154,	52,	84,	'2018-02-02 09:43:37',	'2018-02-02 09:43:37',	84,	'I dont know what that is ',	0),
(127,	154,	52,	85,	'2018-02-02 09:43:37',	'2018-02-02 09:43:37',	85,	'Love ',	0),
(128,	154,	56,	92,	'2018-02-02 13:52:18',	'2018-02-02 13:52:18',	92,	'sevesdvs',	0),
(129,	159,	95,	129,	'2018-02-02 14:41:25',	'2018-02-02 14:41:25',	129,	'123123nhikolaiekm',	0),
(130,	1,	96,	130,	'2018-02-13 11:00:40',	'2018-02-13 11:00:40',	130,	'cdcsdc',	0),
(131,	1,	97,	131,	'2018-02-22 10:58:47',	'2018-02-22 10:58:47',	131,	'fsfdgfg',	0),
(132,	1,	97,	132,	'2018-02-22 10:58:47',	'2018-02-22 10:58:47',	132,	'gfdgd',	0),
(133,	1,	97,	133,	'2018-02-22 10:58:47',	'2018-02-22 10:58:47',	133,	'fgdfg',	0),
(134,	155,	100,	137,	'2018-03-01 16:52:00',	'2018-03-01 16:52:00',	137,	'my response to the question',	0),
(135,	155,	100,	137,	'2018-03-02 10:47:39',	'2018-03-02 10:47:39',	137,	'xczxczxc',	0),
(136,	154,	98,	134,	'2018-03-02 11:09:45',	'2018-03-02 11:09:45',	134,	'd',	0),
(137,	1,	106,	144,	'2018-03-08 12:38:39',	'2018-03-08 12:38:39',	144,	'Yes it works!',	0),
(138,	1,	106,	145,	'2018-03-08 12:38:39',	'2018-03-08 12:38:39',	145,	'Of course!',	0),
(139,	1,	108,	148,	'2018-03-08 20:15:06',	'2018-03-08 20:15:06',	148,	'She is Aria.',	0),
(140,	1,	108,	149,	'2018-03-08 20:15:06',	'2018-03-08 20:15:06',	149,	'At her house.',	0),
(155,	1,	109,	150,	'2018-03-12 14:40:42',	'2018-03-12 14:40:42',	150,	'Super draft! How cool is this draft feature?\r\n\r\n\r\n',	0),
(156,	1,	109,	151,	'2018-03-12 14:40:42',	'2018-03-12 14:40:42',	151,	'Hello world\r\n\r\n\r\n',	0),
(161,	1,	110,	154,	'2018-03-13 10:08:07',	'2018-03-13 10:08:07',	154,	'dfsdfsdf',	0),
(162,	1,	110,	155,	'2018-03-13 10:08:07',	'2018-03-13 10:08:07',	155,	'sdfsdfsdf',	0),
(163,	1,	110,	156,	'2018-03-13 10:08:07',	'2018-03-13 10:08:07',	156,	'sdfsdfsdfsdfs',	0),
(164,	1,	107,	146,	'2018-03-13 10:45:45',	'2018-03-13 10:45:45',	146,	'Its great!',	0),
(165,	1,	107,	147,	'2018-03-13 10:45:45',	'2018-03-13 10:45:45',	147,	'In Miami!',	0),
(167,	1,	107,	147,	'2018-03-13 11:29:43',	'2018-03-13 11:29:43',	147,	'',	0),
(170,	1,	107,	146,	'2018-03-13 11:38:03',	'2018-03-13 11:38:03',	146,	'Oh yeah!',	0),
(172,	1,	109,	150,	'2018-03-14 13:45:39',	'2018-03-14 13:45:39',	150,	'DRAFT',	1),
(173,	1,	109,	151,	'2018-03-14 13:45:39',	'2018-03-14 13:45:39',	151,	'',	1),
(174,	1,	111,	157,	'2018-03-14 13:48:07',	'2018-03-14 13:48:07',	157,	'He was in Miami, FL.',	0),
(176,	1,	111,	159,	'2018-03-14 13:48:07',	'2018-03-14 13:48:07',	159,	'I believe in Cuba.',	0),
(177,	1,	111,	160,	'2018-03-14 13:48:07',	'2018-03-14 13:48:07',	160,	'1 pound',	0),
(178,	1,	111,	161,	'2018-03-14 13:48:07',	'2018-03-14 13:48:07',	161,	'Food',	0),
(179,	1,	111,	162,	'2018-03-14 13:48:07',	'2018-03-14 13:48:07',	162,	'7am',	0),
(180,	154,	111,	157,	'2018-03-14 13:49:22',	'2018-03-14 13:49:22',	157,	'He was in Miami Beach!',	0),
(181,	154,	111,	158,	'2018-03-14 13:49:22',	'2018-03-14 13:49:22',	158,	'About 6 foot 7 inches.',	0),
(182,	154,	111,	159,	'2018-03-14 13:49:22',	'2018-03-14 13:49:22',	159,	'La Havana, Cuba',	0),
(183,	154,	111,	160,	'2018-03-14 13:49:22',	'2018-03-14 13:49:22',	160,	'One pound',	0),
(184,	154,	111,	161,	'2018-03-14 13:49:22',	'2018-03-14 13:49:22',	161,	'He ate strawberries',	0),
(185,	154,	111,	162,	'2018-03-14 13:49:22',	'2018-03-14 13:49:22',	162,	'Around 6:55am',	0),
(186,	1,	119,	174,	'2018-03-19 11:01:45',	'2018-03-19 11:01:45',	174,	'cdcsdcd',	0),
(187,	1,	119,	174,	'2018-03-19 11:01:56',	'2018-03-19 11:01:56',	174,	'cdcsdc',	0),
(188,	1,	118,	171,	'2018-03-19 11:02:52',	'2018-03-19 11:02:52',	171,	'csdcsdc',	1),
(189,	1,	118,	172,	'2018-03-19 11:02:52',	'2018-03-19 11:02:52',	172,	'sdasdsad',	1),
(190,	1,	118,	173,	'2018-03-19 11:02:52',	'2018-03-19 11:02:52',	173,	'sdasdasd',	1),
(191,	1,	119,	174,	'2018-03-19 11:46:46',	'2018-03-19 11:46:46',	174,	'dfsdfsdf',	0),
(195,	155,	120,	175,	'2018-03-19 11:56:33',	'2018-03-19 11:56:33',	175,	'hello',	0),
(196,	155,	120,	176,	'2018-03-19 11:56:33',	'2018-03-19 11:56:33',	176,	'hi',	0),
(197,	155,	120,	177,	'2018-03-19 11:56:33',	'2018-03-19 11:56:33',	177,	'hiya',	0),
(201,	1,	120,	175,	'2018-03-19 11:58:32',	'2018-03-19 11:58:32',	175,	'jhh',	0),
(202,	1,	120,	176,	'2018-03-19 11:58:32',	'2018-03-19 11:58:32',	176,	'hkhkj',	0),
(203,	1,	120,	177,	'2018-03-19 11:58:32',	'2018-03-19 11:58:32',	177,	'kjhkhk',	0),
(207,	154,	120,	175,	'2018-03-19 12:02:21',	'2018-03-19 12:02:21',	175,	'1',	0),
(208,	154,	120,	176,	'2018-03-19 12:02:21',	'2018-03-19 12:02:21',	176,	'2',	0),
(209,	154,	120,	177,	'2018-03-19 12:02:21',	'2018-03-19 12:02:21',	177,	'3',	0),
(211,	154,	121,	178,	'2018-03-19 12:07:10',	'2018-03-19 12:07:10',	178,	'helloooo',	0),
(213,	155,	121,	178,	'2018-03-19 12:07:36',	'2018-03-19 12:07:36',	178,	'ASASASA',	0),
(214,	154,	122,	179,	'2018-03-19 12:15:14',	'2018-03-19 12:15:14',	179,	'rrrr',	1),
(215,	154,	122,	180,	'2018-03-19 12:15:14',	'2018-03-19 12:15:14',	180,	'rrrrr',	1),
(216,	154,	122,	181,	'2018-03-19 12:15:14',	'2018-03-19 12:15:14',	181,	'rrrrrr',	1),
(217,	154,	122,	182,	'2018-03-19 12:15:14',	'2018-03-19 12:15:14',	182,	'rrrrrrrrrrrrr',	1),
(218,	154,	122,	183,	'2018-03-19 12:15:14',	'2018-03-19 12:15:14',	183,	'rrrrrrrrrrrrrrrrrrrr',	1),
(219,	154,	122,	184,	'2018-03-19 12:15:14',	'2018-03-19 12:15:14',	184,	'rrrrrrrrrrrrrrrrrrrrrrrrr',	1),
(220,	154,	122,	185,	'2018-03-19 12:16:09',	'2018-03-19 12:16:09',	185,	'ngoa',	0),
(221,	154,	122,	186,	'2018-03-19 12:16:09',	'2018-03-19 12:16:09',	186,	'gae',	0),
(222,	154,	122,	187,	'2018-03-19 12:16:09',	'2018-03-19 12:16:09',	187,	'fafg',	0),
(223,	154,	122,	188,	'2018-03-19 12:16:09',	'2018-03-19 12:16:09',	188,	'gsrg',	0),
(224,	154,	122,	188,	'2018-03-19 12:16:57',	'2018-03-19 12:16:57',	188,	'hi',	0),
(225,	1,	124,	190,	'2018-03-20 09:04:18',	'2018-03-20 09:04:18',	190,	'',	1),
(226,	154,	132,	200,	'2018-03-20 12:52:07',	'2018-03-20 12:52:07',	200,	'Test!',	0),
(227,	1,	145,	212,	'2018-03-20 15:07:38',	'2018-03-20 15:07:38',	212,	'gfgfdgdfg',	0),
(228,	1,	148,	215,	'2018-03-26 09:43:13',	'2018-03-26 09:43:13',	215,	'fsdfsdf',	0),
(229,	1,	148,	216,	'2018-03-26 09:43:13',	'2018-03-26 09:43:13',	216,	'sfsdfsd',	0),
(230,	1,	148,	217,	'2018-03-26 09:43:13',	'2018-03-26 09:43:13',	217,	'sdfsdfs',	0),
(231,	1,	148,	218,	'2018-03-26 09:43:13',	'2018-03-26 09:43:13',	218,	'sdfsdfs',	0),
(232,	79,	152,	224,	'2018-03-26 15:55:42',	'2018-03-26 15:55:42',	224,	'dfsfs',	0),
(233,	155,	154,	226,	'2018-03-27 12:14:50',	'2018-03-27 12:14:50',	226,	'Hi',	0),
(234,	154,	164,	236,	'2018-03-27 12:46:18',	'2018-03-27 12:46:18',	236,	'1',	0),
(235,	1,	111,	157,	'2018-04-09 09:57:58',	'2018-04-09 09:57:58',	157,	'',	0),
(237,	154,	111,	157,	'2018-04-10 10:20:50',	'2018-04-10 10:20:50',	157,	'Reply to question',	0),
(238,	155,	111,	157,	'2018-04-10 10:24:37',	'2018-04-10 10:24:37',	157,	'',	0),
(239,	1,	111,	157,	'2018-04-10 10:27:34',	'2018-04-10 10:27:34',	157,	'test',	0),
(240,	1,	111,	157,	'2018-04-10 10:31:53',	'2018-04-10 10:31:53',	157,	'test',	0),
(241,	1,	111,	157,	'2018-04-10 10:32:04',	'2018-04-10 10:32:04',	157,	'test draft',	0),
(242,	1,	111,	157,	'2018-04-10 10:32:49',	'2018-04-10 10:32:49',	157,	'test test',	0),
(243,	1,	111,	157,	'2018-04-10 10:33:52',	'2018-04-10 10:33:52',	157,	'draft',	0),
(245,	1,	111,	157,	'2018-04-10 10:35:58',	'2018-04-10 10:35:58',	157,	'draft@@@@!!!!!',	1),
(246,	1,	111,	158,	'2018-04-10 11:01:20',	'2018-04-10 11:01:20',	158,	'HE WAS SUPER TALL!',	0),
(248,	1,	111,	159,	'2018-04-10 11:08:57',	'2018-04-10 11:08:57',	159,	'',	1),
(249,	155,	168,	242,	'2018-04-11 08:52:29',	'2018-04-11 08:52:29',	242,	'I think snacks',	0),
(251,	155,	168,	242,	'2018-04-11 08:53:44',	'2018-04-11 08:53:44',	242,	'I think treatz',	0),
(252,	155,	167,	240,	'2018-04-11 09:14:45',	'2018-04-11 09:14:45',	240,	'I think doggo likes walk',	0),
(253,	154,	169,	243,	'2018-04-11 10:25:30',	'2018-04-11 10:25:30',	243,	'Hi',	0),
(254,	154,	170,	244,	'2018-04-11 10:28:11',	'2018-04-11 10:28:11',	244,	'Hi',	1),
(255,	155,	171,	245,	'2018-04-11 10:31:17',	'2018-04-11 10:31:17',	245,	'Yes! Both',	0);

-- 2018-04-19 03:29:15
